Symbol,LTP,BidPrice,BidQty,AskPrice,AskQty,TotalBuyQty,TotalSellQty,LiquidityScore,SMMA20,SMMA120,Signal,Current_LTQ,LTQ_2min_avg,LTQ_5min_avg,LTQ_Spike_Ratio,ETQ_5min,ETQ_20min,ETQ_60min,Average_LTP_20min,Average_LTP_60min,BidAsk_Imbalance,Volume,Return_1,Return_5,ML_Probability,ML_Confidence,ML_Decision,AI_Reason,base_symbol,token,symbol,name,exch_seg
NSE:ZENSARTECH-EQ,495.7,495.3,47,495.55,1,98916,178444,277360,494.72,499.55,NONE,10,10.0,10.0,1.0,10,10,10,495.7,495.7,0.9583,318209,0,0,0.6997,69.97,ACCEPT,No new SMMA crossover,ZENSARTECH,1076,ZENSARTECH-EQ,ZENSARTECH,NSE
NSE:POCL-EQ,490.05,489.25,22,489.75,8,50135,104383,154518,490.68,492.63,NONE,8,8.0,8.0,1.0,8,8,8,490.05,490.05,0.4667,111297,0,0,0.6854,68.54,ACCEPT,No new SMMA crossover,POCL,14385,POCL-EQ,POCL,NSE
NSE:EXIDEIND-EQ,486.4,486.35,2835,486.4,4750,116959,643774,760733,487.71,485.28,NONE,1,1.0,1.0,1.0,1,1,1,486.4,486.4,-0.2525,2444557,0,0,0.1334,13.34,AVOID,No new SMMA crossover,EXIDEIND,676,EXIDEIND-EQ,EXIDEIND,NSE
NSE:OIL-EQ,471.3,471.3,3736,471.35,4,386564,541645,928209,470.66,463.31,NONE,12,12.0,12.0,1.0,12,12,12,471.3,471.3,0.9979,1746122,0,0,0.5756,57.56,ACCEPT,No new SMMA crossover,OIL,17438,OIL-EQ,OIL,NSE
NSE:VAML-EQ,466.95,466.95,543,467.0,5491,603726,919365,1523091,468.09,472.15,NONE,24,24.0,24.0,1.0,24,24,24,466.95,466.95,-0.82,6813856,0,0,0.2048,20.48,AVOID,No new SMMA crossover,VAML,750174,VAML-EQ,VAML,NSE
NSE:TRANSRAILL-EQ,465.8,465.7,20,465.85,172,71029,121820,192849,468.11,475.95,NONE,24,24.0,24.0,1.0,24,24,24,465.8,465.8,-0.7917,195842,0,0,0.5544,55.44,ACCEPT,No new SMMA crossover,TRANSRAILL,28714,TRANSRAILL-EQ,TRANSRAILL,NSE
NSE:BALUFORGE-EQ,457.15,457.15,67,457.6,4,52407,132502,184909,458.09,459.54,NONE,12,12.0,12.0,1.0,12,12,12,457.15,457.15,0.8873,143732,0,0,0.6636,66.36,ACCEPT,No new SMMA crossover,BALUFORGE,23607,BALUFORGE-EQ,BALUFORGE,NSE
NSE:TMCV-EQ,456.6,456.5,323,456.6,776,296220,680637,976857,453.53,451.81,NONE,7,7.0,7.0,1.0,7,7,7,456.6,456.6,-0.4122,4917580,0,0,0.1507,15.07,AVOID,No new SMMA crossover,TMCV,759782,TMCV-EQ,TMCV,NSE
NSE:DYCL-EQ,453.2,453.25,11,453.5,1,70514,242248,312762,451.42,430.09,NONE,3,3.0,3.0,1.0,3,3,3,453.2,453.2,0.8333,1246444,0,0,0.5899,58.99,ACCEPT,No new SMMA crossover,DYCL,10417,DYCL-EQ,DYCL,NSE
NSE:NRBBEARING-EQ,451.45,451.15,25,451.45,403,41798,116562,158360,452.16,458.48,NONE,31,31.0,31.0,1.0,31,31,31,451.45,451.45,-0.8832,247011,0,0,0.4502,45.02,AVOID,No new SMMA crossover,NRBBEARING,7553,NRBBEARING-EQ,NRBBEARING,NSE
NSE:APOLLOTYRE-EQ,442.5,442.45,555,442.5,916,72862,215960,288822,443.49,444.85,NONE,3,3.0,3.0,1.0,3,3,3,442.5,442.5,-0.2454,330935,0,0,0.1397,13.97,AVOID,No new SMMA crossover,APOLLOTYRE,163,APOLLOTYRE-EQ,APOLLOTYRE,NSE
NSE:AEROFLEX-EQ,440.85,440.8,21,441.05,31,112766,237356,350122,439.55,430.82,NONE,32,32.0,32.0,1.0,32,32,32,440.85,440.85,-0.1923,1295081,0,0,0.397,39.7,AVOID,No new SMMA crossover,AEROFLEX,18268,AEROFLEX-EQ,AEROFLEX,NSE
NSE:SIS-EQ,440.45,440.3,21,440.75,4,44543,113734,158277,440.08,435.74,NONE,5,5.0,5.0,1.0,5,5,5,440.45,440.45,0.68,48832,0,0,0.6857,68.57,ACCEPT,No new SMMA crossover,SIS,21501,SIS-EQ,SIS,NSE
NSE:VBL-EQ,435.45,435.25,160,435.4,110,451812,452069,903881,436.06,441.15,NONE,58,58.0,58.0,1.0,58,58,58,435.45,435.45,0.1852,1038973,0,0,0.4315,43.15,AVOID,No new SMMA crossover,VBL,18921,VBL-EQ,VBL,NSE
NSE:MIDHANI-EQ,433.6,433.5,24,433.6,3,56522,313993,370515,432.57,430.78,NONE,18,18.0,18.0,1.0,18,18,18,433.6,433.6,0.7778,416738,0,0,0.6448,64.48,ACCEPT,No new SMMA crossover,MIDHANI,2463,MIDHANI-EQ,MIDHANI,NSE
NSE:ELECON-EQ,433.2,433.05,11,433.3,55,51416,104638,156054,434.59,437.33,NONE,12,12.0,12.0,1.0,12,12,12,433.2,433.2,-0.6667,243373,0,0,0.6553,65.53,ACCEPT,No new SMMA crossover,ELECON,13643,ELECON-EQ,ELECON,NSE
NSE:SIRCA-EQ,432.7,432.5,200,432.7,10,285237,44922,330159,436.32,445.41,NONE,5,5.0,5.0,1.0,5,5,5,432.7,432.7,0.9048,83928,0,0,0.5982,59.82,ACCEPT,No new SMMA crossover,SIRCA,11050,SIRCA-EQ,SIRCA,NSE
NSE:BIOCON-EQ,427.7,427.5,654,427.55,5,524620,643367,1167987,427.11,426.26,NONE,39,39.0,39.0,1.0,39,39,39,427.7,427.7,0.9848,1797054,0,0,0.5416,54.16,ACCEPT,No new SMMA crossover,BIOCON,11373,BIOCON-EQ,BIOCON,NSE
NSE:LTFOODS-EQ,426.2,426.05,33,426.1,1,64269,124904,189173,423.21,421.17,NONE,3,3.0,3.0,1.0,3,3,3,426.2,426.2,0.9412,177010,0,0,0.6482,64.82,ACCEPT,No new SMMA crossover,LTFOODS,13816,LTFOODS-EQ,LTFOODS,NSE
NSE:AARTIDRUGS-EQ,423.95,423.4,4,423.95,53,25762,103055,128817,432.52,429.07,NONE,56,56.0,56.0,1.0,56,56,56,423.95,423.95,-0.8596,246540,0,0,0.6869,68.69,ACCEPT,No new SMMA crossover,AARTIDRUGS,4481,AARTIDRUGS-EQ,AARTIDRUGS,NSE
NSE:AMBUJACEM-EQ,420.3,420.3,116,420.4,18,422462,414240,836702,420.53,427.84,NONE,1,1.0,1.0,1.0,1,1,1,420.3,420.3,0.7313,2789321,0,0,0.4863,48.63,AVOID,No new SMMA crossover,AMBUJACEM,1270,AMBUJACEM-EQ,AMBUJACEM,NSE
NSE:NATIONALUM-EQ,417.0,416.9,27,416.95,29,1182402,1907379,3089781,413.73,393.68,NONE,5,5.0,5.0,1.0,5,5,5,417.0,417.0,-0.0357,26541262,0,0,0.3981,39.81,AVOID,No new SMMA crossover,NATIONALUM,6364,NATIONALUM-EQ,NATIONALUM,NSE
NSE:LICI-EQ,408.75,408.75,2577,408.8,969,803732,1970544,2774276,408.31,402.38,NONE,56,56.0,56.0,1.0,56,56,56,408.75,408.75,0.4535,7759892,0,0,0.1847,18.47,AVOID,No new SMMA crossover,LICI,9480,LICI-EQ,LICI,NSE
NSE:SYNGENE-EQ,407.65,407.6,10,407.65,78,79572,157394,236966,407.93,405.34,NONE,2,2.0,2.0,1.0,2,2,2,407.65,407.65,-0.7727,386260,0,0,0.5296,52.96,ACCEPT,No new SMMA crossover,SYNGENE,10243,SYNGENE-EQ,SYNGENE,NSE
NSE:BHEL-EQ,407.5,407.45,182,407.5,3797,831295,1092413,1923708,406.15,406.54,NONE,8,8.0,8.0,1.0,8,8,8,407.5,407.5,-0.9085,4185232,0,0,0.1469,14.69,AVOID,No new SMMA crossover,BHEL,438,BHEL-EQ,BHEL,NSE
NSE:ABCAPITAL-EQ,404.2,404.15,665,404.2,385,448443,490827,939270,404.76,407.99,NONE,4,4.0,4.0,1.0,4,4,4,404.2,404.2,0.2667,1378382,0,0,0.163,16.3,AVOID,No new SMMA crossover,ABCAPITAL,21614,ABCAPITAL-EQ,ABCAPITAL,NSE
NSE:ASIANENE-EQ,401.9,401.65,6,402.15,8,24675,131465,156140,403.48,403.52,SELL,5,5.0,5.0,1.0,5,5,5,401.9,401.9,-0.1429,126696,0,0,0.7017,70.17,ACCEPT,"ACCEPT — ML probability >= 50%, negative bid/ask imbalance",ASIANENE,7030,ASIANENE-EQ,ASIANENE,NSE
NSE:BEL-EQ,401.15,401.1,178,401.15,254,879501,2049053,2928554,401.47,401.23,NONE,2,2.0,2.0,1.0,2,2,2,401.15,401.15,-0.1759,5314182,0,0,0.1942,19.42,AVOID,No new SMMA crossover,BEL,383,BEL-EQ,BEL,NSE
NSE:M&MFIN-EQ,395.3,395.25,133,395.3,3,320412,293750,614162,398.03,403.13,NONE,1,1.0,1.0,1.0,1,1,1,395.3,395.3,0.9559,2142688,0,0,0.6512,65.12,ACCEPT,No new SMMA crossover,M&MFIN,13285,M&MFIN-EQ,M&MFIN,NSE
NSE:HAPPSTMNDS-EQ,388.0,388.05,4,388.25,18,88418,151466,239884,389.37,397.33,NONE,11,11.0,11.0,1.0,11,11,11,388.0,388.0,-0.6364,382141,0,0,0.723,72.3,ACCEPT,No new SMMA crossover,HAPPSTMNDS,48,HAPPSTMNDS-EQ,HAPPSTMNDS,NSE
NSE:HINDPETRO-EQ,386.75,386.7,1065,386.75,438,1086344,1444707,2531051,388.3,391.39,NONE,100,100.0,100.0,1.0,100,100,100,386.75,386.75,0.4172,5894827,0,0,0.1671,16.71,AVOID,No new SMMA crossover,HINDPETRO,1406,HINDPETRO-EQ,HINDPETRO,NSE
NSE:APOLLO-EQ,383.25,383.25,52,383.4,121,291371,753090,1044461,384.87,390.42,NONE,7,7.0,7.0,1.0,7,7,7,383.25,383.25,-0.3988,1724793,0,0,0.3,30.0,AVOID,No new SMMA crossover,APOLLO,1134,APOLLO-EQ,APOLLO,NSE
NSE:PFC-EQ,377.1,377.1,414,377.25,925,986022,874927,1860949,377.89,389.61,NONE,3,3.0,3.0,1.0,3,3,3,377.1,377.1,-0.3816,5146007,0,0,0.1275,12.75,AVOID,No new SMMA crossover,PFC,14299,PFC-EQ,PFC,NSE
NSE:GOLDIAM-EQ,375.35,375.0,13,375.3,47,146258,325869,472127,376.44,378.96,NONE,16,16.0,16.0,1.0,16,16,16,375.35,375.35,-0.5667,671563,0,0,0.4895,48.95,AVOID,No new SMMA crossover,GOLDIAM,11971,GOLDIAM-EQ,GOLDIAM,NSE
NSE:TATAPOWER-EQ,375.15,375.2,637,375.4,1001,519026,670349,1189375,376.06,378.53,NONE,35,35.0,35.0,1.0,35,35,35,375.15,375.15,-0.2222,1962408,0,0,0.215,21.5,AVOID,No new SMMA crossover,TATAPOWER,3426,TATAPOWER-EQ,TATAPOWER,NSE
NSE:INDUSTOWER-EQ,373.85,373.85,1699,373.9,92,549452,654673,1204125,373.53,375.54,NONE,1,1.0,1.0,1.0,1,1,1,373.85,373.85,0.8973,4246210,0,0,0.3255,32.55,AVOID,No new SMMA crossover,INDUSTOWER,29135,INDUSTOWER-EQ,INDUSTOWER,NSE
NSE:ACMESOLAR-EQ,370.9,370.75,1,370.95,55,65032,159739,224771,370.07,369.02,NONE,22,22.0,22.0,1.0,22,22,22,370.9,370.9,-0.9643,250739,0,0,0.6454,64.54,ACCEPT,No new SMMA crossover,ACMESOLAR,27061,ACMESOLAR-EQ,ACMESOLAR,NSE
NSE:TATACAP-EQ,368.85,368.85,9,368.9,43,137376,293337,430713,368.15,368.52,NONE,44,44.0,44.0,1.0,44,44,44,368.85,368.85,-0.6538,679414,0,0,0.6166,61.66,ACCEPT,No new SMMA crossover,TATACAP,759265,TATACAP-EQ,TATACAP,NSE
NSE:BAJAJELEC-EQ,364.35,364.2,55,364.5,15,74445,109915,184360,364.28,363.71,NONE,94,94.0,94.0,1.0,94,94,94,364.35,364.35,0.5714,231366,0,0,0.7434,74.34,ACCEPT,No new SMMA crossover,BAJAJELEC,15034,BAJAJELEC-EQ,BAJAJELEC,NSE
NSE:SENCO-EQ,358.65,358.4,424,358.65,194,211132,420678,631810,366.01,388.45,NONE,17,17.0,17.0,1.0,17,17,17,358.65,358.65,0.3722,3531641,0,0,0.2219,22.19,AVOID,No new SMMA crossover,SENCO,17271,SENCO-EQ,SENCO,NSE
NSE:SUNFLAG-EQ,357.8,357.55,109,357.8,12,40131,100654,140785,364.88,374.57,NONE,77,77.0,77.0,1.0,77,77,77,357.8,357.8,0.8017,173576,0,0,0.7018,70.18,ACCEPT,No new SMMA crossover,SUNFLAG,3348,SUNFLAG-EQ,SUNFLAG,NSE
NSE:FEDERALBNK-EQ,355.4,355.35,45,355.4,97,439498,572542,1012040,355.87,355.26,NONE,4,4.0,4.0,1.0,4,4,4,355.4,355.4,-0.3662,929735,0,0,0.3781,37.81,AVOID,No new SMMA crossover,FEDERALBNK,1023,FEDERALBNK-EQ,FEDERALBNK,NSE
NSE:GICRE-EQ,353.7,353.6,100,353.7,87,102922,207226,310148,354.39,355.68,NONE,13,13.0,13.0,1.0,13,13,13,353.7,353.7,0.0695,240743,0,0,0.518,51.8,ACCEPT,No new SMMA crossover,GICRE,277,GICRE-EQ,GICRE,NSE
NSE:MANAPPURAM-EQ,352.95,352.8,196,352.95,303,783708,2079002,2862710,355.26,362.45,NONE,70,70.0,70.0,1.0,70,70,70,352.95,352.95,-0.2144,26210567,0,0,0.1952,19.52,AVOID,No new SMMA crossover,MANAPPURAM,19061,MANAPPURAM-EQ,MANAPPURAM,NSE
NSE:NAZARA-EQ,352.15,352.1,17,352.25,70,296824,365445,662269,352.76,353.07,NONE,50,50.0,50.0,1.0,50,50,50,352.15,352.15,-0.6092,444195,0,0,0.6253,62.53,ACCEPT,No new SMMA crossover,NAZARA,2987,NAZARA-EQ,NAZARA,NSE
NSE:EQUAL50ADD-EQ,348.0,347.85,3,348.07,57628,249851,332202,582053,348.75,350.66,NONE,10,10.0,10.0,1.0,10,10,10,348.0,348.0,-0.9999,3347,0,0,0.2704,27.04,AVOID,No new SMMA crossover,EQUAL50ADD,6606,EQUAL50ADD-EQ,EQUAL50ADD,NSE
NSE:HLEGLAS-EQ,345.65,345.35,3,345.65,5,150217,108258,258475,352.92,401.48,NONE,1,1.0,1.0,1.0,1,1,1,345.65,345.65,-0.25,1293817,0,0,0.4978,49.78,AVOID,No new SMMA crossover,HLEGLAS,2289,HLEGLAS-EQ,HLEGLAS,NSE
NSE:PATANJALI-EQ,344.2,344.1,1,344.15,1042,465933,418860,884793,345.66,351.71,NONE,10,10.0,10.0,1.0,10,10,10,344.2,344.2,-0.9981,1383721,0,0,0.2841,28.41,AVOID,No new SMMA crossover,PATANJALI,17029,PATANJALI-EQ,PATANJALI,NSE
NSE:MARINE-EQ,342.45,342.4,145,342.65,1,34799,143156,177955,345.03,344.13,NONE,1,1.0,1.0,1.0,1,1,1,342.45,342.45,0.9863,563362,0,0,0.7376,73.76,ACCEPT,No new SMMA crossover,MARINE,1328,MARINE-EQ,MARINE,NSE
NSE:KPIGREEN-EQ,341.0,340.95,20,341.0,1143,186457,225451,411908,343.24,356.76,NONE,43,43.0,43.0,1.0,43,43,43,341.0,341.0,-0.9656,974554,0,0,0.3783,37.83,AVOID,No new SMMA crossover,KPIGREEN,5108,KPIGREEN-EQ,KPIGREEN,NSE
NSE:EQUAL50-EQ,337.36,335.84,4950,336.78,3777,50728,113464,164192,337.86,339.58,NONE,5,5.0,5.0,1.0,5,5,5,337.36,337.36,0.1344,6591,0,0,0.1622,16.22,AVOID,No new SMMA crossover,EQUAL50,757142,EQUAL50-EQ,EQUAL50,NSE
NSE:TMPV-EQ,337.0,336.95,500,337.0,1536,814871,1801143,2616014,340.92,345.42,NONE,100,100.0,100.0,1.0,100,100,100,337.0,337.0,-0.5088,14274764,0,0,0.1655,16.55,AVOID,No new SMMA crossover,TMPV,3456,TMPV-EQ,TMPV,NSE
NSE:NTPC-EQ,336.7,336.7,3337,336.75,142,774585,802933,1577518,336.94,339.27,NONE,55,55.0,55.0,1.0,55,55,55,336.7,336.7,0.9184,5641063,0,0,0.1947,19.47,AVOID,No new SMMA crossover,NTPC,11630,NTPC-EQ,NTPC,NSE
NSE:IIFLCAPS-EQ,334.8,334.65,101,334.8,14,86048,102967,189015,334.43,334.65,NONE,3,3.0,3.0,1.0,3,3,3,334.8,334.8,0.7565,58460,0,0,0.5471,54.71,ACCEPT,No new SMMA crossover,IIFLCAPS,13072,IIFLCAPS-EQ,IIFLCAPS,NSE
NSE:MON100-EQ,331.16,331.16,990379,0.0,0,1096469,0,1096469,331.24,329.99,NONE,151,151.0,151.0,1.0,151,151,151,331.16,331.16,1.0,73093,0,0,0.5149,51.49,ACCEPT,No new SMMA crossover,MON100,22739,MON100-EQ,MON100,NSE
NSE:SUVEN-EQ,328.0,327.85,8,328.0,72,99050,119778,218828,330.31,331.87,NONE,45,45.0,45.0,1.0,45,45,45,328.0,328.0,-0.8,268928,0,0,0.644,64.4,ACCEPT,No new SMMA crossover,SUVEN,11233,SUVEN-EQ,SUVEN,NSE
NSE:NUVOCO-EQ,327.35,327.0,77,327.35,11,65567,145318,210885,328.6,336.2,NONE,989,989.0,989.0,1.0,989,989,989,327.35,327.35,0.75,169190,0,0,0.655,65.5,ACCEPT,No new SMMA crossover,NUVOCO,5426,NUVOCO-EQ,NUVOCO,NSE
NSE:SONATSOFTW-EQ,326.9,326.9,88,327.0,1237,107054,240311,347365,328.31,327.22,NONE,150,150.0,150.0,1.0,150,150,150,326.9,326.9,-0.8672,450995,0,0,0.3476,34.76,AVOID,No new SMMA crossover,SONATSOFTW,6596,SONATSOFTW-EQ,SONATSOFTW,NSE
NSE:NYKAA-EQ,325.8,325.8,1677,325.85,380,635547,568913,1204460,325.07,326.32,NONE,67,67.0,67.0,1.0,67,67,67,325.8,325.8,0.6305,1558669,0,0,0.1984,19.84,AVOID,No new SMMA crossover,NYKAA,6545,NYKAA-EQ,NYKAA,NSE
NSE:ELLEN-EQ,317.8,317.55,256,317.8,1,113191,91437,204628,301.83,294.77,NONE,1,1.0,1.0,1.0,1,1,1,317.8,317.8,0.9922,1627120,0,0,0.7275,72.75,ACCEPT,No new SMMA crossover,ELLEN,758563,ELLEN-EQ,ELLEN,NSE
NSE:TARSONS-EQ,317.45,317.35,1,317.4,1,117990,196948,314938,315.07,310.55,NONE,1,1.0,1.0,1.0,1,1,1,317.45,317.45,0.0,1320751,0,0,0.5864,58.64,ACCEPT,No new SMMA crossover,TARSONS,6943,TARSONS-EQ,TARSONS,NSE
NSE:PCBL-EQ,317.1,317.0,817,317.1,70,115489,337583,453072,318.4,321.87,NONE,1,1.0,1.0,1.0,1,1,1,317.1,317.1,0.8422,363148,0,0,0.4345,43.45,AVOID,No new SMMA crossover,PCBL,2649,PCBL-EQ,PCBL,NSE
NSE:BLSE-EQ,316.85,316.45,1,316.75,23,259035,134465,393500,316.25,314.49,NONE,9,9.0,9.0,1.0,9,9,9,316.85,316.85,-0.9167,567461,0,0,0.5919,59.19,ACCEPT,No new SMMA crossover,BLSE,22566,BLSE-EQ,BLSE,NSE
NSE:SSWL-EQ,315.5,315.3,37,315.5,2964,76762,155708,232470,315.97,316.95,NONE,5,5.0,5.0,1.0,5,5,5,315.5,315.5,-0.9753,180677,0,0,0.1257,12.57,AVOID,No new SMMA crossover,SSWL,11829,SSWL-EQ,SSWL,NSE
NSE:EMMVEE-EQ,315.0,314.85,4,315.0,193,147088,337334,484422,315.85,320.62,NONE,1,1.0,1.0,1.0,1,1,1,315.0,315.0,-0.9594,460244,0,0,0.3577,35.77,AVOID,No new SMMA crossover,EMMVEE,759728,EMMVEE-EQ,EMMVEE,NSE
NSE:ETERNAL-EQ,314.65,314.65,3794,314.75,2962,1246794,2794540,4041334,314.41,313.17,NONE,154,154.0,154.0,1.0,154,154,154,314.65,314.65,0.1231,11681550,0,0,0.1597,15.97,AVOID,No new SMMA crossover,ETERNAL,5097,ETERNAL-EQ,ETERNAL,NSE
NSE:BSOFT-EQ,313.55,313.55,394,313.6,118,95851,306267,402118,315.95,319.99,NONE,8,8.0,8.0,1.0,8,8,8,313.55,313.55,0.5391,490451,0,0,0.4277,42.77,AVOID,No new SMMA crossover,BSOFT,6994,BSOFT-EQ,BSOFT,NSE
NSE:LTF-EQ,311.85,311.8,2,311.85,664,531145,688176,1219321,312.28,313.37,NONE,17,17.0,17.0,1.0,17,17,17,311.85,311.85,-0.994,2606868,0,0,0.2389,23.89,AVOID,No new SMMA crossover,LTF,24948,LTF-EQ,LTF,NSE
NSE:BPCL-EQ,311.7,311.65,4833,311.7,696,635247,682675,1317922,313.13,317.21,NONE,1,1.0,1.0,1.0,1,1,1,311.7,311.7,0.7482,2487735,0,0,0.1282,12.82,AVOID,No new SMMA crossover,BPCL,526,BPCL-EQ,BPCL,NSE
NSE:KTKBANK-EQ,309.9,309.9,2033,309.95,105,198786,511258,710044,308.55,305.06,NONE,34,34.0,34.0,1.0,34,34,34,309.9,309.9,0.9018,1348487,0,0,0.2346,23.46,AVOID,No new SMMA crossover,KTKBANK,8054,KTKBANK-EQ,KTKBANK,NSE
NSE:VIPIND-EQ,309.05,309.05,17,309.2,173,28839,156821,185660,310.87,314.47,NONE,3,3.0,3.0,1.0,3,3,3,309.05,309.05,-0.8211,72341,0,0,0.4031,40.31,AVOID,No new SMMA crossover,VIPIND,3703,VIPIND-EQ,VIPIND,NSE
NSE:SWANCORP-EQ,307.7,307.5,4,307.7,179,700780,259325,960105,308.28,309.48,NONE,5,5.0,5.0,1.0,5,5,5,307.7,307.7,-0.9563,464545,0,0,0.3765,37.65,AVOID,No new SMMA crossover,SWANCORP,27095,SWANCORP-EQ,SWANCORP,NSE
NSE:VRLLOG-EQ,304.85,304.75,16,304.85,117,56959,138737,195696,305.37,296.21,NONE,9,9.0,9.0,1.0,9,9,9,304.85,304.85,-0.7594,360808,0,0,0.5578,55.78,ACCEPT,No new SMMA crossover,VRLLOG,8696,VRLLOG-EQ,VRLLOG,NSE
NSE:AUTOBEES-EQ,304.7,304.7,222,304.72,231,239004,209523,448527,304.95,305.59,NONE,7,7.0,7.0,1.0,7,7,7,304.7,304.7,-0.0199,179651,0,0,0.4046,40.46,AVOID,No new SMMA crossover,AUTOBEES,7880,AUTOBEES-EQ,AUTOBEES,NSE
NSE:GENUSPOWER-EQ,303.05,303.2,3,303.25,381,146987,406336,553323,304.55,306.15,NONE,135,135.0,135.0,1.0,135,135,135,303.05,303.05,-0.9844,891854,0,0,0.3845,38.45,AVOID,No new SMMA crossover,GENUSPOWER,11905,GENUSPOWER-EQ,GENUSPOWER,NSE
NSE:AGIIL-EQ,301.65,301.65,1,301.75,1,982429,133304,1115733,301.65,302.57,NONE,33,33.0,33.0,1.0,33,33,33,301.65,301.65,0.0,789107,0,0,0.6064,60.64,ACCEPT,No new SMMA crossover,AGIIL,24445,AGIIL-EQ,AGIIL,NSE
NSE:OSWALPUMPS-EQ,301.6,301.35,33,301.6,83,113156,152588,265744,302.18,309.37,NONE,25,25.0,25.0,1.0,25,25,25,301.6,301.6,-0.431,229247,0,0,0.5987,59.87,ACCEPT,No new SMMA crossover,OSWALPUMPS,756802,OSWALPUMPS-EQ,OSWALPUMPS,NSE
NSE:SCI-EQ,296.5,296.5,275,296.6,102,168334,814329,982663,296.13,297.43,NONE,15,15.0,15.0,1.0,15,15,15,296.5,296.5,0.4589,1128181,0,0,0.3001,30.01,AVOID,No new SMMA crossover,SCI,3048,SCI-EQ,SCI,NSE
NSE:INDSWFTLAB-EQ,295.61,295.72,5,295.86,6,336179,422029,758208,296.63,269.13,NONE,34,34.0,34.0,1.0,34,34,34,295.61,295.61,-0.0909,6681722,0,0,0.5631,56.31,ACCEPT,No new SMMA crossover,INDSWFTLAB,4870,INDSWFTLAB-EQ,INDSWFTLAB,NSE
NSE:TARIL-EQ,293.55,293.55,3258,293.75,246,127924,300831,428755,294.55,297.02,NONE,30,30.0,30.0,1.0,30,30,30,293.55,293.55,0.8596,330275,0,0,0.336,33.6,AVOID,No new SMMA crossover,TARIL,15174,TARIL-EQ,TARIL,NSE
NSE:MARKSANS-EQ,292.0,291.4,54,291.7,233,213562,461885,675447,287.95,276.94,NONE,118,118.0,118.0,1.0,118,118,118,292.0,292.0,-0.6237,2931315,0,0,0.1989,19.89,AVOID,No new SMMA crossover,MARKSANS,10579,MARKSANS-EQ,MARKSANS,NSE
NSE:LATENTVIEW-EQ,290.6,290.3,111,290.6,48,72756,130018,202774,293.23,296.26,NONE,10,10.0,10.0,1.0,10,10,10,290.6,290.6,0.3962,236368,0,0,0.6334,63.34,ACCEPT,No new SMMA crossover,LATENTVIEW,6818,LATENTVIEW-EQ,LATENTVIEW,NSE
NSE:SETL-EQ,288.05,288.1,16,288.35,231,62999,212352,275351,291.38,289.22,NONE,58,58.0,58.0,1.0,58,58,58,288.05,288.05,-0.8704,1075592,0,0,0.3008,30.08,AVOID,No new SMMA crossover,SETL,29075,SETL-EQ,SETL,NSE
NSE:ANGELONE-EQ,286.4,286.45,1807,286.5,4083,702005,740411,1442416,287.21,291.38,NONE,1,1.0,1.0,1.0,1,1,1,286.4,286.4,-0.3864,2888703,0,0,0.1187,11.87,AVOID,No new SMMA crossover,ANGELONE,324,ANGELONE-EQ,ANGELONE,NSE
NSE:MOIL-EQ,284.85,284.65,120,284.85,47,192793,315046,507839,283.96,282.41,NONE,5,5.0,5.0,1.0,5,5,5,284.85,284.85,0.4371,725959,0,0,0.5091,50.91,ACCEPT,No new SMMA crossover,MOIL,20830,MOIL-EQ,MOIL,NSE
NSE:PARKHOSPS-EQ,284.7,284.3,45,284.5,152,190659,176950,367609,285.02,287.0,NONE,23,23.0,23.0,1.0,23,23,23,284.7,284.7,-0.5431,358017,0,0,0.4859,48.59,AVOID,No new SMMA crossover,PARKHOSPS,760351,PARKHOSPS-EQ,PARKHOSPS,NSE
NSE:HUHTAMAKI-EQ,281.05,280.7,10,281.05,154,56980,218361,275341,282.95,286.64,NONE,6,6.0,6.0,1.0,6,6,6,281.05,281.05,-0.878,147898,0,0,0.5835,58.35,ACCEPT,No new SMMA crossover,HUHTAMAKI,2562,HUHTAMAKI-EQ,HUHTAMAKI,NSE
NSE:LASERPOWER-EQ,281.05,281.1,51,281.3,15,92578,273912,366490,282.57,290.12,NONE,35,35.0,35.0,1.0,35,35,35,281.05,281.05,0.5455,723650,0,0,0.6414,64.14,ACCEPT,No new SMMA crossover,LASERPOWER,764126,LASERPOWER-EQ,LASERPOWER,NSE
NSE:NLCINDIA-EQ,280.6,280.4,959,280.6,56,173146,614168,787314,281.79,288.0,NONE,1,1.0,1.0,1.0,1,1,1,280.6,280.6,0.8897,834500,0,0,0.4517,45.17,AVOID,No new SMMA crossover,NLCINDIA,8585,NLCINDIA-EQ,NLCINDIA,NSE
NSE:SWIGGY-EQ,279.75,279.7,462,279.75,695,907793,1724551,2632344,278.47,279.85,NONE,53,53.0,53.0,1.0,53,53,53,279.75,279.75,-0.2014,4516122,0,0,0.2052,20.52,AVOID,No new SMMA crossover,SWIGGY,27066,SWIGGY-EQ,SWIGGY,NSE
NSE:SBIETFPB-EQ,279.27,278.45,14,279.27,4,101399,54956,156355,279.28,280.34,NONE,7,7.0,7.0,1.0,7,7,7,279.27,279.27,0.5556,2387,0,0,0.5832,58.32,ACCEPT,No new SMMA crossover,SBIETFPB,722,SBIETFPB-EQ,SBIETFPB,NSE
NSE:PETRONET-EQ,278.85,278.75,100,278.85,235,305447,243808,549255,279.24,278.39,NONE,1,1.0,1.0,1.0,1,1,1,278.85,278.85,-0.403,847481,0,0,0.2972,29.72,AVOID,No new SMMA crossover,PETRONET,11351,PETRONET-EQ,PETRONET,NSE
NSE:GOPAL-EQ,278.4,278.35,6,278.65,10,181292,41586,222878,277.6,275.63,NONE,16,16.0,16.0,1.0,16,16,16,278.4,278.4,-0.25,154933,0,0,0.6812,68.12,ACCEPT,No new SMMA crossover,GOPAL,23066,GOPAL-EQ,GOPAL,NSE
NSE:NIFTYBEES-EQ,277.13,277.11,1049,277.13,744,1433417,1148578,2581995,277.72,279.05,NONE,1,1.0,1.0,1.0,1,1,1,277.13,277.13,0.1701,3018865,0,0,0.127,12.7,AVOID,No new SMMA crossover,NIFTYBEES,10576,NIFTYBEES-EQ,NIFTYBEES,NSE
NSE:GUJENERGY-EQ,276.05,275.8,319,276.0,1,235691,548751,784442,275.25,272.61,NONE,1,1.0,1.0,1.0,1,1,1,276.05,276.05,0.9938,5189547,0,0,0.6935,69.35,ACCEPT,No new SMMA crossover,GUJENERGY,10599,GUJENERGY-EQ,GUJENERGY,NSE
NSE:NIFTYIETF-EQ,275.67,275.68,50,275.77,350,531436,487171,1018607,276.25,277.64,NONE,4,4.0,4.0,1.0,4,4,4,275.67,275.67,-0.75,271983,0,0,0.1683,16.83,AVOID,No new SMMA crossover,NIFTYIETF,29553,NIFTYIETF-EQ,NIFTYIETF,NSE
NSE:AEGISVOPAK-EQ,275.4,275.25,1,275.5,106,62356,189697,252053,277.11,281.5,NONE,7,7.0,7.0,1.0,7,7,7,275.4,275.4,-0.9813,255889,0,0,0.5965,59.65,ACCEPT,No new SMMA crossover,AEGISVOPAK,757336,AEGISVOPAK-EQ,AEGISVOPAK,NSE
NSE:VEDL-EQ,275.4,275.4,1004,275.55,1730,2279676,2357771,4637447,275.52,277.96,NONE,122,122.0,122.0,1.0,122,122,122,275.4,275.4,-0.2655,6616141,0,0,0.1501,15.01,AVOID,No new SMMA crossover,VEDL,3063,VEDL-EQ,VEDL,NSE
NSE:FSL-EQ,275.0,275.0,170,275.1,100,157155,304077,461232,275.4,282.31,NONE,1,1.0,1.0,1.0,1,1,1,275.0,275.0,0.2593,900177,0,0,0.4864,48.64,AVOID,No new SMMA crossover,FSL,14304,FSL-EQ,FSL,NSE
NSE:HDFCNIFTY-EQ,274.03,274.07,27,274.19,19474,537120,526749,1063869,274.65,276.05,NONE,4,4.0,4.0,1.0,4,4,4,274.03,274.03,-0.9972,51028,0,0,0.1147,11.47,AVOID,No new SMMA crossover,HDFCNIFTY,11591,HDFCNIFTY-EQ,HDFCNIFTY,NSE
NSE:NIF100BEES-EQ,270.51,270.44,301,270.59,24,207280,209887,417167,270.89,272.13,NONE,20,20.0,20.0,1.0,20,20,20,270.51,270.51,0.8523,25954,0,0,0.6116,61.16,ACCEPT,No new SMMA crossover,NIF100BEES,29577,NIF100BEES-EQ,NIF100BEES,NSE
NSE:NIFTY1-EQ,269.96,269.92,2,269.96,29,364465,431418,795883,270.52,271.86,NONE,16,16.0,16.0,1.0,16,16,16,269.96,269.96,-0.871,63299,0,0,0.6441,64.41,ACCEPT,No new SMMA crossover,NIFTY1,18102,NIFTY1-EQ,NIFTY1,NSE
NSE:NIFTYBETA-EQ,269.85,269.7,36,269.85,99941,168140,339948,508088,270.32,271.66,NONE,7,7.0,7.0,1.0,7,7,7,269.85,269.85,-0.9993,6797,0,0,0.1561,15.61,AVOID,No new SMMA crossover,NIFTYBETA,10511,NIFTYBETA-EQ,NIFTYBETA,NSE
NSE:AFCONS-EQ,269.8,269.8,1,269.85,1,188761,505288,694049,269.37,269.34,NONE,1,1.0,1.0,1.0,1,1,1,269.8,269.8,0.0,3769781,0,0,0.6185,61.85,ACCEPT,No new SMMA crossover,AFCONS,25977,AFCONS-EQ,AFCONS,NSE
NSE:NIFTYAXIS-EQ,269.15,269.25,37,269.39,9353,125158,200485,325643,269.78,271.2,NONE,12,12.0,12.0,1.0,12,12,12,269.15,269.15,-0.9921,2044,0,0,0.2342,23.42,AVOID,No new SMMA crossover,NIFTYAXIS,21252,NIFTYAXIS-EQ,NIFTYAXIS,NSE
NSE:PFOCUS-EQ,266.1,266.0,21,266.1,90,61567,117681,179248,272.36,282.71,NONE,185,185.0,185.0,1.0,185,185,185,266.1,266.1,-0.6216,582836,0,0,0.5729,57.29,ACCEPT,No new SMMA crossover,PFOCUS,13496,PFOCUS-EQ,PFOCUS,NSE
NSE:NIFTYETF-EQ,264.64,264.51,96,264.66,41903,614894,508631,1123525,265.12,266.5,NONE,175,175.0,175.0,1.0,175,175,175,264.64,264.64,-0.9954,152960,0,0,0.3036,30.36,AVOID,No new SMMA crossover,NIFTYETF,6353,NIFTYETF-EQ,NIFTYETF,NSE
NSE:BLS-EQ,263.39,263.2,72,263.3,5,136465,504520,640985,262.4,259.96,NONE,30,30.0,30.0,1.0,30,30,30,263.39,263.39,0.8701,760922,0,0,0.6553,65.53,ACCEPT,No new SMMA crossover,BLS,17279,BLS-EQ,BLS,NSE
NSE:KPEL-EQ,263.0,263.05,208,263.25,128,88428,106611,195039,264.59,282.89,NONE,122,122.0,122.0,1.0,122,122,122,263.0,263.0,0.2381,376559,0,0,0.4777,47.77,AVOID,No new SMMA crossover,KPEL,27079,KPEL-EQ,KPEL,NSE
NSE:SETFNIF50-EQ,261.96,261.9,4089,261.96,43,674103,629082,1303185,262.44,263.72,NONE,1,1.0,1.0,1.0,1,1,1,261.96,261.96,0.9792,307573,0,0,0.4747,47.47,AVOID,No new SMMA crossover,SETFNIF50,10176,SETFNIF50-EQ,SETFNIF50,NSE
NSE:GODAVARIB-EQ,261.15,261.0,29,261.15,18,54695,144486,199181,262.36,259.15,NONE,1,1.0,1.0,1.0,1,1,1,261.15,261.15,0.234,320368,0,0,0.6576,65.76,ACCEPT,No new SMMA crossover,GODAVARIB,25941,GODAVARIB-EQ,GODAVARIB,NSE
NSE:VIYASH-EQ,260.65,260.5,13,260.7,92,194925,512971,707896,261.5,268.57,NONE,6,6.0,6.0,1.0,6,6,6,260.65,260.65,-0.7524,1225471,0,0,0.3072,30.72,AVOID,No new SMMA crossover,VIYASH,14296,VIYASH-EQ,VIYASH,NSE
NSE:GODIGIT-EQ,260.55,260.55,642,260.6,66,64322,106364,170686,262.27,265.84,NONE,3,3.0,3.0,1.0,3,3,3,260.55,260.55,0.8136,103271,0,0,0.4115,41.15,AVOID,No new SMMA crossover,GODIGIT,23799,GODIGIT-EQ,GODIGIT,NSE
NSE:BELRISE-EQ,259.8,259.8,242,259.88,26,256795,823144,1079939,259.63,254.1,NONE,70,70.0,70.0,1.0,70,70,70,259.8,259.8,0.806,6550866,0,0,0.4092,40.92,AVOID,No new SMMA crossover,BELRISE,757102,BELRISE-EQ,BELRISE,NSE
NSE:UEL-EQ,259.47,0.0,0,259.47,91658,0,113055,113055,261.6,264.5,NONE,29,29.0,29.0,1.0,29,29,29,259.47,259.47,-1.0,10985,0,0,0.8214,82.14,ACCEPT,No new SMMA crossover,UEL,23507,UEL-EQ,UEL,NSE
NSE:NIFTYADD-EQ,256.29,256.17,3034,256.36,5,411259,456488,867747,256.81,258.1,NONE,10,10.0,10.0,1.0,10,10,10,256.29,256.29,0.9967,21996,0,0,0.6277,62.77,ACCEPT,No new SMMA crossover,NIFTYADD,7451,NIFTYADD-EQ,NIFTYADD,NSE
NSE:WANBURY-EQ,255.9,255.85,1,255.9,299,80448,125421,205869,253.41,253.12,NONE,1,1.0,1.0,1.0,1,1,1,255.9,255.9,-0.9933,2086580,0,0,0.2305,23.05,AVOID,No new SMMA crossover,WANBURY,14063,WANBURY-EQ,WANBURY,NSE
NSE:APTUS-EQ,255.8,255.8,118,255.85,69,121259,134329,255588,254.97,256.46,NONE,2,2.0,2.0,1.0,2,2,2,255.8,255.8,0.262,558471,0,0,0.4261,42.61,AVOID,No new SMMA crossover,APTUS,5435,APTUS-EQ,APTUS,NSE
NSE:MOM50-EQ,254.84,254.68,4,254.82,19645,175689,101310,276999,255.27,256.58,NONE,2,2.0,2.0,1.0,2,2,2,254.84,254.84,-0.9996,5694,0,0,0.0678,6.78,AVOID,No new SMMA crossover,MOM50,19289,MOM50-EQ,MOM50,NSE
NSE:TBZ-EQ,252.3,252.25,1,252.3,113,137197,370257,507454,257.17,272.06,NONE,1,1.0,1.0,1.0,1,1,1,252.3,252.3,-0.9825,2137170,0,0,0.2564,25.64,AVOID,No new SMMA crossover,TBZ,27037,TBZ-EQ,TBZ,NSE
NSE:FLAIR-EQ,249.9,249.6,8,249.9,334,177980,24359,202339,248.1,250.55,NONE,4,4.0,4.0,1.0,4,4,4,249.9,249.9,-0.9532,63926,0,0,0.1372,13.72,AVOID,No new SMMA crossover,FLAIR,20372,FLAIR-EQ,FLAIR,NSE
NSE:NIFTYBETF-EQ,249.84,249.83,6797,250.46,99974,201477,192223,393700,250.72,252.02,NONE,6155,6155.0,6155.0,1.0,6155,6155,6155,249.84,249.84,-0.8727,6678,0,0,0.3162,31.62,AVOID,No new SMMA crossover,NIFTYBETF,21959,NIFTYBETF-EQ,NIFTYBETF,NSE
NSE:BANKBARODA-EQ,248.94,248.94,1,248.98,922,856911,1886530,2743441,249.08,248.04,NONE,1,1.0,1.0,1.0,1,1,1,248.94,248.94,-0.9978,5790524,0,0,0.1639,16.39,AVOID,No new SMMA crossover,BANKBARODA,4668,BANKBARODA-EQ,BANKBARODA,NSE
NSE:SHADOWFAX-EQ,247.63,247.46,1,247.56,120,132319,575295,707614,248.9,247.61,NONE,4,4.0,4.0,1.0,4,4,4,247.63,247.63,-0.9835,1811800,0,0,0.2667,26.67,AVOID,No new SMMA crossover,SHADOWFAX,761469,SHADOWFAX-EQ,SHADOWFAX,NSE
NSE:GREENLAM-EQ,246.1,246.25,5,246.55,17,457532,57655,515187,246.24,248.9,NONE,40,40.0,40.0,1.0,40,40,40,246.1,246.1,-0.5455,258977,0,0,0.7474,74.74,ACCEPT,No new SMMA crossover,GREENLAM,6848,GREENLAM-EQ,GREENLAM,NSE
NSE:MANCREDIT-EQ,244.06,244.0,33,244.42,5,111121,25876,136997,244.56,243.38,NONE,1,1.0,1.0,1.0,1,1,1,244.06,244.06,0.7368,22345,0,0,0.6392,63.92,ACCEPT,No new SMMA crossover,MANCREDIT,24823,MANCREDIT-EQ,MANCREDIT,NSE
NSE:EPL-EQ,243.9,243.9,5184,243.92,4,558904,594918,1153822,244.57,235.71,NONE,3000,3000.0,3000.0,1.0,3000,3000,3000,243.9,243.9,0.9985,11671114,0,0,0.4825,48.25,AVOID,No new SMMA crossover,EPL,981,EPL-EQ,EPL,NSE
NSE:MID150BEES-EQ,242.37,242.22,1,242.37,26316,323061,340887,663948,242.38,242.42,NONE,2100,2100.0,2100.0,1.0,2100,2100,2100,242.37,242.37,-0.9999,270940,0,0,0.4814,48.14,AVOID,No new SMMA crossover,MID150BEES,8506,MID150BEES-EQ,MID150BEES,NSE
NSE:TRIVENI-EQ,242.11,242.11,8,242.25,206,62383,135242,197625,241.39,240.3,NONE,9,9.0,9.0,1.0,9,9,9,242.11,242.11,-0.9252,363254,0,0,0.5263,52.63,ACCEPT,No new SMMA crossover,TRIVENI,13081,TRIVENI-EQ,TRIVENI,NSE
NSE:ENGINERSIN-EQ,241.5,241.32,120,241.51,145,131488,775104,906592,242.2,242.93,NONE,18,18.0,18.0,1.0,18,18,18,241.5,241.5,-0.0943,596558,0,0,0.4331,43.31,AVOID,No new SMMA crossover,ENGINERSIN,4907,ENGINERSIN-EQ,ENGINERSIN,NSE
NSE:EPACKPEB-EQ,240.0,240.0,458,240.05,1,82507,162104,244611,241.38,247.33,NONE,1,1.0,1.0,1.0,1,1,1,240.0,240.0,0.9956,454338,0,0,0.6674,66.74,ACCEPT,No new SMMA crossover,EPACKPEB,759251,EPACKPEB-EQ,EPACKPEB,NSE
NSE:ONGC-EQ,239.11,239.11,153,239.15,3490,1094969,1446212,2541181,239.36,239.7,NONE,10,10.0,10.0,1.0,10,10,10,239.11,239.11,-0.916,5554797,0,0,0.2058,20.58,AVOID,No new SMMA crossover,ONGC,2475,ONGC-EQ,ONGC,NSE
NSE:BECTORFOOD-EQ,237.51,237.55,1,237.72,192,151255,302510,453765,236.76,231.54,NONE,21,21.0,21.0,1.0,21,21,21,237.51,237.51,-0.9896,1156432,0,0,0.2895,28.95,AVOID,No new SMMA crossover,BECTORFOOD,1628,BECTORFOOD-EQ,BECTORFOOD,NSE
NSE:AEQUS-EQ,237.11,237.0,214,237.14,11,200115,522180,722295,237.38,241.86,NONE,50,50.0,50.0,1.0,50,50,50,237.11,237.11,0.9022,976951,0,0,0.6342,63.42,ACCEPT,No new SMMA crossover,AEQUS,760234,AEQUS-EQ,AEQUS,NSE
NSE:BHARATSE-EQ,237.1,237.1,60,237.2,8567,49381,166766,216147,238.97,236.3,NONE,2,2.0,2.0,1.0,2,2,2,237.1,237.1,-0.9861,516948,0,0,0.1079,10.79,AVOID,No new SMMA crossover,BHARATSE,30244,BHARATSE-EQ,BHARATSE,NSE
NSE:GANDHAR-EQ,236.85,236.7,39,236.86,46,89581,267455,357036,238.19,240.24,NONE,50,50.0,50.0,1.0,50,50,50,236.85,236.85,-0.0824,560900,0,0,0.5681,56.81,ACCEPT,No new SMMA crossover,GANDHAR,20303,GANDHAR-EQ,GANDHAR,NSE
NSE:ESILVER-EQ,234.58,234.59,11,234.84,7,117592,42673,160265,233.39,230.57,NONE,10,10.0,10.0,1.0,10,10,10,234.58,234.58,0.2222,25262,0,0,0.6969,69.69,ACCEPT,No new SMMA crossover,ESILVER,20257,ESILVER-EQ,ESILVER,NSE
NSE:SILVER-EQ,234.54,234.53,124,234.55,1099,398411,348784,747195,233.43,230.66,NONE,4,4.0,4.0,1.0,4,4,4,234.54,234.54,-0.7972,511685,0,0,0.1595,15.95,AVOID,No new SMMA crossover,SILVER,8003,SILVER-EQ,SILVER,NSE
NSE:WALCHANNAG-EQ,233.68,233.65,45,233.82,29,80889,352064,432953,234.68,234.6,NONE,3,3.0,3.0,1.0,3,3,3,233.68,233.68,0.2162,942895,0,0,0.4404,44.04,AVOID,No new SMMA crossover,WALCHANNAG,3736,WALCHANNAG-EQ,WALCHANNAG,NSE
NSE:GPIL-EQ,233.67,233.6,1006,233.67,55,220795,296686,517481,231.71,235.51,NONE,45,45.0,45.0,1.0,45,45,45,233.67,233.67,0.8963,1155960,0,0,0.3038,30.38,AVOID,No new SMMA crossover,GPIL,13409,GPIL-EQ,GPIL,NSE
NSE:MOSILVER-EQ,231.85,231.88,4,232.04,1,378932,58704,437636,230.96,228.3,NONE,1,1.0,1.0,1.0,1,1,1,231.85,231.85,0.6,43068,0,0,0.7695,76.95,ACCEPT,No new SMMA crossover,MOSILVER,758457,MOSILVER-EQ,MOSILVER,NSE
NSE:SHRINGARMS-EQ,231.44,231.49,87,231.8,43,732919,122034,854953,232.75,234.61,NONE,4,4.0,4.0,1.0,4,4,4,231.44,231.44,0.3385,313058,0,0,0.5142,51.42,ACCEPT,No new SMMA crossover,SHRINGARMS,759093,SHRINGARMS-EQ,SHRINGARMS,NSE
NSE:SILVER360-EQ,231.2,230.88,26,231.14,2,102789,43618,146407,229.88,227.04,NONE,23,23.0,23.0,1.0,23,23,23,231.2,231.2,0.8571,42323,0,0,0.6711,67.11,ACCEPT,No new SMMA crossover,SILVER360,756150,SILVER360-EQ,SILVER360,NSE
NSE:SBISILVER-EQ,230.21,230.15,1407,230.2,35,467266,372729,839995,229.07,226.37,NONE,15,15.0,15.0,1.0,15,15,15,230.21,230.21,0.9515,518657,0,0,0.5338,53.38,ACCEPT,No new SMMA crossover,SBISILVER,24366,SBISILVER-EQ,SBISILVER,NSE
NSE:SURYAROSNI-EQ,229.35,229.3,101,229.35,94,100186,311460,411646,232.19,242.2,NONE,9,9.0,9.0,1.0,9,9,9,229.35,229.35,0.0359,639166,0,0,0.4576,45.76,AVOID,No new SMMA crossover,SURYAROSNI,3375,SURYAROSNI-EQ,SURYAROSNI,NSE
NSE:SILVERAG-EQ,228.53,228.62,4,228.71,80,399981,318048,718029,227.58,224.91,NONE,115,115.0,115.0,1.0,115,115,115,228.53,228.53,-0.9048,98450,0,0,0.6673,66.73,ACCEPT,No new SMMA crossover,SILVERAG,16777,SILVERAG-EQ,SILVERAG,NSE
NSE:GOKULAGRO-EQ,228.23,228.0,24,228.24,6,288256,114805,403061,227.64,227.71,NONE,50,50.0,50.0,1.0,50,50,50,228.23,228.23,0.6,232494,0,0,0.7937,79.37,ACCEPT,No new SMMA crossover,GOKULAGRO,14480,GOKULAGRO-EQ,GOKULAGRO,NSE
NSE:CANTABIL-EQ,227.61,227.61,22,227.99,3,349783,81396,431179,228.31,230.5,NONE,9,9.0,9.0,1.0,9,9,9,227.61,227.61,0.76,41152,0,0,0.7066,70.66,ACCEPT,No new SMMA crossover,CANTABIL,20160,CANTABIL-EQ,CANTABIL,NSE
NSE:SILVERADD-EQ,226.58,226.52,25,226.56,10,429175,284484,713659,225.45,222.74,NONE,1,1.0,1.0,1.0,1,1,1,226.58,226.58,0.4286,70666,0,0,0.6912,69.12,ACCEPT,No new SMMA crossover,SILVERADD,10761,SILVERADD-EQ,SILVERADD,NSE
NSE:SHANTIGOLD-EQ,225.7,225.74,8,225.96,200,186180,144531,330711,225.2,224.77,NONE,11,11.0,11.0,1.0,11,11,11,225.7,225.7,-0.9231,916146,0,0,0.471,47.1,AVOID,No new SMMA crossover,SHANTIGOLD,758002,SHANTIGOLD-EQ,SHANTIGOLD,NSE
NSE:HDFCSILVER-EQ,224.7,224.71,127,224.75,3,526727,669274,1196001,223.63,221.0,NONE,115,115.0,115.0,1.0,115,115,115,224.7,224.7,0.9538,1344908,0,0,0.5524,55.24,ACCEPT,No new SMMA crossover,HDFCSILVER,10876,HDFCSILVER-EQ,HDFCSILVER,NSE
NSE:PNCINFRA-EQ,223.15,223.14,70,223.24,8,121155,155116,276271,222.19,224.53,NONE,15,15.0,15.0,1.0,15,15,15,223.15,223.15,0.7949,310154,0,0,0.6502,65.02,ACCEPT,No new SMMA crossover,PNCINFRA,9385,PNCINFRA-EQ,PNCINFRA,NSE
NSE:V2RETAIL-EQ,221.29,221.32,65,221.51,16,100997,194703,295700,222.12,220.71,NONE,1,1.0,1.0,1.0,1,1,1,221.29,221.29,0.6049,248020,0,0,0.6461,64.61,ACCEPT,No new SMMA crossover,V2RETAIL,14766,V2RETAIL-EQ,V2RETAIL,NSE
NSE:CAMPUS-EQ,217.69,217.6,14,217.7,1,104864,175141,280005,217.88,220.3,NONE,20,20.0,20.0,1.0,20,20,20,217.69,217.69,0.8667,281379,0,0,0.6767,67.67,ACCEPT,No new SMMA crossover,CAMPUS,9362,CAMPUS-EQ,CAMPUS,NSE
NSE:HFCL-EQ,217.49,217.44,37,217.49,2073,826923,3799131,4626054,216.84,212.94,NONE,250,250.0,250.0,1.0,250,250,250,217.49,217.49,-0.9649,12776845,0,0,0.273,27.3,AVOID,No new SMMA crossover,HFCL,21951,HFCL-EQ,HFCL,NSE
NSE:EPACK-EQ,216.81,216.62,57,216.81,54,148871,230174,379045,218.89,227.28,NONE,2,2.0,2.0,1.0,2,2,2,216.81,216.81,0.027,669603,0,0,0.3918,39.18,AVOID,No new SMMA crossover,EPACK,22463,EPACK-EQ,EPACK,NSE
NSE:PARAGMILK-EQ,216.5,216.5,185,216.61,19,63610,131680,195290,217.23,220.42,NONE,3,3.0,3.0,1.0,3,3,3,216.5,216.5,0.8137,114653,0,0,0.5256,52.56,ACCEPT,No new SMMA crossover,PARAGMILK,17130,PARAGMILK-EQ,PARAGMILK,NSE
NSE:MUTHOOTMF-EQ,214.96,214.83,35,214.96,88,69886,140222,210108,215.48,218.38,NONE,48,48.0,48.0,1.0,48,48,48,214.96,214.96,-0.4309,244074,0,0,0.5906,59.06,ACCEPT,No new SMMA crossover,MUTHOOTMF,20831,MUTHOOTMF-EQ,MUTHOOTMF,NSE
NSE:FIRSTCRY-EQ,214.5,214.35,94,214.5,4,79226,228933,308159,214.42,214.21,NONE,1,1.0,1.0,1.0,1,1,1,214.5,214.5,0.9184,165290,0,0,0.615,61.5,ACCEPT,No new SMMA crossover,FIRSTCRY,24814,FIRSTCRY-EQ,FIRSTCRY,NSE
NSE:IKIO-EQ,212.04,211.85,1,212.05,1,60102,179955,240057,210.15,203.79,NONE,1,1.0,1.0,1.0,1,1,1,212.04,212.04,0.0,350960,0,0,0.7557,75.57,ACCEPT,No new SMMA crossover,IKIO,16822,IKIO-EQ,IKIO,NSE
NSE:LOWVOL-EQ,211.42,210.19,15000,210.78,14973,106059,55870,161929,211.6,212.39,NONE,23,23.0,23.0,1.0,23,23,23,211.42,211.42,0.0009,27,0,0,0.1885,18.85,AVOID,No new SMMA crossover,LOWVOL,14786,LOWVOL-EQ,LOWVOL,NSE
NSE:MAFANG-EQ,209.3,209.3,207,209.45,199,125640,41881,167521,209.57,207.8,NONE,38,38.0,38.0,1.0,38,38,38,209.3,209.3,0.0197,415506,0,0,0.4395,43.95,AVOID,No new SMMA crossover,MAFANG,3507,MAFANG-EQ,MAFANG,NSE
NSE:TIMETECHNO-EQ,208.9,208.81,112,208.92,57,151154,455100,606254,208.72,207.52,NONE,1,1.0,1.0,1.0,1,1,1,208.9,208.9,0.3254,2428096,0,0,0.4273,42.73,AVOID,No new SMMA crossover,TIMETECHNO,14707,TIMETECHNO-EQ,TIMETECHNO,NSE
NSE:CAPACITE-EQ,208.82,208.72,16,208.82,1086,56031,125882,181913,209.35,212.08,NONE,96,96.0,96.0,1.0,96,96,96,208.82,208.82,-0.971,85714,0,0,0.3834,38.34,AVOID,No new SMMA crossover,CAPACITE,21749,CAPACITE-EQ,CAPACITE,NSE
NSE:MOBIKWIK-EQ,208.27,208.16,7,208.3,213,98312,420590,518902,208.79,207.41,NONE,15,15.0,15.0,1.0,15,15,15,208.27,208.27,-0.9364,437552,0,0,0.5063,50.63,ACCEPT,No new SMMA crossover,MOBIKWIK,28046,MOBIKWIK-EQ,MOBIKWIK,NSE
NSE:SEIL-EQ,206.78,206.5,120,206.79,24,176597,96879,273476,206.57,204.33,NONE,30,30.0,30.0,1.0,30,30,30,206.78,206.78,0.6667,216537,0,0,0.6501,65.01,ACCEPT,No new SMMA crossover,SEIL,762889,SEIL-EQ,SEIL,NSE
NSE:ADANIPOWER-EQ,205.7,205.6,726,205.68,804,1516306,3381071,4897377,206.37,208.72,NONE,307,307.0,307.0,1.0,307,307,307,205.7,205.7,-0.051,7870474,0,0,0.2087,20.87,AVOID,No new SMMA crossover,ADANIPOWER,17388,ADANIPOWER-EQ,ADANIPOWER,NSE
NSE:MOQUALITY-EQ,205.64,205.0,15009,205.75,9798,215581,172335,387916,206.07,206.59,NONE,1,1.0,1.0,1.0,1,1,1,205.64,205.64,0.2101,6485,0,0,0.0892,8.92,AVOID,No new SMMA crossover,MOQUALITY,10822,MOQUALITY-EQ,MOQUALITY,NSE
NSE:MOSCHIP-EQ,205.43,205.45,74,205.55,47,185209,372476,557685,205.23,205.97,NONE,1,1.0,1.0,1.0,1,1,1,205.43,205.43,0.2231,474042,0,0,0.4976,49.76,AVOID,No new SMMA crossover,MOSCHIP,29459,MOSCHIP-EQ,MOSCHIP,NSE
NSE:KROSS-EQ,204.45,204.3,13,204.45,221,81339,253177,334516,203.86,203.36,NONE,5,5.0,5.0,1.0,5,5,5,204.45,204.45,-0.8889,697303,0,0,0.3533,35.33,AVOID,No new SMMA crossover,KROSS,25252,KROSS-EQ,KROSS,NSE
NSE:SWSOLAR-EQ,203.5,203.35,53,203.49,1,130587,227343,357930,201.84,203.73,NONE,499,499.0,499.0,1.0,499,499,499,203.5,203.5,0.963,514745,0,0,0.7205,72.05,ACCEPT,No new SMMA crossover,SWSOLAR,12489,SWSOLAR-EQ,SWSOLAR,NSE
NSE:EIEL-EQ,203.0,203.05,149,203.19,70,190753,381479,572232,205.02,212.87,NONE,775,775.0,775.0,1.0,775,775,775,203.0,203.0,0.3607,1732957,0,0,0.4667,46.67,AVOID,No new SMMA crossover,EIEL,27213,EIEL-EQ,EIEL,NSE
NSE:SPARC-EQ,202.63,202.59,390,202.63,867,91841,165332,257173,202.74,207.72,NONE,43,43.0,43.0,1.0,43,43,43,202.63,202.63,-0.3795,455344,0,0,0.3531,35.31,AVOID,No new SMMA crossover,SPARC,14788,SPARC-EQ,SPARC,NSE
NSE:FUSION-EQ,200.35,200.36,71,200.46,21,79834,244657,324491,203.24,208.8,NONE,11,11.0,11.0,1.0,11,11,11,200.35,200.35,0.5435,807323,0,0,0.6177,61.77,ACCEPT,No new SMMA crossover,FUSION,11932,FUSION-EQ,FUSION,NSE
NSE:ZAGGLE-EQ,199.55,199.41,116,199.55,4,91160,290659,381819,201.27,204.28,NONE,30,30.0,30.0,1.0,30,30,30,199.55,199.55,0.9333,412466,0,0,0.6366,63.66,ACCEPT,No new SMMA crossover,ZAGGLE,18608,ZAGGLE-EQ,ZAGGLE,NSE
NSE:GROWW-EQ,195.9,195.85,686,195.89,1,1391870,3873336,5265206,195.17,193.28,NONE,4639,4639.0,4639.0,1.0,4639,4639,4639,195.9,195.9,0.9971,14207256,0,0,0.5089,50.89,ACCEPT,No new SMMA crossover,GROWW,759806,GROWW-EQ,GROWW,NSE
NSE:HUDCO-EQ,195.66,195.58,15,195.66,94,253720,546985,800705,195.82,198.22,NONE,10,10.0,10.0,1.0,10,10,10,195.66,195.66,-0.7248,461295,0,0,0.5763,57.63,ACCEPT,No new SMMA crossover,HUDCO,20825,HUDCO-EQ,HUDCO,NSE
NSE:GREAVESCOT-EQ,193.91,193.78,116,193.91,56,178863,313426,492289,194.17,197.5,NONE,35,35.0,35.0,1.0,35,35,35,193.91,193.91,0.3488,878983,0,0,0.4706,47.06,AVOID,No new SMMA crossover,GREAVESCOT,1235,GREAVESCOT-EQ,GREAVESCOT,NSE
NSE:EMIL-EQ,192.6,192.61,294,192.64,99040,1433100,1041412,2474512,188.63,177.87,NONE,202,202.0,202.0,1.0,202,202,202,192.6,192.6,-0.9941,17281695,0,0,0.2077,20.77,AVOID,No new SMMA crossover,EMIL,11530,EMIL-EQ,EMIL,NSE
NSE:GULPOLY-EQ,192.32,192.32,49,192.4,64,68371,113908,182279,193.63,199.59,NONE,1,1.0,1.0,1.0,1,1,1,192.32,192.32,-0.1327,210805,0,0,0.4695,46.95,AVOID,No new SMMA crossover,GULPOLY,6286,GULPOLY-EQ,GULPOLY,NSE
NSE:AWL-EQ,192.23,192.17,385,192.23,539,237714,334144,571858,192.19,194.18,NONE,141,141.0,141.0,1.0,141,141,141,192.23,192.23,-0.1667,564417,0,0,0.2979,29.79,AVOID,No new SMMA crossover,AWL,8110,AWL-EQ,AWL,NSE
NSE:BAJEL-EQ,191.71,191.71,17,191.94,9,52135,270439,322574,191.27,190.29,NONE,20,20.0,20.0,1.0,20,20,20,191.71,191.71,0.3077,465029,0,0,0.6589,65.89,ACCEPT,No new SMMA crossover,BAJEL,20531,BAJEL-EQ,BAJEL,NSE
NSE:MEESHO-EQ,191.65,191.61,9,191.65,292,356169,1589328,1945497,191.7,191.12,NONE,2,2.0,2.0,1.0,2,2,2,191.65,191.65,-0.9402,5190171,0,0,0.1809,18.09,AVOID,No new SMMA crossover,MEESHO,760229,MEESHO-EQ,MEESHO,NSE
NSE:ORIENTELEC-EQ,190.0,189.82,14,190.0,284,74345,154245,228590,189.54,188.35,NONE,160,160.0,160.0,1.0,160,160,160,190.0,190.0,-0.906,158179,0,0,0.5764,57.64,ACCEPT,No new SMMA crossover,ORIENTELEC,2972,ORIENTELEC-EQ,ORIENTELEC,NSE
NSE:CASTROLIND-EQ,189.8,189.74,36,189.8,142,468408,906714,1375122,188.22,189.4,NONE,2,2.0,2.0,1.0,2,2,2,189.8,189.8,-0.5955,3366105,0,0,0.2281,22.81,AVOID,No new SMMA crossover,CASTROLIND,1250,CASTROLIND-EQ,CASTROLIND,NSE
NSE:KRISHANA-EQ,186.71,186.75,23,186.93,10,188787,140596,329383,186.19,183.16,NONE,133,133.0,133.0,1.0,133,133,133,186.71,186.71,0.3939,241856,0,0,0.8091,80.91,ACCEPT,No new SMMA crossover,KRISHANA,12847,KRISHANA-EQ,KRISHANA,NSE
NSE:GARUDA-EQ,185.45,185.21,22,185.33,3,74444,287260,361704,186.88,188.79,NONE,600,600.0,600.0,1.0,600,600,600,185.45,185.45,0.76,663715,0,0,0.6935,69.35,ACCEPT,No new SMMA crossover,GARUDA,25800,GARUDA-EQ,GARUDA,NSE
NSE:UNIONBANK-EQ,185.25,185.2,139,185.23,328,1235020,3045582,4280602,185.55,182.95,NONE,516,516.0,516.0,1.0,516,516,516,185.25,185.25,-0.4047,14368357,0,0,0.2407,24.07,AVOID,No new SMMA crossover,UNIONBANK,10753,UNIONBANK-EQ,UNIONBANK,NSE
NSE:HDFCSML250-EQ,184.65,184.65,1538,184.69,1,1086303,1254782,2341085,184.86,185.01,NONE,260,260.0,260.0,1.0,260,260,260,184.65,184.65,0.9987,874448,0,0,0.5979,59.79,ACCEPT,No new SMMA crossover,HDFCSML250,14233,HDFCSML250-EQ,HDFCSML250,NSE
NSE:TATASTEEL-EQ,183.95,183.95,4960,183.99,10,1487397,2827439,4314836,185.63,188.23,NONE,4000,4000.0,4000.0,1.0,4000,4000,4000,183.95,183.95,0.996,17418343,0,0,0.4514,45.14,AVOID,No new SMMA crossover,TATASTEEL,3499,TATASTEEL-EQ,TATASTEEL,NSE
NSE:PACEDIGITK-EQ,183.4,183.31,20,183.4,95,170756,224207,394963,182.97,183.6,NONE,5,5.0,5.0,1.0,5,5,5,183.4,183.4,-0.6522,387361,0,0,0.5354,53.54,ACCEPT,No new SMMA crossover,PACEDIGITK,759342,PACEDIGITK-EQ,PACEDIGITK,NSE
NSE:AEROPLANE-EQ,182.57,182.39,2,182.56,1,236855,36324,273179,181.3,189.08,NONE,3,3.0,3.0,1.0,3,3,3,182.57,182.57,0.3333,389410,0,0,0.7263,72.63,ACCEPT,No new SMMA crossover,AEROPLANE,761670,AEROPLANE-EQ,AEROPLANE,NSE
NSE:WIPRO-EQ,182.28,182.26,442,182.28,190,1061937,1724690,2786627,182.99,184.69,NONE,261,261.0,261.0,1.0,261,261,261,182.28,182.28,0.3987,5472205,0,0,0.208,20.8,AVOID,No new SMMA crossover,WIPRO,3787,WIPRO-EQ,WIPRO,NSE
NSE:NIACL-EQ,179.49,179.39,1709,179.49,2063,144188,706893,851081,180.12,179.03,NONE,378,378.0,378.0,1.0,378,378,378,179.49,179.49,-0.0938,1880574,0,0,0.2596,25.96,AVOID,No new SMMA crossover,NIACL,399,NIACL-EQ,NIACL,NSE
NSE:EFCIL-EQ,179.22,179.23,15,179.45,3,164523,48053,212576,179.44,182.55,NONE,2,2.0,2.0,1.0,2,2,2,179.22,179.22,0.6667,216815,0,0,0.7046,70.46,ACCEPT,No new SMMA crossover,EFCIL,758675,EFCIL-EQ,EFCIL,NSE
NSE:HUBTOWN-EQ,177.5,177.5,350,177.58,88,74862,103590,178452,177.81,178.73,NONE,350,350.0,350.0,1.0,350,350,350,177.5,177.5,0.5982,139170,0,0,0.5436,54.36,ACCEPT,No new SMMA crossover,HUBTOWN,14203,HUBTOWN-EQ,HUBTOWN,NSE
NSE:MARKOLINES-EQ,177.3,177.3,99,177.4,50,125931,29207,155138,176.82,178.23,NONE,1,1.0,1.0,1.0,1,1,1,177.3,177.3,0.3289,48598,0,0,0.5024,50.24,ACCEPT,No new SMMA crossover,MARKOLINES,760204,MARKOLINES-EQ,MARKOLINES,NSE
NSE:GIPCL-EQ,176.6,176.6,253,176.67,203,246556,555917,802473,175.61,167.29,NONE,3,3.0,3.0,1.0,3,3,3,176.6,176.6,0.1096,6854921,0,0,0.2103,21.03,AVOID,No new SMMA crossover,GIPCL,1145,GIPCL-EQ,GIPCL,NSE
NSE:MRPL-EQ,176.32,176.33,264,176.4,461,478704,1556200,2034904,177.02,172.3,NONE,36,36.0,36.0,1.0,36,36,36,176.32,176.32,-0.2717,7379708,0,0,0.1979,19.79,AVOID,No new SMMA crossover,MRPL,2283,MRPL-EQ,MRPL,NSE
NSE:BANDHANBNK-EQ,175.31,175.33,3,175.42,233,288686,1134690,1423376,175.24,174.44,NONE,64,64.0,64.0,1.0,64,64,64,175.31,175.31,-0.9746,3377462,0,0,0.214,21.4,AVOID,No new SMMA crossover,BANDHANBNK,2263,BANDHANBNK-EQ,BANDHANBNK,NSE
NSE:ASHOKLEY-EQ,174.97,174.95,43,174.97,103,1014638,2168352,3182990,175.31,175.58,NONE,3,3.0,3.0,1.0,3,3,3,174.97,174.97,-0.411,4318707,0,0,0.2883,28.83,AVOID,No new SMMA crossover,ASHOKLEY,212,ASHOKLEY-EQ,ASHOKLEY,NSE
NSE:AYE-EQ,174.73,174.73,121,174.89,124,41452,130091,171543,176.4,176.24,NONE,74,74.0,74.0,1.0,74,74,74,174.73,174.73,-0.0122,366683,0,0,0.4875,48.75,AVOID,No new SMMA crossover,AYE,760981,AYE-EQ,AYE,NSE
NSE:GAIL-EQ,173.61,173.53,1328,173.57,1,935786,1845567,2781353,173.81,173.57,NONE,3,3.0,3.0,1.0,3,3,3,173.61,173.61,0.9985,4088924,0,0,0.6628,66.28,ACCEPT,No new SMMA crossover,GAIL,4717,GAIL-EQ,GAIL,NSE
NSE:LXCHEM-EQ,172.99,172.95,216,172.99,200,125297,325124,450421,173.56,176.92,NONE,6,6.0,6.0,1.0,6,6,6,172.99,172.99,0.0385,297888,0,0,0.4184,41.84,AVOID,No new SMMA crossover,LXCHEM,2841,LXCHEM-EQ,LXCHEM,NSE
NSE:KRONOX-EQ,172.29,172.32,1,172.67,1,17761,191594,209355,172.43,168.15,NONE,10,10.0,10.0,1.0,10,10,10,172.29,172.29,0.0,557132,0,0,0.726,72.6,ACCEPT,No new SMMA crossover,KRONOX,24025,KRONOX-EQ,KRONOX,NSE
NSE:NACLIND-EQ,171.62,171.7,3,171.78,9,90198,125600,215798,172.85,176.72,NONE,4,4.0,4.0,1.0,4,4,4,171.62,171.62,-0.5,265063,0,0,0.6871,68.71,ACCEPT,No new SMMA crossover,NACLIND,20425,NACLIND-EQ,NACLIND,NSE
NSE:SHK-EQ,170.4,170.45,2,170.61,1,67663,193617,261280,171.88,171.46,NONE,2549,2549.0,2549.0,1.0,2549,2549,2549,170.4,170.4,0.3333,504900,0,0,0.6493,64.93,ACCEPT,No new SMMA crossover,SHK,11212,SHK-EQ,SHK,NSE
NSE:HEALTHIETF-EQ,170.08,170.06,313,170.14,78,619453,527986,1147439,170.38,170.83,NONE,232,232.0,232.0,1.0,232,232,232,170.08,170.08,0.601,37821,0,0,0.5576,55.76,ACCEPT,No new SMMA crossover,HEALTHIETF,3626,HEALTHIETF-EQ,HEALTHIETF,NSE
NSE:MOTHERSON-EQ,169.89,169.87,1,169.9,89,1233007,2314515,3547522,169.93,167.45,NONE,39,39.0,39.0,1.0,39,39,39,169.89,169.89,-0.9778,10316111,0,0,0.403,40.3,AVOID,No new SMMA crossover,MOTHERSON,4204,MOTHERSON-EQ,MOTHERSON,NSE
NSE:HEALTHAXIS-EQ,168.8,168.63,10,168.8,4975,164808,73002,237810,169.01,169.51,NONE,900,900.0,900.0,1.0,900,900,900,168.8,168.8,-0.996,9089,0,0,0.4575,45.75,AVOID,No new SMMA crossover,HEALTHAXIS,3608,HEALTHAXIS-EQ,HEALTHAXIS,NSE
NSE:ABSL10BANK-EQ,168.8,169.01,12,169.19,1,139296,10200,149496,169.07,169.77,NONE,1,1.0,1.0,1.0,1,1,1,168.8,168.8,0.8462,108031,0,0,0.7323,73.23,ACCEPT,No new SMMA crossover,ABSL10BANK,760247,ABSL10BANK-EQ,ABSL10BANK,NSE
NSE:MAKEINDIA-EQ,168.59,168.51,52,168.59,355,236636,189556,426192,168.79,169.08,NONE,2,2.0,2.0,1.0,2,2,2,168.59,168.59,-0.7445,15239,0,0,0.1115,11.15,AVOID,No new SMMA crossover,MAKEINDIA,7979,MAKEINDIA-EQ,MAKEINDIA,NSE
NSE:GAEL-EQ,167.96,167.86,13,167.95,30,111758,166322,278080,167.71,170.27,NONE,147,147.0,147.0,1.0,147,147,147,167.96,167.96,-0.3953,330787,0,0,0.6816,68.16,ACCEPT,No new SMMA crossover,GAEL,8828,GAEL-EQ,GAEL,NSE
NSE:PINELABS-EQ,167.57,167.5,335,167.57,4087,769905,2254388,3024293,167.3,163.3,NONE,113,113.0,113.0,1.0,113,113,113,167.57,167.57,-0.8485,11097781,0,0,0.1856,18.56,AVOID,No new SMMA crossover,PINELABS,759820,PINELABS-EQ,PINELABS,NSE
NSE:MBAPL-EQ,166.59,166.45,13,166.58,150,157057,148238,305295,165.94,163.33,NONE,51,51.0,51.0,1.0,51,51,51,166.59,166.59,-0.8405,389024,0,0,0.5515,55.15,ACCEPT,No new SMMA crossover,MBAPL,12686,MBAPL-EQ,MBAPL,NSE
NSE:SHAREINDIA-EQ,165.51,165.5,346,165.64,162,75593,106360,181953,166.04,168.39,NONE,2,2.0,2.0,1.0,2,2,2,165.51,165.51,0.3622,91059,0,0,0.3412,34.12,AVOID,No new SMMA crossover,SHAREINDIA,104,SHAREINDIA-EQ,SHAREINDIA,NSE
NSE:WELSPUNLIV-EQ,163.9,163.82,872,163.9,287,180041,417037,597078,161.95,162.48,NONE,88,88.0,88.0,1.0,88,88,88,163.9,163.9,0.5047,1132062,0,0,0.2436,24.36,AVOID,No new SMMA crossover,WELSPUNLIV,11253,WELSPUNLIV-EQ,WELSPUNLIV,NSE
NSE:NOCIL-EQ,163.26,163.26,90,163.4,7,95134,194181,289315,163.72,166.86,NONE,30,30.0,30.0,1.0,30,30,30,163.26,163.26,0.8557,421591,0,0,0.6479,64.79,ACCEPT,No new SMMA crossover,NOCIL,2442,NOCIL-EQ,NOCIL,NSE
NSE:HINDOILEXP-EQ,162.48,162.4,77,162.51,7,101569,216680,318249,163.31,162.94,NONE,626,626.0,626.0,1.0,626,626,626,162.48,162.48,0.8333,292194,0,0,0.6665,66.65,ACCEPT,No new SMMA crossover,HINDOILEXP,1403,HINDOILEXP-EQ,HINDOILEXP,NSE
NSE:FINPIPE-EQ,161.7,161.7,323,161.77,97,137877,261966,399843,161.71,162.64,NONE,1,1.0,1.0,1.0,1,1,1,161.7,161.7,0.5381,248014,0,0,0.498,49.8,AVOID,No new SMMA crossover,FINPIPE,1041,FINPIPE-EQ,FINPIPE,NSE
NSE:GSFC-EQ,161.47,161.64,2,161.75,25,96557,337394,433951,161.52,161.58,NONE,13,13.0,13.0,1.0,13,13,13,161.47,161.47,-0.8519,473468,0,0,0.6193,61.93,ACCEPT,No new SMMA crossover,GSFC,1247,GSFC-EQ,GSFC,NSE
NSE:FINOPB-EQ,161.44,161.44,99,161.54,11,61380,177874,239254,161.69,160.13,NONE,1,1.0,1.0,1.0,1,1,1,161.44,161.44,0.8,210344,0,0,0.6277,62.77,ACCEPT,No new SMMA crossover,FINOPB,6579,FINOPB-EQ,FINOPB,NSE
NSE:SURYODAY-EQ,160.69,160.64,50,160.72,1,105561,148003,253564,161.27,162.3,NONE,100,100.0,100.0,1.0,100,100,100,160.69,160.69,0.9608,199452,0,0,0.786,78.6,ACCEPT,No new SMMA crossover,SURYODAY,2970,SURYODAY-EQ,SURYODAY,NSE
NSE:TIRUMALCHM-EQ,160.25,160.25,72,160.4,184,61934,111671,173605,161.02,165.02,NONE,200,200.0,200.0,1.0,200,200,200,160.25,160.25,-0.4375,154559,0,0,0.4404,44.04,AVOID,No new SMMA crossover,TIRUMALCHM,3496,TIRUMALCHM-EQ,TIRUMALCHM,NSE
NSE:PENIND-EQ,160.21,160.16,27,160.42,84,43360,124393,167753,160.07,160.92,NONE,11,11.0,11.0,1.0,11,11,11,160.21,160.21,-0.5135,194363,0,0,0.5877,58.77,ACCEPT,No new SMMA crossover,PENIND,20621,PENIND-EQ,PENIND,NSE
NSE:AVANTEL-EQ,159.51,159.58,60,159.71,40,123467,298128,421595,159.85,161.55,NONE,132,132.0,132.0,1.0,132,132,132,159.51,159.51,0.2,244454,0,0,0.6309,63.09,ACCEPT,No new SMMA crossover,AVANTEL,24610,AVANTEL-EQ,AVANTEL,NSE
NSE:VIKRAMSOLR-EQ,159.1,159.0,434,159.13,196,317037,438306,755343,159.2,161.91,NONE,13,13.0,13.0,1.0,13,13,13,159.1,159.1,0.3778,797655,0,0,0.4217,42.17,AVOID,No new SMMA crossover,VIKRAMSOLR,759453,VIKRAMSOLR-EQ,VIKRAMSOLR,NSE
NSE:TNPL-EQ,155.51,155.3,50,155.53,2,81147,229068,310215,155.98,155.01,NONE,78,78.0,78.0,1.0,78,78,78,155.51,155.51,0.9231,385017,0,0,0.7213,72.13,ACCEPT,No new SMMA crossover,TNPL,3980,TNPL-EQ,TNPL,NSE
NSE:IGL-EQ,154.63,154.6,281,154.63,2,193950,411676,605626,153.99,153.24,NONE,1,1.0,1.0,1.0,1,1,1,154.63,154.63,0.9859,487068,0,0,0.5806,58.06,ACCEPT,No new SMMA crossover,IGL,11262,IGL-EQ,IGL,NSE
NSE:FEDFINA-EQ,152.75,152.64,45,152.75,1187,132406,365097,497503,153.02,151.94,NONE,250,250.0,250.0,1.0,250,250,250,152.75,152.75,-0.9269,611461,0,0,0.387,38.7,AVOID,No new SMMA crossover,FEDFINA,20322,FEDFINA-EQ,FEDFINA,NSE
NSE:VINCOFE-EQ,148.78,148.8,70,148.88,28,114346,227256,341602,148.48,148.71,NONE,47,47.0,47.0,1.0,47,47,47,148.78,148.78,0.4286,283856,0,0,0.6413,64.13,ACCEPT,No new SMMA crossover,VINCOFE,25835,VINCOFE-EQ,VINCOFE,NSE
NSE:GPPL-EQ,148.65,148.6,133,148.66,49,181844,347326,529170,148.47,149.4,NONE,2,2.0,2.0,1.0,2,2,2,148.65,148.65,0.4615,446537,0,0,0.5224,52.24,ACCEPT,No new SMMA crossover,GPPL,19731,GPPL-EQ,GPPL,NSE
NSE:MONQ50-EQ,148.2,148.2,290850,0.0,0,302098,0,302098,148.27,147.0,NONE,4,4.0,4.0,1.0,4,4,4,148.2,148.2,1.0,5139,0,0,0.577,57.7,ACCEPT,No new SMMA crossover,MONQ50,7422,MONQ50-EQ,MONQ50,NSE
NSE:GOLDADD-EQ,148.16,148.16,153,148.18,84830,449702,601568,1051270,148.07,146.6,NONE,51,51.0,51.0,1.0,51,51,51,148.16,148.16,-0.9964,491705,0,0,0.304,30.4,AVOID,No new SMMA crossover,GOLDADD,15356,GOLDADD-EQ,GOLDADD,NSE
NSE:GOLDETF-EQ,148.16,148.15,250,148.18,192,567796,796011,1363807,148.02,146.52,NONE,210,210.0,210.0,1.0,210,210,210,148.16,148.16,0.1312,529805,0,0,0.4599,45.99,AVOID,No new SMMA crossover,GOLDETF,14286,GOLDETF-EQ,GOLDETF,NSE
NSE:CANHLIFE-EQ,148.04,148.05,9,148.18,200,90802,148341,239143,148.57,149.84,NONE,8,8.0,8.0,1.0,8,8,8,148.04,148.04,-0.9139,157703,0,0,0.5516,55.16,ACCEPT,No new SMMA crossover,CANHLIFE,759477,CANHLIFE-EQ,CANHLIFE,NSE
NSE:PARADEEP-EQ,147.93,147.87,175,147.94,180,249532,1183111,1432643,149.32,150.23,NONE,44,44.0,44.0,1.0,44,44,44,147.93,147.93,-0.0141,1891883,0,0,0.2308,23.08,AVOID,No new SMMA crossover,PARADEEP,9741,PARADEEP-EQ,PARADEEP,NSE
NSE:BANKINDIA-EQ,144.29,144.31,734,144.33,1261,1144270,2059309,3203579,144.31,142.74,NONE,19,19.0,19.0,1.0,19,19,19,144.29,144.29,-0.2642,5986759,0,0,0.2015,20.15,AVOID,No new SMMA crossover,BANKINDIA,4745,BANKINDIA-EQ,BANKINDIA,NSE
NSE:NCC-EQ,143.6,143.6,485,143.67,509,209618,438107,647725,143.9,144.72,NONE,7,7.0,7.0,1.0,7,7,7,143.6,143.6,-0.0241,454384,0,0,0.2328,23.28,AVOID,No new SMMA crossover,NCC,2319,NCC-EQ,NCC,NSE
NSE:NV20BEES-EQ,141.2,141.12,100,141.2,746,250895,153571,404466,141.48,142.09,NONE,710,710.0,710.0,1.0,710,710,710,141.2,141.2,-0.7636,6888,0,0,0.2746,27.46,AVOID,No new SMMA crossover,NV20BEES,9847,NV20BEES-EQ,NV20BEES,NSE
NSE:EXICOM-EQ,140.46,140.46,28,140.57,36,116504,220621,337125,141.78,151.11,NONE,1,1.0,1.0,1.0,1,1,1,140.46,140.46,-0.125,602110,0,0,0.5483,54.83,ACCEPT,No new SMMA crossover,EXICOM,22947,EXICOM-EQ,EXICOM,NSE
NSE:MUKANDLTD-EQ,140.28,140.17,90,140.32,1,144307,133702,278009,139.72,140.83,NONE,1,1.0,1.0,1.0,1,1,1,140.28,140.28,0.978,1066062,0,0,0.7415,74.15,ACCEPT,No new SMMA crossover,MUKANDLTD,11325,MUKANDLTD-EQ,MUKANDLTD,NSE
NSE:URBANCO-EQ,137.97,137.96,190,138.06,468,178451,550196,728647,138.59,140.27,NONE,113,113.0,113.0,1.0,113,113,113,137.97,137.97,-0.4225,982909,0,0,0.3062,30.62,AVOID,No new SMMA crossover,URBANCO,759084,URBANCO-EQ,URBANCO,NSE
NSE:WEL-EQ,135.79,135.61,6,135.78,4,389693,184138,573831,135.44,132.65,NONE,85,85.0,85.0,1.0,85,85,85,135.79,135.79,0.2,283063,0,0,0.8274,82.74,ACCEPT,No new SMMA crossover,WEL,7835,WEL-EQ,WEL,NSE
NSE:ARIS-EQ,135.7,135.51,41,135.6,51,449194,277653,726847,134.95,134.03,NONE,335,335.0,335.0,1.0,335,335,335,135.7,135.7,-0.1087,391145,0,0,0.573,57.3,ACCEPT,No new SMMA crossover,ARIS,757614,ARIS-EQ,ARIS,NSE
NSE:MUFIN-EQ,134.76,134.76,7,134.86,25,934036,449642,1383678,135.22,136.34,NONE,2,2.0,2.0,1.0,2,2,2,134.76,134.76,-0.5625,1420772,0,0,0.3674,36.74,AVOID,No new SMMA crossover,MUFIN,19783,MUFIN-EQ,MUFIN,NSE
NSE:HEMIPROP-EQ,134.59,134.5,1,134.58,22,98849,266337,365186,135.0,136.83,NONE,9,9.0,9.0,1.0,9,9,9,134.59,134.59,-0.913,277079,0,0,0.6496,64.96,ACCEPT,No new SMMA crossover,HEMIPROP,701,HEMIPROP-EQ,HEMIPROP,NSE
NSE:CONSUMBEES-EQ,134.28,134.19,50,134.26,50,422661,222078,644739,134.48,135.4,NONE,190,190.0,190.0,1.0,190,190,190,134.28,134.28,0.0,44429,0,0,0.6028,60.28,ACCEPT,No new SMMA crossover,CONSUMBEES,2435,CONSUMBEES-EQ,CONSUMBEES,NSE
NSE:BSLGOLDETF-EQ,134.12,134.12,234,134.16,600,481289,371261,852550,133.99,132.6,NONE,1,1.0,1.0,1.0,1,1,1,134.12,134.12,-0.4388,2309382,0,0,0.1593,15.93,AVOID,No new SMMA crossover,BSLGOLDETF,23804,BSLGOLDETF-EQ,BSLGOLDETF,NSE
NSE:GKSL-EQ,133.53,133.38,6,133.53,249,120965,109283,230248,133.55,134.01,NONE,1,1.0,1.0,1.0,1,1,1,133.53,133.53,-0.9529,47024,0,0,0.2898,28.98,AVOID,No new SMMA crossover,GKSL,761197,GKSL-EQ,GKSL,NSE
NSE:IVZINGOLD-EQ,132.7,132.65,29,132.7,1733,113306,73162,186468,132.64,131.14,NONE,10,10.0,10.0,1.0,10,10,10,132.7,132.7,-0.9671,7158,0,0,0.2554,25.54,AVOID,No new SMMA crossover,IVZINGOLD,18292,IVZINGOLD-EQ,IVZINGOLD,NSE
NSE:MANBA-EQ,131.34,131.34,1,131.65,41,155763,28311,184074,131.39,132.01,NONE,31,31.0,31.0,1.0,31,31,31,131.34,131.34,-0.9524,17101,0,0,0.6461,64.61,ACCEPT,No new SMMA crossover,MANBA,25597,MANBA-EQ,MANBA,NSE
NSE:HDFCNIMEG-EQ,131.2,131.12,85,131.36,79,222120,168085,390205,131.42,131.56,NONE,27,27.0,27.0,1.0,27,27,27,131.2,131.2,0.0366,18164,0,0,0.4655,46.55,AVOID,No new SMMA crossover,HDFCNIMEG,764336,HDFCNIMEG-EQ,HDFCNIMEG,NSE
NSE:CANBK-EQ,131.18,131.15,2892,131.18,313,1930200,7336518,9266718,131.38,130.46,NONE,2,2.0,2.0,1.0,2,2,2,131.18,131.18,0.8047,19435206,0,0,0.1332,13.32,AVOID,No new SMMA crossover,CANBK,10794,CANBK-EQ,CANBK,NSE
NSE:GOLDIETF-EQ,130.65,130.62,550,130.66,5837,832387,978961,1811348,130.54,129.28,NONE,5,5.0,5.0,1.0,5,5,5,130.65,130.65,-0.8278,1834411,0,0,0.1631,16.31,AVOID,No new SMMA crossover,GOLDIETF,19679,GOLDIETF-EQ,GOLDIETF,NSE
NSE:HDFCGOLD-EQ,130.22,130.22,5140,130.25,630,686972,855981,1542953,130.13,128.82,NONE,35,35.0,35.0,1.0,35,35,35,130.22,130.22,0.7816,1549164,0,0,0.2013,20.13,AVOID,No new SMMA crossover,HDFCGOLD,19543,HDFCGOLD-EQ,HDFCGOLD,NSE
NSE:SETFGOLD-EQ,130.03,130.04,5778,130.05,1150,757453,709479,1466932,129.94,128.65,NONE,125,125.0,125.0,1.0,125,125,125,130.03,130.03,0.668,1218630,0,0,0.1699,16.99,AVOID,No new SMMA crossover,SETFGOLD,17272,SETFGOLD-EQ,SETFGOLD,NSE
NSE:TARC-EQ,129.63,129.5,483,129.62,9,81837,254504,336341,129.15,130.28,NONE,10,10.0,10.0,1.0,10,10,10,129.63,129.63,0.9634,433815,0,0,0.6504,65.04,ACCEPT,No new SMMA crossover,TARC,1581,TARC-EQ,TARC,NSE
NSE:TVSSCS-EQ,129.61,129.56,1,129.61,129,140665,294027,434692,129.8,129.85,NONE,2,2.0,2.0,1.0,2,2,2,129.61,129.61,-0.9846,2713114,0,0,0.247,24.7,AVOID,No new SMMA crossover,TVSSCS,18151,TVSSCS-EQ,TVSSCS,NSE
NSE:GOLDBETA-EQ,128.35,128.25,32200,128.35,978,317842,302144,619986,128.22,126.91,NONE,190,190.0,190.0,1.0,190,190,190,128.35,128.35,0.941,339899,0,0,0.1779,17.79,AVOID,No new SMMA crossover,GOLDBETA,14535,GOLDBETA-EQ,GOLDBETA,NSE
NSE:GKENERGY-EQ,128.3,128.0,50,128.28,27,55815,130746,186561,129.15,132.0,NONE,279,279.0,279.0,1.0,279,279,279,128.3,128.3,0.2987,307579,0,0,0.6471,64.71,ACCEPT,No new SMMA crossover,GKENERGY,759048,GKENERGY-EQ,GKENERGY,NSE
NSE:AEROENTER-EQ,127.65,127.36,76,127.53,20,96931,500075,597006,129.63,129.07,NONE,1,1.0,1.0,1.0,1,1,1,127.65,127.65,0.5833,787746,0,0,0.5982,59.82,ACCEPT,No new SMMA crossover,AEROENTER,12015,AEROENTER-EQ,AEROENTER,NSE
NSE:GOLD1-EQ,127.3,127.29,1664,127.35,325,699119,769379,1468498,127.21,125.92,NONE,100,100.0,100.0,1.0,100,100,100,127.3,127.3,0.6732,956662,0,0,0.2879,28.79,AVOID,No new SMMA crossover,GOLD1,14858,GOLD1-EQ,GOLD1,NSE
NSE:HDFCVALUE-EQ,127.19,127.15,14,127.2,1,209654,267716,477370,127.5,128.07,NONE,42,42.0,42.0,1.0,42,42,42,127.19,127.19,0.8667,3304,0,0,0.7925,79.25,ACCEPT,No new SMMA crossover,HDFCVALUE,11260,HDFCVALUE-EQ,HDFCVALUE,NSE
NSE:GOLDAXIS-EQ,127.01,126.98,3750,127.01,2500,498379,473677,972056,126.9,125.75,NONE,50,50.0,50.0,1.0,50,50,50,127.01,127.01,0.2,207058,0,0,0.3524,35.24,AVOID,No new SMMA crossover,GOLDAXIS,20532,GOLDAXIS-EQ,GOLDAXIS,NSE
NSE:TURTLEMINT-EQ,126.42,126.3,5,126.43,83,71527,216335,287862,126.43,119.41,NONE,1,1.0,1.0,1.0,1,1,1,126.42,126.42,-0.8864,490699,0,0,0.4678,46.78,AVOID,No new SMMA crossover,TURTLEMINT,756090,TURTLEMINT-EQ,TURTLEMINT,NSE
NSE:ORIENTHOT-EQ,126.18,126.17,105,126.38,10,113547,136031,249578,127.06,127.43,NONE,125,125.0,125.0,1.0,125,125,125,126.18,126.18,0.8261,78393,0,0,0.7329,73.29,ACCEPT,No new SMMA crossover,ORIENTHOT,2493,ORIENTHOT-EQ,ORIENTHOT,NSE
NSE:GOLDBEES-EQ,126.1,126.1,8633,126.12,6232,2321089,3708969,6030058,125.98,124.7,NONE,200,200.0,200.0,1.0,200,200,200,126.1,126.1,0.1615,9275795,0,0,0.1777,17.77,AVOID,No new SMMA crossover,GOLDBEES,14428,GOLDBEES-EQ,GOLDBEES,NSE
NSE:CONSUMIETF-EQ,124.9,124.8,30,124.88,69,449464,443594,893058,125.14,125.99,NONE,200,200.0,200.0,1.0,200,200,200,124.9,124.9,-0.3939,32716,0,0,0.5809,58.09,ACCEPT,No new SMMA crossover,CONSUMIETF,6446,CONSUMIETF-EQ,CONSUMIETF,NSE
NSE:SBIETFCON-EQ,124.78,124.3,20000,124.77,41050,141033,106201,247234,124.88,125.68,NONE,17,17.0,17.0,1.0,17,17,17,124.78,124.78,-0.3448,8681,0,0,0.2013,20.13,AVOID,No new SMMA crossover,SBIETFCON,5168,SBIETFCON-EQ,SBIETFCON,NSE
NSE:IEX-EQ,124.45,124.45,285,124.48,292,913758,1083933,1997691,124.64,126.15,NONE,29,29.0,29.0,1.0,29,29,29,124.45,124.45,-0.0121,1567892,0,0,0.2395,23.95,AVOID,No new SMMA crossover,IEX,220,IEX-EQ,IEX,NSE
NSE:CONSUMAXIS-EQ,124.39,124.22,1,124.39,9949,100201,95155,195356,124.62,125.33,NONE,1,1.0,1.0,1.0,1,1,1,124.39,124.39,-0.9998,170,0,0,0.0972,9.72,AVOID,No new SMMA crossover,CONSUMAXIS,5732,CONSUMAXIS-EQ,CONSUMAXIS,NSE
NSE:WAKEFIT-EQ,122.7,122.71,144,122.85,86,103593,175771,279364,123.2,125.58,NONE,16,16.0,16.0,1.0,16,16,16,122.7,122.7,0.2522,356871,0,0,0.4863,48.63,AVOID,No new SMMA crossover,WAKEFIT,760259,WAKEFIT-EQ,WAKEFIT,NSE
NSE:HDFCGROWTH-EQ,122.5,122.47,8,122.5,592,265030,240098,505128,122.99,123.71,NONE,2,2.0,2.0,1.0,2,2,2,122.5,122.5,-0.9733,11228,0,0,0.0657,6.57,AVOID,No new SMMA crossover,HDFCGROWTH,11241,HDFCGROWTH-EQ,HDFCGROWTH,NSE
NSE:BEPL-EQ,120.81,120.74,171,120.85,491,181081,361719,542800,121.27,122.88,NONE,206,206.0,206.0,1.0,206,206,206,120.81,120.81,-0.4834,426560,0,0,0.3326,33.26,AVOID,No new SMMA crossover,BEPL,419,BEPL-EQ,BEPL,NSE
NSE:BLUSPRING-EQ,120.07,120.07,25,120.41,31,74000,194728,268728,120.88,116.56,NONE,100,100.0,100.0,1.0,100,100,100,120.07,120.07,-0.1071,756136,0,0,0.657,65.7,ACCEPT,No new SMMA crossover,BLUSPRING,757520,BLUSPRING-EQ,BLUSPRING,NSE
NSE:ADVANCE-EQ,118.99,118.95,294,118.99,86,114378,64422,178800,120.9,123.74,NONE,150,150.0,150.0,1.0,150,150,150,118.99,118.99,0.5474,299453,0,0,0.5387,53.87,ACCEPT,No new SMMA crossover,ADVANCE,759402,ADVANCE-EQ,ADVANCE,NSE
NSE:EDELWEISS-EQ,118.13,118.08,186,118.13,18,249032,846436,1095468,118.34,118.8,NONE,95,95.0,95.0,1.0,95,95,95,118.13,118.13,0.8235,565573,0,0,0.6523,65.23,ACCEPT,No new SMMA crossover,EDELWEISS,15119,EDELWEISS-EQ,EDELWEISS,NSE
NSE:PNB-EQ,118.0,117.97,896,118.0,15068,3456605,5844377,9300982,117.66,115.08,NONE,579,579.0,579.0,1.0,579,579,579,118.0,118.0,-0.8877,38648193,0,0,0.2432,24.32,AVOID,No new SMMA crossover,PNB,10666,PNB-EQ,PNB,NSE
NSE:AJMERA-EQ,117.92,117.77,18,117.92,1,102051,98285,200336,118.65,121.86,NONE,62,62.0,62.0,1.0,62,62,62,117.92,117.92,0.8947,191318,0,0,0.7944,79.44,ACCEPT,No new SMMA crossover,AJMERA,17307,AJMERA-EQ,AJMERA,NSE
NSE:YATRA-EQ,117.66,117.59,1,117.66,52,298815,880802,1179617,117.22,110.9,NONE,1,1.0,1.0,1.0,1,1,1,117.66,117.66,-0.9623,5819863,0,0,0.3387,33.87,AVOID,No new SMMA crossover,YATRA,18760,YATRA-EQ,YATRA,NSE
NSE:BOMDYEING-EQ,116.59,116.53,11,116.6,100,125266,193387,318653,116.44,118.37,NONE,70,70.0,70.0,1.0,70,70,70,116.59,116.59,-0.8018,196688,0,0,0.6439,64.39,ACCEPT,No new SMMA crossover,BOMDYEING,513,BOMDYEING-EQ,BOMDYEING,NSE
NSE:GPTINFRA-EQ,116.53,116.53,280,116.66,73,105590,111660,217250,116.47,116.07,NONE,53,53.0,53.0,1.0,53,53,53,116.53,116.53,0.5864,33598,0,0,0.5281,52.81,ACCEPT,No new SMMA crossover,GPTINFRA,17685,GPTINFRA-EQ,GPTINFRA,NSE
NSE:GHCLTEXTIL-EQ,116.47,116.32,86,116.46,7,91711,191534,283245,117.06,118.77,NONE,11,11.0,11.0,1.0,11,11,11,116.47,116.47,0.8495,153346,0,0,0.669,66.9,ACCEPT,No new SMMA crossover,GHCLTEXTIL,16696,GHCLTEXTIL-EQ,GHCLTEXTIL,NSE
NSE:ICICIB22-EQ,115.93,115.86,580,115.93,36,966409,1175650,2142059,116.03,116.44,NONE,20,20.0,20.0,1.0,20,20,20,115.93,115.93,0.8831,78700,0,0,0.6312,63.12,ACCEPT,No new SMMA crossover,ICICIB22,522,ICICIB22-EQ,ICICIB22,NSE
NSE:TFCILTD-EQ,115.45,115.38,865,115.45,428,3364096,968962,4333058,115.35,114.95,NONE,1,1.0,1.0,1.0,1,1,1,115.45,115.45,0.338,4966334,0,0,0.1398,13.98,AVOID,No new SMMA crossover,TFCILTD,3466,TFCILTD-EQ,TFCILTD,NSE
NSE:LIQUIDCASE-EQ,115.42,115.42,67318068,115.43,856361,67482556,70605587,138088143,115.43,115.4,NONE,3000,3000.0,3000.0,1.0,3000,3000,3000,115.42,115.42,0.9749,6120457,0,0,0.2215,22.15,AVOID,No new SMMA crossover,LIQUIDCASE,21750,LIQUIDCASE-EQ,LIQUIDCASE,NSE
NSE:MOVALUE-EQ,114.97,114.86,25,114.97,90,285399,245657,531056,115.2,115.35,NONE,91,91.0,91.0,1.0,91,91,91,114.97,114.97,-0.5652,38458,0,0,0.6385,63.85,ACCEPT,No new SMMA crossover,MOVALUE,10825,MOVALUE-EQ,MOVALUE,NSE
NSE:ASHOKA-EQ,113.94,113.94,1063,114.0,5334,254478,271224,525702,114.32,116.84,NONE,6,6.0,6.0,1.0,6,6,6,113.94,113.94,-0.6677,761399,0,0,0.1738,17.38,AVOID,No new SMMA crossover,ASHOKA,20182,ASHOKA-EQ,ASHOKA,NSE
NSE:MANINFRA-EQ,112.79,112.8,32,112.89,199,535177,574305,1109482,112.78,113.22,NONE,178,178.0,178.0,1.0,178,178,178,112.79,112.79,-0.7229,571782,0,0,0.522,52.2,ACCEPT,No new SMMA crossover,MANINFRA,18226,MANINFRA-EQ,MANINFRA,NSE
NSE:GNRL-EQ,112.4,112.4,643,112.49,87,36498,132741,169239,112.38,104.85,NONE,110,110.0,110.0,1.0,110,110,110,112.4,112.4,0.7616,294810,0,0,0.5534,55.34,ACCEPT,No new SMMA crossover,GNRL,762690,GNRL-EQ,GNRL,NSE
NSE:EKC-EQ,112.28,112.28,121,112.38,75,99161,151629,250790,112.66,113.1,NONE,3,3.0,3.0,1.0,3,3,3,112.28,112.28,0.2347,50404,0,0,0.4359,43.59,AVOID,No new SMMA crossover,EKC,13091,EKC-EQ,EKC,NSE
NSE:GROWWLIQID-EQ,110.31,110.3,8478571,110.31,8485697,8492154,8492209,16984363,110.3,110.28,NONE,27,27.0,27.0,1.0,27,27,27,110.31,110.31,-0.0004,36479,0,0,0.2924,29.24,AVOID,No new SMMA crossover,GROWWLIQID,25447,GROWWLIQID-EQ,GROWWLIQID,NSE
NSE:CAMLINFINE-EQ,109.45,109.33,63,109.45,2,377693,500456,878149,112.97,122.55,NONE,10,10.0,10.0,1.0,10,10,10,109.45,109.45,0.9385,4005707,0,0,0.6689,66.89,ACCEPT,No new SMMA crossover,CAMLINFINE,6216,CAMLINFINE-EQ,CAMLINFINE,NSE
NSE:LEMONTREE-EQ,108.72,108.66,868,108.7,523,579581,678000,1257581,108.69,109.42,NONE,22,22.0,22.0,1.0,22,22,22,108.72,108.72,0.248,1498317,0,0,0.2807,28.07,AVOID,No new SMMA crossover,LEMONTREE,2606,LEMONTREE-EQ,LEMONTREE,NSE
NSE:VMM-EQ,107.85,107.8,2112,107.85,428,1030904,1962273,2993177,108.32,108.85,NONE,50,50.0,50.0,1.0,50,50,50,107.85,107.85,0.663,3102522,0,0,0.2041,20.41,AVOID,No new SMMA crossover,VMM,27969,VMM-EQ,VMM,NSE
NSE:THOMASCOOK-EQ,107.27,107.26,47,107.39,299,304177,438854,743031,107.42,106.83,NONE,5,5.0,5.0,1.0,5,5,5,107.27,107.27,-0.7283,817817,0,0,0.3177,31.77,AVOID,No new SMMA crossover,THOMASCOOK,3481,THOMASCOOK-EQ,THOMASCOOK,NSE
NSE:TNPETRO-EQ,107.2,107.15,24,107.19,43,267880,583855,851735,107.69,102.89,NONE,1,1.0,1.0,1.0,1,1,1,107.2,107.2,-0.2836,4702356,0,0,0.3755,37.55,AVOID,No new SMMA crossover,TNPETRO,3509,TNPETRO-EQ,TNPETRO,NSE
NSE:TEXRAIL-EQ,107.17,107.1,226,107.19,199,222002,466307,688309,107.21,107.84,NONE,86,86.0,86.0,1.0,86,86,86,107.17,107.17,0.0635,433145,0,0,0.4938,49.38,AVOID,No new SMMA crossover,TEXRAIL,21828,TEXRAIL-EQ,TEXRAIL,NSE
NSE:MODEFENCE-EQ,104.99,104.99,219,105.05,127,847747,771173,1618920,105.02,105.33,NONE,12,12.0,12.0,1.0,12,12,12,104.99,104.99,0.2659,625567,0,0,0.4657,46.57,AVOID,No new SMMA crossover,MODEFENCE,24944,MODEFENCE-EQ,MODEFENCE,NSE
NSE:INA-EQ,104.85,104.8,20,104.85,1,81134,142211,223345,104.4,106.95,NONE,3,3.0,3.0,1.0,3,3,3,104.85,104.85,0.9048,452562,0,0,0.6937,69.37,ACCEPT,No new SMMA crossover,INA,761099,INA-EQ,INA,NSE
NSE:GMRAIRPORT-EQ,103.11,103.11,714,103.14,1288,1010432,827618,1838050,103.39,105.12,NONE,8,8.0,8.0,1.0,8,8,8,103.11,103.11,-0.2867,8773659,0,0,0.158,15.8,AVOID,No new SMMA crossover,GMRAIRPORT,13528,GMRAIRPORT-EQ,GMRAIRPORT,NSE
NSE:MARSONS-EQ,101.3,101.3,35,101.35,50,292415,171833,464248,101.68,103.79,NONE,6,6.0,6.0,1.0,6,6,6,101.3,101.3,-0.1765,680129,0,0,0.4202,42.02,AVOID,No new SMMA crossover,MARSONS,761386,MARSONS-EQ,MARSONS,NSE
NSE:MUNJALAU-EQ,100.71,100.71,5,100.94,4,84200,144406,228606,101.21,102.23,NONE,1,1.0,1.0,1.0,1,1,1,100.71,100.71,0.1111,94088,0,0,0.7672,76.72,ACCEPT,No new SMMA crossover,MUNJALAU,13511,MUNJALAU-EQ,MUNJALAU,NSE
NSE:COMMOIETF-EQ,100.54,100.41,19,100.59,5237,642121,510342,1152463,100.7,101.3,NONE,51,51.0,51.0,1.0,51,51,51,100.54,100.54,-0.9928,9065,0,0,0.3927,39.27,AVOID,No new SMMA crossover,COMMOIETF,13198,COMMOIETF-EQ,COMMOIETF,NSE
NSE:DIGITIDE-EQ,100.07,100.22,1,100.36,24,78569,107886,186455,100.43,101.86,NONE,35,35.0,35.0,1.0,35,35,35,100.07,100.07,-0.92,91393,0,0,0.6499,64.99,ACCEPT,No new SMMA crossover,DIGITIDE,757515,DIGITIDE-EQ,DIGITIDE,NSE
NSE:NAVKARCORP-EQ,99.28,99.02,85,99.13,200,92796,110750,203546,99.42,100.32,NONE,5,5.0,5.0,1.0,5,5,5,99.28,99.28,-0.4035,113809,0,0,0.3749,37.49,AVOID,No new SMMA crossover,NAVKARCORP,10557,NAVKARCORP-EQ,NAVKARCORP,NSE
NSE:VISAKAIND-EQ,98.8,98.73,135,98.92,3,97305,276592,373897,99.44,98.53,NONE,48,48.0,48.0,1.0,48,48,48,98.8,98.8,0.9565,373386,0,0,0.6758,67.58,ACCEPT,No new SMMA crossover,VISAKAIND,4221,VISAKAIND-EQ,VISAKAIND,NSE
NSE:ANDHRSUGAR-EQ,98.56,98.56,168,98.6,15,159712,190364,350076,98.45,96.82,NONE,25,25.0,25.0,1.0,25,25,25,98.56,98.56,0.8361,386608,0,0,0.6338,63.38,ACCEPT,No new SMMA crossover,ANDHRSUGAR,136,ANDHRSUGAR-EQ,ANDHRSUGAR,NSE
NSE:GROWWPSE-EQ,98.4,98.0,121,98.42,44925,120744,98276,219020,98.45,98.93,NONE,25,25.0,25.0,1.0,25,25,25,98.4,98.4,-0.9946,8091,0,0,0.2651,26.51,AVOID,No new SMMA crossover,GROWWPSE,760976,GROWWPSE-EQ,GROWWPSE,NSE
NSE:ESTER-EQ,97.95,97.85,22,98.06,1,105831,198621,304452,98.45,96.66,NONE,1,1.0,1.0,1.0,1,1,1,97.95,97.95,0.913,459658,0,0,0.7106,71.06,ACCEPT,No new SMMA crossover,ESTER,24265,ESTER-EQ,ESTER,NSE
NSE:PSUBNKBEES-EQ,97.76,97.75,1105,97.79,1000,995110,1622907,2618017,97.78,97.03,NONE,400,400.0,400.0,1.0,400,400,400,97.76,97.76,0.0499,2736947,0,0,0.2114,21.14,AVOID,No new SMMA crossover,PSUBNKBEES,15032,PSUBNKBEES-EQ,PSUBNKBEES,NSE
NSE:GMRP&UI-EQ,97.1,97.1,470,97.14,164,179036,316742,495778,96.09,96.35,NONE,11,11.0,11.0,1.0,11,11,11,97.1,97.1,0.4826,446904,0,0,0.4547,45.47,AVOID,No new SMMA crossover,GMRP&UI,8529,GMRP&UI-EQ,GMRP&UI,NSE
NSE:INFRAIETF-EQ,95.99,95.93,100,95.99,291,943025,795053,1738078,96.1,96.85,NONE,3,3.0,3.0,1.0,3,3,3,95.99,95.99,-0.4885,38229,0,0,0.2173,21.73,AVOID,No new SMMA crossover,INFRAIETF,10723,INFRAIETF-EQ,INFRAIETF,NSE
NSE:GROWWDEFNC-EQ,95.6,95.6,3,95.69,390,411905,292938,704843,95.64,95.95,NONE,45,45.0,45.0,1.0,45,45,45,95.6,95.6,-0.9847,64147,0,0,0.4171,41.71,AVOID,No new SMMA crossover,GROWWDEFNC,25758,GROWWDEFNC-EQ,GROWWDEFNC,NSE
NSE:NITCO-EQ,94.8,94.76,1,94.86,260,72030,170569,242599,95.57,98.09,NONE,1239,1239.0,1239.0,1.0,1239,1239,1239,94.8,94.8,-0.9923,322863,0,0,0.6308,63.08,ACCEPT,No new SMMA crossover,NITCO,13300,NITCO-EQ,NITCO,NSE
NSE:SBFC-EQ,94.03,94.03,21,94.08,2269,150856,334455,485311,93.96,93.76,NONE,4,4.0,4.0,1.0,4,4,4,94.03,94.03,-0.9817,581659,0,0,0.1377,13.77,AVOID,No new SMMA crossover,SBFC,18026,SBFC-EQ,SBFC,NSE
NSE:NIITLTD-EQ,94.0,93.74,70,93.89,7,95162,191309,286471,94.07,95.48,NONE,1954,1954.0,1954.0,1.0,1954,1954,1954,94.0,94.0,0.8182,110182,0,0,0.6666,66.66,ACCEPT,No new SMMA crossover,NIITLTD,11522,NIITLTD-EQ,NIITLTD,NSE
NSE:UGROCAP-EQ,93.75,93.75,191,93.86,24,82826,117939,200765,94.42,95.29,NONE,325,325.0,325.0,1.0,325,325,325,93.75,93.75,0.7767,108593,0,0,0.6774,67.74,ACCEPT,No new SMMA crossover,UGROCAP,5313,UGROCAP-EQ,UGROCAP,NSE
NSE:CPSEETF-EQ,93.52,93.47,60,93.52,1850,963678,1113630,2077308,93.55,93.86,NONE,100,100.0,100.0,1.0,100,100,100,93.52,93.52,-0.9372,756616,0,0,0.3576,35.76,AVOID,No new SMMA crossover,CPSEETF,2328,CPSEETF-EQ,CPSEETF,NSE
NSE:VIDYAWIRES-EQ,92.81,0.0,0,92.81,1070128,0,1437298,1437298,93.38,95.43,NONE,1,1.0,1.0,1.0,1,1,1,92.81,92.81,-1.0,1111624,0,0,0.8468,84.68,ACCEPT,No new SMMA crossover,VIDYAWIRES,760224,VIDYAWIRES-EQ,VIDYAWIRES,NSE
NSE:NTPCGREEN-EQ,92.37,92.37,320,92.4,2118,577911,1140655,1718566,92.19,91.94,NONE,190,190.0,190.0,1.0,190,190,190,92.37,92.37,-0.7375,1071057,0,0,0.2365,23.65,AVOID,No new SMMA crossover,NTPCGREEN,27176,NTPCGREEN-EQ,NTPCGREEN,NSE
NSE:NBCC-EQ,91.88,91.88,468,91.9,102,1450807,1641443,3092250,92.03,93.86,NONE,1,1.0,1.0,1.0,1,1,1,91.88,91.88,0.6421,7158432,0,0,0.3084,30.84,AVOID,No new SMMA crossover,NBCC,31415,NBCC-EQ,NBCC,NSE
NSE:LLOYDSENGG-EQ,91.64,91.6,544,91.65,366,936846,2215583,3152429,92.01,93.62,NONE,55,55.0,55.0,1.0,55,55,55,91.64,91.64,0.1956,5475443,0,0,0.1919,19.19,AVOID,No new SMMA crossover,LLOYDSENGG,17801,LLOYDSENGG-EQ,LLOYDSENGG,NSE
NSE:ABLBL-EQ,91.4,91.39,14,91.49,195,136898,184305,321203,91.38,92.14,NONE,117,117.0,117.0,1.0,117,117,117,91.4,91.4,-0.866,188555,0,0,0.5596,55.96,ACCEPT,No new SMMA crossover,ABLBL,756843,ABLBL-EQ,ABLBL,NSE
NSE:ZEEL-EQ,91.12,91.09,1794,91.14,842,1546518,3150668,4697186,91.27,92.94,NONE,88,88.0,88.0,1.0,88,88,88,91.12,91.12,0.3612,7611590,0,0,0.1619,16.19,AVOID,No new SMMA crossover,ZEEL,3812,ZEEL-EQ,ZEEL,NSE
NSE:GRMOVER-EQ,90.85,90.85,10,90.87,1900,1020663,355121,1375784,91.52,91.43,NONE,1,1.0,1.0,1.0,1,1,1,90.85,90.85,-0.9895,835507,0,0,0.1571,15.71,AVOID,No new SMMA crossover,GRMOVER,10871,GRMOVER-EQ,GRMOVER,NSE
NSE:BALAJITELE-EQ,90.53,90.55,5,90.7,372,49296,119469,168765,90.84,89.88,NONE,154,154.0,154.0,1.0,154,154,154,90.53,90.53,-0.9735,93910,0,0,0.4012,40.12,AVOID,No new SMMA crossover,BALAJITELE,9158,BALAJITELE-EQ,BALAJITELE,NSE
NSE:PDMJEPAPER-EQ,90.25,90.32,31,90.48,19,116736,98179,214915,90.95,94.67,NONE,1,1.0,1.0,1.0,1,1,1,90.25,90.25,0.24,183753,0,0,0.6097,60.97,ACCEPT,No new SMMA crossover,PDMJEPAPER,15377,PDMJEPAPER-EQ,PDMJEPAPER,NSE
NSE:PSUBNKIETF-EQ,88.75,88.75,50,88.84,37,754018,768182,1522200,88.81,88.11,NONE,30,30.0,30.0,1.0,30,30,30,88.75,88.75,0.1494,189643,0,0,0.6402,64.02,ACCEPT,No new SMMA crossover,PSUBNKIETF,14584,PSUBNKIETF-EQ,PSUBNKIETF,NSE
NSE:HDFCPSUBK-EQ,88.55,88.55,297,88.63,195,686027,776711,1462738,88.58,87.88,NONE,54,54.0,54.0,1.0,54,54,54,88.55,88.55,0.2073,223386,0,0,0.4846,48.46,AVOID,No new SMMA crossover,HDFCPSUBK,22595,HDFCPSUBK-EQ,HDFCPSUBK,NSE
NSE:PSUBANKADD-EQ,88.5,88.5,856,88.59,100,727969,478391,1206360,88.55,87.86,NONE,230,230.0,230.0,1.0,230,230,230,88.5,88.5,0.7908,35939,0,0,0.5042,50.42,ACCEPT,No new SMMA crossover,PSUBANKADD,17616,PSUBANKADD-EQ,PSUBANKADD,NSE
NSE:BANKPSU-EQ,88.44,88.27,26,88.45,30,181029,168219,349248,88.42,87.7,NONE,1,1.0,1.0,1.0,1,1,1,88.44,88.44,-0.0714,7956,0,0,0.5676,56.76,ACCEPT,No new SMMA crossover,BANKPSU,25725,BANKPSU-EQ,BANKPSU,NSE
NSE:MOREALTY-EQ,88.21,88.18,502,88.21,16046,738767,446079,1184846,88.49,89.39,NONE,50,50.0,50.0,1.0,50,50,50,88.21,88.21,-0.9393,358957,0,0,0.2906,29.06,AVOID,No new SMMA crossover,MOREALTY,23184,MOREALTY-EQ,MOREALTY,NSE
NSE:GROWWPSUBK-EQ,88.12,88.0,1,88.12,2442,156882,91810,248692,87.92,87.19,NONE,40,40.0,40.0,1.0,40,40,40,88.12,88.12,-0.9992,5987,0,0,0.4689,46.89,AVOID,No new SMMA crossover,GROWWPSUBK,761514,GROWWPSUBK-EQ,GROWWPSUBK,NSE
NSE:HDFCSENSEX-EQ,88.0,88.0,16863,88.02,1250,443896,431133,875029,88.21,88.72,NONE,214,214.0,214.0,1.0,214,214,214,88.0,88.0,0.862,28397,0,0,0.1717,17.17,AVOID,No new SMMA crossover,HDFCSENSEX,11593,HDFCSENSEX-EQ,HDFCSENSEX,NSE
NSE:PSUBANK-EQ,87.71,87.62,30,87.73,68,687564,770745,1458309,87.7,87.04,NONE,10,10.0,10.0,1.0,10,10,10,87.71,87.71,-0.3878,126102,0,0,0.5531,55.31,ACCEPT,No new SMMA crossover,PSUBANK,15061,PSUBANK-EQ,PSUBANK,NSE
NSE:UNIECOM-EQ,87.4,87.68,34,87.78,204,110745,221092,331837,85.99,84.95,NONE,27,27.0,27.0,1.0,27,27,27,87.4,87.4,-0.7143,463794,0,0,0.5063,50.63,ACCEPT,No new SMMA crossover,UNIECOM,24809,UNIECOM-EQ,UNIECOM,NSE
NSE:SINGERIND-EQ,86.14,86.15,160,86.39,226,36840,134631,171471,82.9,74.44,NONE,87,87.0,87.0,1.0,87,87,87,86.14,86.14,-0.171,1137483,0,0,0.2611,26.11,AVOID,No new SMMA crossover,SINGERIND,761420,SINGERIND-EQ,SINGERIND,NSE
NSE:INDOTHAI-EQ,85.4,0.0,0,85.4,4777458,0,5902043,5902043,85.96,94.7,NONE,5,5.0,5.0,1.0,5,5,5,85.4,85.4,-1.0,56060,0,0,0.767,76.7,ACCEPT,No new SMMA crossover,INDOTHAI,25608,INDOTHAI-EQ,INDOTHAI,NSE
NSE:WEBELSOLAR-EQ,85.29,0.0,0,85.29,487289,0,954679,954679,85.98,90.53,NONE,200,200.0,200.0,1.0,200,200,200,85.29,85.29,-1.0,3751460,0,0,0.8422,84.22,ACCEPT,No new SMMA crossover,WEBELSOLAR,14602,WEBELSOLAR-EQ,WEBELSOLAR,NSE
NSE:NMDC-EQ,85.23,85.23,10911,85.25,591,1902831,4385732,6288563,85.33,85.44,NONE,5,5.0,5.0,1.0,5,5,5,85.23,85.23,0.8972,8388148,0,0,0.1617,16.17,AVOID,No new SMMA crossover,NMDC,15332,NMDC-EQ,NMDC,NSE
NSE:NIVABUPA-EQ,84.94,84.91,6,84.94,140,117976,433131,551107,85.07,85.7,NONE,3,3.0,3.0,1.0,3,3,3,84.94,84.94,-0.9178,135570,0,0,0.4119,41.19,AVOID,No new SMMA crossover,NIVABUPA,27097,NIVABUPA-EQ,NIVABUPA,NSE
NSE:BAJAJHFL-EQ,84.75,84.71,247,84.75,7246,550854,1019339,1570193,84.84,85.32,NONE,11,11.0,11.0,1.0,11,11,11,84.75,84.75,-0.9341,1025557,0,0,0.2178,21.78,AVOID,No new SMMA crossover,BAJAJHFL,25270,BAJAJHFL-EQ,BAJAJHFL,NSE
NSE:IDFCFIRSTB-EQ,84.71,84.71,1405,84.72,599487,1928362,4273644,6202006,84.63,84.68,NONE,885,885.0,885.0,1.0,885,885,885,84.71,84.71,-0.9953,3873168,0,0,0.3099,30.99,AVOID,No new SMMA crossover,IDFCFIRSTB,11184,IDFCFIRSTB-EQ,IDFCFIRSTB,NSE
NSE:ARFIN-EQ,84.66,84.66,257,84.78,236,435572,107538,543110,84.87,86.53,NONE,50,50.0,50.0,1.0,50,50,50,84.66,84.66,0.0426,647379,0,0,0.45,45.0,AVOID,No new SMMA crossover,ARFIN,758700,ARFIN-EQ,ARFIN,NSE
NSE:SHRIRAMPPS-EQ,83.87,83.87,40,83.98,42,117762,340407,458169,84.26,85.18,NONE,143,143.0,143.0,1.0,143,143,143,83.87,83.87,-0.0244,311819,0,0,0.593,59.3,ACCEPT,No new SMMA crossover,SHRIRAMPPS,7200,SHRIRAMPPS-EQ,SHRIRAMPPS,NSE
NSE:ALEMBICLTD-EQ,83.76,83.76,106,83.88,27,92304,241804,334108,84.47,85.59,NONE,5,5.0,5.0,1.0,5,5,5,83.76,83.76,0.594,216926,0,0,0.5885,58.85,ACCEPT,No new SMMA crossover,ALEMBICLTD,79,ALEMBICLTD-EQ,ALEMBICLTD,NSE
NSE:HITECH-EQ,83.12,83.07,14,83.19,19,78218,282486,360704,83.37,84.1,NONE,1,1.0,1.0,1.0,1,1,1,83.12,83.12,-0.1515,379502,0,0,0.7021,70.21,ACCEPT,No new SMMA crossover,HITECH,2868,HITECH-EQ,HITECH,NSE
NSE:SERVOTECH-EQ,82.74,82.72,78,82.83,73,90001,212610,302611,83.0,84.28,NONE,45,45.0,45.0,1.0,45,45,45,82.74,82.74,0.0331,221896,0,0,0.5253,52.53,ACCEPT,No new SMMA crossover,SERVOTECH,5507,SERVOTECH-EQ,SERVOTECH,NSE
NSE:IDBI-EQ,82.32,82.32,9,82.35,2812,598090,2317428,2915518,82.53,83.11,NONE,61,61.0,61.0,1.0,61,61,61,82.32,82.32,-0.9936,1843249,0,0,0.2364,23.64,AVOID,No new SMMA crossover,IDBI,1476,IDBI-EQ,IDBI,NSE
NSE:FILATEX-EQ,81.85,81.85,793,81.89,20,250180,589863,840043,82.11,82.5,NONE,22,22.0,22.0,1.0,22,22,22,81.85,81.85,0.9508,1382781,0,0,0.4142,41.42,AVOID,No new SMMA crossover,FILATEX,24532,FILATEX-EQ,FILATEX,NSE
NSE:OMAXE-EQ,81.3,81.12,15,81.34,37,103260,111449,214709,81.88,84.22,NONE,17,17.0,17.0,1.0,17,17,17,81.3,81.3,-0.4231,177200,0,0,0.6456,64.56,ACCEPT,No new SMMA crossover,OMAXE,14853,OMAXE-EQ,OMAXE,NSE
NSE:MAHABANK-EQ,81.0,80.91,162,80.95,796,1017851,4095934,5113785,81.09,79.38,NONE,1394,1394.0,1394.0,1.0,1394,1394,1394,81.0,81.0,-0.6618,16519606,0,0,0.2509,25.09,AVOID,No new SMMA crossover,MAHABANK,11377,MAHABANK-EQ,MAHABANK,NSE
NSE:MASPTOP50-EQ,80.96,80.96,14663,0.0,0,138851,0,138851,80.97,80.75,NONE,2,2.0,2.0,1.0,2,2,2,80.96,80.96,1.0,380298,0,0,0.9032,90.32,ACCEPT,No new SMMA crossover,MASPTOP50,5782,MASPTOP50-EQ,MASPTOP50,NSE
NSE:PNBGILTS-EQ,80.8,80.73,63,80.8,2,123550,222935,346485,80.74,81.17,NONE,1,1.0,1.0,1.0,1,1,1,80.8,80.8,0.9385,152450,0,0,0.6679,66.79,ACCEPT,No new SMMA crossover,PNBGILTS,8736,PNBGILTS-EQ,PNBGILTS,NSE
NSE:SENSEXAXIS-EQ,80.5,80.5,85,80.68,2295,217064,145562,362626,80.82,81.26,NONE,115,115.0,115.0,1.0,115,115,115,80.5,80.5,-0.9286,1453,0,0,0.3082,30.82,AVOID,No new SMMA crossover,SENSEXAXIS,14742,SENSEXAXIS-EQ,SENSEXAXIS,NSE
NSE:DEFENCE-EQ,80.27,80.18,5,80.31,53,352424,313451,665875,80.31,80.55,NONE,80,80.0,80.0,1.0,80,80,80,80.27,80.27,-0.8276,34336,0,0,0.705,70.5,ACCEPT,No new SMMA crossover,DEFENCE,761046,DEFENCE-EQ,DEFENCE,NSE
NSE:SENSEXETF-EQ,80.14,80.13,24,80.14,3186,266697,106741,373438,80.3,80.78,NONE,1,1.0,1.0,1.0,1,1,1,80.14,80.14,-0.985,16151,0,0,0.0831,8.31,AVOID,No new SMMA crossover,SENSEXETF,19224,SENSEXETF-EQ,SENSEXETF,NSE
NSE:NEXT50BETA-EQ,80.1,80.06,350511,80.1,73,1066472,1105802,2172274,80.26,80.46,NONE,142,142.0,142.0,1.0,142,142,142,80.1,80.1,0.9996,38239,0,0,0.4255,42.55,AVOID,No new SMMA crossover,NEXT50BETA,21478,NEXT50BETA-EQ,NEXT50BETA,NSE
NSE:SENSEXADD-EQ,80.02,79.9,1,80.02,5821,135518,93536,229054,80.24,80.7,NONE,2,2.0,2.0,1.0,2,2,2,80.02,80.02,-0.9997,312,0,0,0.0772,7.72,AVOID,No new SMMA crossover,SENSEXADD,17613,SENSEXADD-EQ,SENSEXADD,NSE
NSE:MOTOUR-EQ,79.92,79.7,27,79.92,29,424265,71266,495531,79.99,80.46,NONE,100,100.0,100.0,1.0,100,100,100,79.92,79.92,-0.0357,10168,0,0,0.7371,73.71,ACCEPT,No new SMMA crossover,MOTOUR,757443,MOTOUR-EQ,MOTOUR,NSE
NSE:DIVOPPBEES-EQ,78.96,78.95,5,78.98,105,272641,442531,715172,79.16,79.52,NONE,10,10.0,10.0,1.0,10,10,10,78.96,78.96,-0.9091,19336,0,0,0.6228,62.28,ACCEPT,No new SMMA crossover,DIVOPPBEES,2636,DIVOPPBEES-EQ,DIVOPPBEES,NSE
NSE:BSLSENETFG-EQ,78.46,78.3,504,78.46,255150,331844,465481,797325,78.55,78.95,NONE,1,1.0,1.0,1.0,1,1,1,78.46,78.46,-0.9961,1158,0,0,0.089,8.9,AVOID,No new SMMA crossover,BSLSENETFG,5957,BSLSENETFG-EQ,BSLSENETFG,NSE
NSE:NEXT50IETF-EQ,78.43,78.43,4000,78.45,228,787233,1246404,2033637,78.54,78.69,NONE,1000,1000.0,1000.0,1.0,1000,1000,1000,78.43,78.43,0.8921,270083,0,0,0.3641,36.41,AVOID,No new SMMA crossover,NEXT50IETF,4529,NEXT50IETF-EQ,NEXT50IETF,NSE
NSE:ABSLNN50ET-EQ,78.0,78.05,3636,78.34,63950,523242,447949,971191,78.28,78.47,NONE,1,1.0,1.0,1.0,1,1,1,78.0,78.0,-0.8924,5838,0,0,0.0792,7.92,AVOID,No new SMMA crossover,ABSLNN50ET,7339,ABSLNN50ET-EQ,ABSLNN50ET,NSE
NSE:ESENSEX-EQ,77.91,77.91,49880,78.0,4,145719,53512,199231,78.41,78.89,NONE,2347,2347.0,2347.0,1.0,2347,2347,2347,77.91,77.91,0.9998,2440,0,0,0.302,30.2,AVOID,No new SMMA crossover,ESENSEX,759995,ESENSEX-EQ,ESENSEX,NSE
NSE:LLOYDSENT-EQ,77.66,77.58,398,77.65,318,402051,1072643,1474694,78.17,80.81,NONE,1,1.0,1.0,1.0,1,1,1,77.66,77.66,0.1117,2308896,0,0,0.1614,16.14,AVOID,No new SMMA crossover,LLOYDSENT,25807,LLOYDSENT-EQ,LLOYDSENT,NSE
NSE:GEOJITFSL-EQ,77.11,77.11,145,77.17,527,76649,188784,265433,76.86,77.32,NONE,3,3.0,3.0,1.0,3,3,3,77.11,77.11,-0.5685,253575,0,0,0.1642,16.42,AVOID,No new SMMA crossover,GEOJITFSL,11896,GEOJITFSL-EQ,GEOJITFSL,NSE
NSE:HIMATSEIDE-EQ,76.6,76.6,54,76.77,9,135139,237358,372497,76.8,78.33,NONE,20,20.0,20.0,1.0,20,20,20,76.6,76.6,0.7143,257730,0,0,0.6707,67.07,ACCEPT,No new SMMA crossover,HIMATSEIDE,1360,HIMATSEIDE-EQ,HIMATSEIDE,NSE
NSE:NHPC-EQ,76.07,76.04,517,76.07,6716,1763664,2374870,4138534,76.2,76.8,NONE,10,10.0,10.0,1.0,10,10,10,76.07,76.07,-0.857,4124809,0,0,0.2095,20.95,AVOID,No new SMMA crossover,NHPC,17400,NHPC-EQ,NHPC,NSE
NSE:HDFCNEXT50-EQ,75.86,75.81,97,75.91,394,1091337,1472646,2563983,75.95,76.13,NONE,9,9.0,9.0,1.0,9,9,9,75.86,75.86,-0.6049,118954,0,0,0.3224,32.24,AVOID,No new SMMA crossover,HDFCNEXT50,10619,HDFCNEXT50-EQ,HDFCNEXT50,NSE
NSE:NDTV-EQ,75.68,75.66,75,75.76,54,119531,80973,200504,76.03,76.62,NONE,27,27.0,27.0,1.0,27,27,27,75.68,75.68,0.1628,63084,0,0,0.585,58.5,ACCEPT,No new SMMA crossover,NDTV,11427,NDTV-EQ,NDTV,NSE
NSE:EXCELSOFT-EQ,75.28,75.16,207,75.26,11,120674,219467,340141,75.44,77.84,NONE,50,50.0,50.0,1.0,50,50,50,75.28,75.28,0.8991,228118,0,0,0.7025,70.25,ACCEPT,No new SMMA crossover,EXCELSOFT,760007,EXCELSOFT-EQ,EXCELSOFT,NSE
NSE:MOREPENLAB-EQ,75.16,75.21,110,75.25,380,364976,1711836,2076812,75.89,77.56,NONE,100,100.0,100.0,1.0,100,100,100,75.16,75.16,-0.551,6231283,0,0,0.1772,17.72,AVOID,No new SMMA crossover,MOREPENLAB,2259,MOREPENLAB-EQ,MOREPENLAB,NSE
NSE:NEXT50ETF-EQ,74.89,74.8,50,74.91,30,275946,238294,514240,74.97,75.15,NONE,94,94.0,94.0,1.0,94,94,94,74.89,74.89,0.25,7810,0,0,0.617,61.7,ACCEPT,No new SMMA crossover,NEXT50ETF,760709,NEXT50ETF-EQ,NEXT50ETF,NSE
NSE:GROWWNXT50-EQ,74.71,74.56,134,74.79,30726,332371,244728,577099,74.81,74.98,NONE,5,5.0,5.0,1.0,5,5,5,74.71,74.71,-0.9913,3293,0,0,0.1192,11.92,AVOID,No new SMMA crossover,GROWWNXT50,759458,GROWWNXT50-EQ,GROWWNXT50,NSE
NSE:ARIHANTCAP-EQ,74.7,74.52,22,74.65,13,105278,83386,188664,74.79,75.59,NONE,5,5.0,5.0,1.0,5,5,5,74.7,74.7,0.2571,20890,0,0,0.6232,62.32,ACCEPT,No new SMMA crossover,ARIHANTCAP,3813,ARIHANTCAP-EQ,ARIHANTCAP,NSE
NSE:NEXT50ADD-EQ,74.53,74.53,500,74.77,100,265746,204686,470432,74.7,74.93,NONE,20,20.0,20.0,1.0,20,20,20,74.53,74.53,0.6667,605,0,0,0.3977,39.77,AVOID,No new SMMA crossover,NEXT50ADD,760599,NEXT50ADD-EQ,NEXT50ADD,NSE
NSE:MONEXT50-EQ,74.27,74.28,5,74.35,750,144117,25974,170091,74.4,74.55,NONE,3,3.0,3.0,1.0,3,3,3,74.27,74.27,-0.9868,3561,0,0,0.0859,8.59,AVOID,No new SMMA crossover,MONEXT50,757167,MONEXT50-EQ,MONEXT50,NSE
NSE:EQUITASBNK-EQ,74.22,74.15,298,74.22,39,226405,438324,664729,74.31,75.11,NONE,23,23.0,23.0,1.0,23,23,23,74.22,74.22,0.7685,565398,0,0,0.5154,51.54,ACCEPT,No new SMMA crossover,EQUITASBNK,913,EQUITASBNK-EQ,EQUITASBNK,NSE
NSE:INOXWIND-EQ,73.97,73.95,1079,73.98,425,2086403,2721908,4808311,74.01,74.97,NONE,375,375.0,375.0,1.0,375,375,375,73.97,73.97,0.4348,5668537,0,0,0.2036,20.36,AVOID,No new SMMA crossover,INOXWIND,7852,INOXWIND-EQ,INOXWIND,NSE
NSE:AASTHA-EQ,73.38,73.38,899,73.39,17,916128,307251,1223379,73.29,74.68,NONE,1,1.0,1.0,1.0,1,1,1,73.38,73.38,0.9629,260510,0,0,0.5149,51.49,ACCEPT,No new SMMA crossover,AASTHA,763800,AASTHA-EQ,AASTHA,NSE
NSE:IFCI-EQ,73.23,73.23,488,73.25,558,931455,3485221,4416676,73.85,75.06,NONE,10,10.0,10.0,1.0,10,10,10,73.23,73.23,-0.0669,9148228,0,0,0.2359,23.59,AVOID,No new SMMA crossover,IFCI,1491,IFCI-EQ,IFCI,NSE
NSE:ELECTCAST-EQ,72.72,72.71,7,72.72,2,171719,542699,714418,73.05,73.59,NONE,150,150.0,150.0,1.0,150,150,150,72.72,72.72,0.5556,919847,0,0,0.6184,61.84,ACCEPT,No new SMMA crossover,ELECTCAST,928,ELECTCAST-EQ,ELECTCAST,NSE
NSE:UJJIVANSFB-EQ,72.39,72.39,7,72.4,3530,2197592,3201727,5399319,71.76,70.92,NONE,1,1.0,1.0,1.0,1,1,1,72.39,72.39,-0.996,7763957,0,0,0.1394,13.94,AVOID,No new SMMA crossover,UJJIVANSFB,15228,UJJIVANSFB-EQ,UJJIVANSFB,NSE
NSE:NFL-EQ,71.8,71.76,238,71.87,235,158972,431300,590272,71.8,72.06,NONE,28,28.0,28.0,1.0,28,28,28,71.8,71.8,0.0063,159023,0,0,0.4593,45.93,AVOID,No new SMMA crossover,NFL,13925,NFL-EQ,NFL,NSE
NSE:SDBL-EQ,70.6,70.52,40,70.6,13,268343,309858,578201,70.92,72.62,NONE,2,2.0,2.0,1.0,2,2,2,70.6,70.6,0.5094,992174,0,0,0.5555,55.55,ACCEPT,No new SMMA crossover,SDBL,1338,SDBL-EQ,SDBL,NSE
NSE:PAISALO-EQ,69.18,69.13,216,69.18,741,1676338,1322728,2999066,69.18,69.57,NONE,40,40.0,40.0,1.0,40,40,40,69.18,69.18,-0.5486,3344812,0,0,0.1959,19.59,AVOID,No new SMMA crossover,PAISALO,25468,PAISALO-EQ,PAISALO,NSE
NSE:MOM100-EQ,68.67,68.62,637,68.67,663,595057,566568,1161625,68.69,68.69,SELL,100,100.0,100.0,1.0,100,100,100,68.67,68.67,-0.02,219228,0,0,0.3118,31.18,AVOID,AVOID — ML probability below 50%,MOM100,21423,MOM100-EQ,MOM100,NSE
NSE:VIKRAN-EQ,67.84,67.84,3886,67.85,240,570844,950095,1520939,68.5,71.39,NONE,118,118.0,118.0,1.0,118,118,118,67.84,67.84,0.8837,5416306,0,0,0.1583,15.83,AVOID,No new SMMA crossover,VIKRAN,758973,VIKRAN-EQ,VIKRAN,NSE
NSE:XCHANGING-EQ,67.2,67.18,20,67.24,28,55950,100153,156103,67.49,68.02,NONE,28,28.0,28.0,1.0,28,28,28,67.2,67.2,-0.1667,35470,0,0,0.6599,65.99,ACCEPT,No new SMMA crossover,XCHANGING,11705,XCHANGING-EQ,XCHANGING,NSE
NSE:GILT5BETA-EQ,67.19,66.17,49,67.19,34,117385,115307,232692,67.15,66.97,NONE,1,1.0,1.0,1.0,1,1,1,67.19,67.19,0.1807,14,0,0,0.3933,39.33,AVOID,No new SMMA crossover,GILT5BETA,22521,GILT5BETA-EQ,GILT5BETA,NSE
NSE:SJVN-EQ,67.15,67.15,25,67.18,456,428940,974945,1403885,67.23,67.75,NONE,16,16.0,16.0,1.0,16,16,16,67.15,67.15,-0.896,613971,0,0,0.2968,29.68,AVOID,No new SMMA crossover,SJVN,18883,SJVN-EQ,SJVN,NSE
NSE:UFO-EQ,67.11,67.11,177,67.14,68,26851,173720,200571,67.36,67.83,NONE,1,1.0,1.0,1.0,1,1,1,67.11,67.11,0.4449,9460,0,0,0.4221,42.21,AVOID,No new SMMA crossover,UFO,9039,UFO-EQ,UFO,NSE
NSE:GRAUWEIL-EQ,66.96,66.86,10,66.93,148,54434,105492,159926,67.08,68.33,NONE,28,28.0,28.0,1.0,28,28,28,66.96,66.96,-0.8734,152101,0,0,0.5567,55.67,ACCEPT,No new SMMA crossover,GRAUWEIL,5200,GRAUWEIL-EQ,GRAUWEIL,NSE
NSE:SPIC-EQ,66.8,66.79,23,66.87,14,86489,154719,241208,66.98,67.41,NONE,4,4.0,4.0,1.0,4,4,4,66.8,66.8,0.2432,104938,0,0,0.6731,67.31,ACCEPT,No new SMMA crossover,SPIC,3252,SPIC-EQ,SPIC,NSE
NSE:MANALIPETC-EQ,66.7,66.61,10,66.7,594,106776,460496,567272,66.56,65.64,NONE,450,450.0,450.0,1.0,450,450,450,66.7,66.7,-0.9669,897818,0,0,0.4382,43.82,AVOID,No new SMMA crossover,MANALIPETC,13796,MANALIPETC-EQ,MANALIPETC,NSE
NSE:GILT5YBEES-EQ,66.38,66.33,200,66.38,7095,214347,226803,441150,66.35,66.39,NONE,2905,2905.0,2905.0,1.0,2905,2905,2905,66.38,66.38,-0.9452,114589,0,0,0.2343,23.43,AVOID,No new SMMA crossover,GILT5YBEES,3172,GILT5YBEES-EQ,GILT5YBEES,NSE
NSE:PARACABLES-EQ,65.66,65.63,1,65.69,34,152067,556681,708748,66.4,67.47,NONE,11,11.0,11.0,1.0,11,11,11,65.66,65.66,-0.9429,1031043,0,0,0.4868,48.68,AVOID,No new SMMA crossover,PARACABLES,13951,PARACABLES-EQ,PARACABLES,NSE
NSE:MOGSEC-EQ,65.63,65.4,710,65.63,2936,131900,103453,235353,65.61,65.84,NONE,1,1.0,1.0,1.0,1,1,1,65.63,65.63,-0.6105,1315,0,0,0.0998,9.98,AVOID,No new SMMA crossover,MOGSEC,1507,MOGSEC-EQ,MOGSEC,NSE
NSE:MOMIDMTM-EQ,65.02,65.01,35756,65.07,24046,654987,440565,1095552,65.07,64.89,NONE,225,225.0,225.0,1.0,225,225,225,65.02,65.02,0.1958,69182,0,0,0.2032,20.32,AVOID,No new SMMA crossover,MOMIDMTM,757817,MOMIDMTM-EQ,MOMIDMTM,NSE
NSE:MMTC-EQ,64.67,64.68,174,64.73,287,261013,1738311,1999324,64.7,64.31,NONE,25,25.0,25.0,1.0,25,25,25,64.67,64.67,-0.2451,1375109,0,0,0.2839,28.39,AVOID,No new SMMA crossover,MMTC,17957,MMTC-EQ,MMTC,NSE
NSE:LICNMID100-EQ,64.31,63.9,60,64.12,25,241833,279884,521717,64.36,64.31,NONE,175,175.0,175.0,1.0,175,175,175,64.31,64.31,0.4118,3053,0,0,0.5512,55.12,ACCEPT,No new SMMA crossover,LICNMID100,22722,LICNMID100-EQ,LICNMID100,NSE
NSE:SBIMIDMOM-EQ,64.17,64.39,155,64.42,24763,362990,149414,512404,64.35,64.12,NONE,2,2.0,2.0,1.0,2,2,2,64.17,64.17,-0.9876,9030,0,0,0.055,5.5,AVOID,No new SMMA crossover,SBIMIDMOM,761095,SBIMIDMOM-EQ,SBIMIDMOM,NSE
NSE:MOMOMENTUM-EQ,63.24,63.12,36795,63.31,62,572785,399967,972752,63.26,63.09,NONE,7,7.0,7.0,1.0,7,7,7,63.24,63.24,0.9966,14157,0,0,0.4299,42.99,AVOID,No new SMMA crossover,MOMOMENTUM,8182,MOMOMENTUM-EQ,MOMOMENTUM,NSE
NSE:TEMBO-EQ,62.85,62.85,2584,63.0,1157,1084060,976197,2060257,63.24,63.13,NONE,19,19.0,19.0,1.0,19,19,19,62.85,62.85,0.3814,2100846,0,0,0.2204,22.04,AVOID,No new SMMA crossover,TEMBO,3275,TEMBO-EQ,TEMBO,NSE
NSE:EMBDL-EQ,62.7,62.64,333,62.7,578,286859,964512,1251371,62.97,63.43,NONE,9,9.0,9.0,1.0,9,9,9,62.7,62.7,-0.2689,2269516,0,0,0.2402,24.02,AVOID,No new SMMA crossover,EMBDL,14450,EMBDL-EQ,EMBDL,NSE
NSE:VGL-EQ,61.5,61.04,5,61.5,28,145681,61621,207302,61.54,61.42,NONE,1,1.0,1.0,1.0,1,1,1,61.5,61.5,-0.697,12747,0,0,0.6387,63.87,ACCEPT,No new SMMA crossover,VGL,13771,VGL-EQ,VGL,NSE
NSE:ALPINETEX-EQ,61.0,60.99,23,61.09,17,53472,106586,160058,61.26,63.19,NONE,128,128.0,128.0,1.0,128,128,128,61.0,61.0,0.15,118550,0,0,0.8156,81.56,ACCEPT,No new SMMA crossover,ALPINETEX,764186,ALPINETEX-EQ,ALPINETEX,NSE
NSE:ONEPOINT-EQ,60.04,60.0,489,60.04,2069,166393,636926,803319,59.9,59.15,NONE,178,178.0,178.0,1.0,178,178,178,60.04,60.04,-0.6177,1097557,0,0,0.2344,23.44,AVOID,No new SMMA crossover,ONEPOINT,9939,ONEPOINT-EQ,ONEPOINT,NSE
NSE:HDFCQUAL-EQ,59.91,59.92,25,59.98,22,656087,559349,1215436,60.0,60.11,NONE,1000,1000.0,1000.0,1.0,1000,1000,1000,59.91,59.91,0.0638,7190,0,0,0.7126,71.26,ACCEPT,No new SMMA crossover,HDFCQUAL,11255,HDFCQUAL-EQ,HDFCQUAL,NSE
NSE:BANKNIFTY1-EQ,59.8,59.8,84,59.85,90,1545275,1068361,2613636,59.84,59.85,NONE,155,155.0,155.0,1.0,155,155,155,59.8,59.8,-0.0345,97755,0,0,0.4907,49.07,AVOID,No new SMMA crossover,BANKNIFTY1,5851,BANKNIFTY1-EQ,BANKNIFTY1,NSE
NSE:MOINFRA-EQ,59.74,59.65,427,59.8,750,140581,25017,165598,59.76,60.17,NONE,85,85.0,85.0,1.0,85,85,85,59.74,59.74,-0.2744,2163,0,0,0.286,28.6,AVOID,No new SMMA crossover,MOINFRA,757031,MOINFRA-EQ,MOINFRA,NSE
NSE:BANKBETA-EQ,59.54,59.56,127,59.63,9,1824651,1005440,2830091,59.61,59.6,NONE,13,13.0,13.0,1.0,13,13,13,59.54,59.54,0.8676,15360,0,0,0.6624,66.24,ACCEPT,No new SMMA crossover,BANKBETA,22440,BANKBETA-EQ,BANKBETA,NSE
NSE:ANDHRAPAP-EQ,59.5,59.47,1,59.5,50,73022,181453,254475,59.63,60.38,NONE,6,6.0,6.0,1.0,6,6,6,59.5,59.5,-0.9608,146058,0,0,0.6125,61.25,ACCEPT,No new SMMA crossover,ANDHRAPAP,166,ANDHRAPAP-EQ,ANDHRAPAP,NSE
NSE:HDFCNIFBAN-EQ,59.29,59.31,85,59.34,12775,2044949,1878159,3923108,59.34,59.33,NONE,175,175.0,175.0,1.0,175,175,175,59.29,59.29,-0.9868,45194,0,0,0.265,26.5,AVOID,No new SMMA crossover,HDFCNIFBAN,22433,HDFCNIFBAN-EQ,HDFCNIFBAN,NSE
NSE:INDORAMA-EQ,59.22,59.04,31,59.17,20,65319,108169,173488,58.59,58.74,NONE,2,2.0,2.0,1.0,2,2,2,59.22,59.22,0.2157,100230,0,0,0.606,60.6,ACCEPT,No new SMMA crossover,INDORAMA,10993,INDORAMA-EQ,INDORAMA,NSE
NSE:BANKIETF-EQ,59.15,59.14,899,59.18,75,1769463,1627805,3397268,59.18,59.17,NONE,75,75.0,75.0,1.0,75,75,75,59.15,59.15,0.846,91924,0,0,0.5326,53.26,ACCEPT,No new SMMA crossover,BANKIETF,11037,BANKIETF-EQ,BANKIETF,NSE
NSE:ABSLBANETF-EQ,59.13,59.06,53,59.14,200151,1197141,708531,1905672,59.13,59.11,NONE,2,2.0,2.0,1.0,2,2,2,59.13,59.13,-0.9995,3968,0,0,0.0646,6.46,AVOID,No new SMMA crossover,ABSLBANETF,13987,ABSLBANETF-EQ,ABSLBANETF,NSE
NSE:BANKADD-EQ,59.07,58.97,43,58.99,100,1242908,1107050,2349958,59.03,59.01,NONE,10,10.0,10.0,1.0,10,10,10,59.07,59.07,-0.3986,37191,0,0,0.5298,52.98,ACCEPT,No new SMMA crossover,BANKADD,13644,BANKADD-EQ,BANKADD,NSE
NSE:MOL-EQ,58.89,58.81,58,58.89,73,290345,557328,847673,58.08,56.74,NONE,1,1.0,1.0,1.0,1,1,1,58.89,58.89,-0.1145,984524,0,0,0.3541,35.41,AVOID,No new SMMA crossover,MOL,5394,MOL-EQ,MOL,NSE
NSE:BANKBETF-EQ,58.52,58.53,5000,58.65,200000,411341,459349,870690,58.61,58.61,SELL,1,1.0,1.0,1.0,1,1,1,58.52,58.52,-0.9512,12693,0,0,0.103,10.3,AVOID,AVOID — ML probability below 50%,BANKBETF,21986,BANKBETF-EQ,BANKBETF,NSE
NSE:EBANKNIFTY-EQ,58.29,58.0,25,58.24,31860,202680,35306,237986,58.25,58.22,NONE,5,5.0,5.0,1.0,5,5,5,58.29,58.29,-0.9984,178,0,0,0.1003,10.03,AVOID,No new SMMA crossover,EBANKNIFTY,25258,EBANKNIFTY-EQ,EBANKNIFTY,NSE
NSE:ABFRL-EQ,57.98,57.97,34,57.98,1159,1091917,1398433,2490350,58.11,59.59,NONE,100,100.0,100.0,1.0,100,100,100,57.98,57.98,-0.943,2327604,0,0,0.2198,21.98,AVOID,No new SMMA crossover,ABFRL,30108,ABFRL-EQ,ABFRL,NSE
NSE:BBNPNBETF-EQ,57.9,57.86,21320,58.08,10000,141946,52487,194433,57.99,58.11,NONE,198,198.0,198.0,1.0,198,198,198,57.9,57.9,0.3614,1280,0,0,0.1583,15.83,AVOID,No new SMMA crossover,BBNPNBETF,24117,BBNPNBETF-EQ,BBNPNBETF,NSE
NSE:MOALPHA50-EQ,56.31,56.32,1569,56.58,1435,365290,97700,462990,56.34,56.05,NONE,1,1.0,1.0,1.0,1,1,1,56.31,56.31,0.0446,12554,0,0,0.1004,10.04,AVOID,No new SMMA crossover,MOALPHA50,757669,MOALPHA50-EQ,MOALPHA50,NSE
NSE:GATEWAY-EQ,54.95,54.91,68,54.95,28,362787,633874,996661,55.14,56.43,NONE,18,18.0,18.0,1.0,18,18,18,54.95,54.95,0.4167,1214079,0,0,0.4185,41.85,AVOID,No new SMMA crossover,GATEWAY,8510,GATEWAY-EQ,GATEWAY,NSE
NSE:MOMENTUM50-EQ,54.57,54.57,1981,54.6,10127,1172606,701948,1874554,54.54,54.21,NONE,16,16.0,16.0,1.0,16,16,16,54.57,54.57,-0.6728,456408,0,0,0.2422,24.22,AVOID,No new SMMA crossover,MOMENTUM50,25606,MOMENTUM50-EQ,MOMENTUM50,NSE
NSE:ALPHA-EQ,54.35,54.31,100,54.35,11396,1549958,995665,2545623,54.26,53.89,NONE,123,123.0,123.0,1.0,123,123,123,54.35,54.35,-0.9826,680192,0,0,0.2389,23.89,AVOID,No new SMMA crossover,ALPHA,7412,ALPHA-EQ,ALPHA,NSE
NSE:GTPL-EQ,54.16,54.01,24,54.15,800,120764,139996,260760,53.87,56.34,NONE,54,54.0,54.0,1.0,54,54,54,54.16,54.16,-0.9417,70727,0,0,0.4165,41.65,AVOID,No new SMMA crossover,GTPL,21195,GTPL-EQ,GTPL,NSE
NSE:BLKASHYAP-EQ,53.7,53.7,1436,53.77,370,92232,125271,217503,53.87,54.58,NONE,200,200.0,200.0,1.0,200,200,200,53.7,53.7,0.5903,67669,0,0,0.3075,30.75,AVOID,No new SMMA crossover,BLKASHYAP,13290,BLKASHYAP-EQ,BLKASHYAP,NSE
NSE:ASIANTILES-EQ,53.5,53.45,581,53.52,111,249852,358758,608610,53.35,54.06,NONE,50,50.0,50.0,1.0,50,50,50,53.5,53.5,0.6792,2483453,0,0,0.228,22.8,AVOID,No new SMMA crossover,ASIANTILES,14889,ASIANTILES-EQ,ASIANTILES,NSE
NSE:MOCAPITAL-EQ,53.39,53.35,661,53.39,170,1344466,1110802,2455268,53.41,53.21,NONE,47,47.0,47.0,1.0,47,47,47,53.39,53.39,0.5909,393645,0,0,0.4364,43.64,AVOID,No new SMMA crossover,MOCAPITAL,30065,MOCAPITAL-EQ,MOCAPITAL,NSE
NSE:MIDSMALL-EQ,52.32,52.3,10000,52.33,7642,781676,673415,1455091,52.35,52.21,NONE,1911,1911.0,1911.0,1.0,1911,1911,1911,52.32,52.32,0.1337,155740,0,0,0.2069,20.69,AVOID,No new SMMA crossover,MIDSMALL,23855,MIDSMALL-EQ,MIDSMALL,NSE
NSE:GROWWHOSPI-EQ,52.06,52.05,41,52.06,20626,480650,792141,1272791,52.28,53.48,NONE,12,12.0,12.0,1.0,12,12,12,52.06,52.06,-0.996,628687,0,0,0.2461,24.61,AVOID,No new SMMA crossover,GROWWHOSPI,760874,GROWWHOSPI-EQ,GROWWHOSPI,NSE
NSE:FMCGIETF-EQ,52.01,52.0,486,52.02,359785,1259456,1517896,2777352,52.1,52.64,NONE,293,293.0,293.0,1.0,293,293,293,52.01,52.01,-0.9973,1583226,0,0,0.2801,28.01,AVOID,No new SMMA crossover,FMCGIETF,5306,FMCGIETF-EQ,FMCGIETF,NSE
NSE:MOHEALTH-EQ,51.81,51.8,8,51.81,629,300228,98024,398252,51.89,51.99,NONE,2,2.0,2.0,1.0,2,2,2,51.81,51.81,-0.9749,47694,0,0,0.0836,8.36,AVOID,No new SMMA crossover,MOHEALTH,10508,MOHEALTH-EQ,MOHEALTH,NSE
NSE:SBIBPB-EQ,50.77,50.73,38,50.77,257,481142,681005,1162147,50.73,50.3,NONE,40,40.0,40.0,1.0,40,40,40,50.77,50.77,-0.7424,70192,0,0,0.5188,51.88,ACCEPT,No new SMMA crossover,SBIBPB,30290,SBIBPB-EQ,SBIBPB,NSE
NSE:VMSTMT-EQ,50.36,50.24,73,50.39,12,116471,162204,278675,50.64,48.99,NONE,79,79.0,79.0,1.0,79,79,79,50.36,50.36,0.7176,255742,0,0,0.6821,68.21,ACCEPT,No new SMMA crossover,VMSTMT,759152,VMSTMT-EQ,VMSTMT,NSE
NSE:FMCGADD-EQ,48.55,48.5,100,48.59,27847,201417,132361,333778,48.67,49.2,NONE,5,5.0,5.0,1.0,5,5,5,48.55,48.55,-0.9928,8002,0,0,0.1217,12.17,AVOID,No new SMMA crossover,FMCGADD,763530,FMCGADD-EQ,FMCGADD,NSE
NSE:SELECTIPO-EQ,48.44,48.35,49666,48.46,110,181523,61550,243073,48.4,48.3,NONE,79,79.0,79.0,1.0,79,79,79,48.44,48.44,0.9956,32924,0,0,0.4365,43.65,AVOID,No new SMMA crossover,SELECTIPO,30109,SELECTIPO-EQ,SELECTIPO,NSE
NSE:MOIPO-EQ,48.4,48.4,129,48.49,332,186480,76846,263326,48.49,48.38,NONE,323,323.0,323.0,1.0,323,323,323,48.4,48.4,-0.4403,939,0,0,0.3072,30.72,AVOID,No new SMMA crossover,MOIPO,759891,MOIPO-EQ,MOIPO,NSE
NSE:IMAGICAA-EQ,48.21,48.26,12,48.38,251,178350,341594,519944,48.27,48.7,NONE,40,40.0,40.0,1.0,40,40,40,48.21,48.21,-0.9087,280384,0,0,0.5167,51.67,ACCEPT,No new SMMA crossover,IMAGICAA,7672,IMAGICAA-EQ,IMAGICAA,NSE
NSE:SUZLON-EQ,47.1,47.1,904,47.11,4827,4890471,8243324,13133795,47.13,47.5,NONE,200,200.0,200.0,1.0,200,200,200,47.1,47.1,-0.6845,22458825,0,0,0.1997,19.97,AVOID,No new SMMA crossover,SUZLON,12018,SUZLON-EQ,SUZLON,NSE
NSE:SOUTHBANK-EQ,46.27,46.27,70,46.28,1991,780723,2834823,3615546,46.27,46.31,NONE,7,7.0,7.0,1.0,7,7,7,46.27,46.27,-0.9321,3240104,0,0,0.1344,13.44,AVOID,No new SMMA crossover,SOUTHBANK,5948,SOUTHBANK-EQ,SOUTHBANK,NSE
NSE:NSLNISP-EQ,44.0,44.0,749,44.02,14,511427,1671926,2183353,44.1,44.25,NONE,170,170.0,170.0,1.0,170,170,170,44.0,44.0,0.9633,1488852,0,0,0.38,38.0,AVOID,No new SMMA crossover,NSLNISP,14180,NSLNISP-EQ,NSLNISP,NSE
NSE:NEXT30ADD-EQ,43.84,43.71,100,43.86,409768,869150,959019,1828169,43.9,44.01,NONE,1,1.0,1.0,1.0,1,1,1,43.84,43.84,-0.9995,871,0,0,0.0819,8.19,AVOID,No new SMMA crossover,NEXT30ADD,29464,NEXT30ADD-EQ,NEXT30ADD,NSE
NSE:UGARSUGAR-EQ,43.82,43.82,110,43.89,17,70622,108943,179565,44.14,45.2,NONE,9,9.0,9.0,1.0,9,9,9,43.82,43.82,0.7323,162959,0,0,0.6522,65.22,ACCEPT,No new SMMA crossover,UGARSUGAR,19578,UGARSUGAR-EQ,UGARSUGAR,NSE
NSE:ATLANTAA-EQ,42.32,42.33,49,42.5,9666,47880,134290,182170,43.27,43.44,NONE,1,1.0,1.0,1.0,1,1,1,42.32,42.32,-0.9899,116275,0,0,0.1317,13.17,AVOID,No new SMMA crossover,ATLANTAA,13585,ATLANTAA-EQ,ATLANTAA,NSE
NSE:EMULTIMQ-EQ,42.15,42.08,65,42.15,9161,329210,189641,518851,42.13,41.92,NONE,276,276.0,276.0,1.0,276,276,276,42.15,42.15,-0.9859,19062,0,0,0.2865,28.65,AVOID,No new SMMA crossover,EMULTIMQ,25996,EMULTIMQ-EQ,EMULTIMQ,NSE
NSE:FCL-EQ,42.0,42.0,40,42.02,450,793360,3443495,4236855,42.88,42.61,NONE,1960,1960.0,1960.0,1.0,1960,1960,1960,42.0,42.0,-0.8367,16422558,0,0,0.3894,38.94,AVOID,No new SMMA crossover,FCL,6198,FCL-EQ,FCL,NSE
NSE:ESG-EQ,41.93,41.81,58408,41.93,52293,357830,253984,611814,42.0,42.23,NONE,6,6.0,6.0,1.0,6,6,6,41.93,41.93,0.0552,9801,0,0,0.2496,24.96,AVOID,No new SMMA crossover,ESG,1200,ESG-EQ,ESG,NSE
NSE:MWL-EQ,41.59,41.6,685,41.7,1318,271261,222003,493264,41.59,41.68,NONE,107,107.0,107.0,1.0,107,107,107,41.59,41.59,-0.316,141632,0,0,0.2877,28.77,AVOID,No new SMMA crossover,MWL,759169,MWL-EQ,MWL,NSE
NSE:DWARKESH-EQ,41.53,41.53,6505,41.58,172,157622,445649,603271,41.65,41.52,NONE,1071,1071.0,1071.0,1.0,1071,1071,1071,41.53,41.53,0.9485,308111,0,0,0.4087,40.87,AVOID,No new SMMA crossover,DWARKESH,11667,DWARKESH-EQ,DWARKESH,NSE
NSE:FEDDERSHOL-EQ,41.11,41.01,21,41.14,62,39610,103501,143111,41.29,42.16,NONE,48,48.0,48.0,1.0,48,48,48,41.11,41.11,-0.494,82775,0,0,0.6757,67.57,ACCEPT,No new SMMA crossover,FEDDERSHOL,762675,FEDDERSHOL-EQ,FEDDERSHOL,NSE
NSE:MSUMI-EQ,40.8,40.8,1623,40.82,249,791882,2155788,2947670,40.9,41.11,NONE,3,3.0,3.0,1.0,3,3,3,40.8,40.8,0.734,3303007,0,0,0.1423,14.23,AVOID,No new SMMA crossover,MSUMI,8596,MSUMI-EQ,MSUMI,NSE
NSE:HPAL-EQ,40.79,40.77,40,40.79,706,120265,437678,557943,40.38,36.57,NONE,20,20.0,20.0,1.0,20,20,20,40.79,40.79,-0.8928,999396,0,0,0.3948,39.48,AVOID,No new SMMA crossover,HPAL,7376,HPAL-EQ,HPAL,NSE
NSE:SCILAL-EQ,40.67,40.62,1700,40.67,44,100502,160903,261405,40.81,41.01,NONE,3,3.0,3.0,1.0,3,3,3,40.67,40.67,0.9495,68433,0,0,0.4345,43.45,AVOID,No new SMMA crossover,SCILAL,23127,SCILAL-EQ,SCILAL,NSE
NSE:BSE500IETF-EQ,39.83,39.83,88,39.86,49829,1536924,356868,1893792,39.9,40.03,NONE,2,2.0,2.0,1.0,2,2,2,39.83,39.83,-0.9965,50561,0,0,0.0709,7.09,AVOID,No new SMMA crossover,BSE500IETF,3001,BSE500IETF-EQ,BSE500IETF,NSE
NSE:OLAELEC-EQ,39.8,39.78,6919,39.8,1479,3056531,9102203,12158734,39.75,40.02,NONE,2,2.0,2.0,1.0,2,2,2,39.8,39.8,0.6478,29912208,0,0,0.1178,11.78,AVOID,No new SMMA crossover,OLAELEC,24777,OLAELEC-EQ,OLAELEC,NSE
NSE:MANAKALUCO-EQ,39.51,39.4,26,39.51,27,77877,131315,209192,40.37,41.33,NONE,25,25.0,25.0,1.0,25,25,25,39.51,39.51,-0.0189,236023,0,0,0.6557,65.57,ACCEPT,No new SMMA crossover,MANAKALUCO,7420,MANAKALUCO-EQ,MANAKALUCO,NSE
NSE:VISL-EQ,39.25,39.25,1350,39.26,196,3246033,7930407,11176440,39.28,37.99,NONE,50,50.0,50.0,1.0,50,50,50,39.25,39.25,0.7464,48554126,0,0,0.174,17.4,AVOID,No new SMMA crossover,VISL,750290,VISL-EQ,VISL,NSE
NSE:MOENERGY-EQ,38.69,38.65,230,38.69,36,1192975,586615,1779590,38.72,38.82,NONE,13,13.0,13.0,1.0,13,13,13,38.69,38.69,0.7293,112608,0,0,0.6179,61.79,ACCEPT,No new SMMA crossover,MOENERGY,759374,MOENERGY-EQ,MOENERGY,NSE
NSE:ENERGY-EQ,38.69,38.69,43,38.75,72,731075,400412,1131487,38.79,,NONE,11,11.0,11.0,1.0,11,11,11,38.69,38.69,-0.2522,58417,0,0,0.5173,51.73,ACCEPT,No new SMMA crossover,ENERGY,759780,ENERGY-EQ,ENERGY,NSE
NSE:VOGL-EQ,38.58,38.57,3010,38.58,188,3917490,11423984,15341474,38.82,38.54,NONE,12,12.0,12.0,1.0,12,12,12,38.58,38.58,0.8824,47336265,0,0,0.1909,19.09,AVOID,No new SMMA crossover,VOGL,750368,VOGL-EQ,VOGL,NSE
NSE:TTML-EQ,38.33,38.29,22860,38.33,749,389547,662870,1052417,38.43,38.97,NONE,100,100.0,100.0,1.0,100,100,100,38.33,38.33,0.9365,529556,0,0,0.2131,21.31,AVOID,No new SMMA crossover,TTML,8954,TTML-EQ,TTML,NSE
NSE:SNOWMAN-EQ,38.1,38.1,36,38.15,75,46414,212164,258578,38.29,39.01,NONE,53,53.0,53.0,1.0,53,53,53,38.1,38.1,-0.3514,52319,0,0,0.6038,60.38,ACCEPT,No new SMMA crossover,SNOWMAN,4843,SNOWMAN-EQ,SNOWMAN,NSE
NSE:FISCHER-EQ,38.01,38.01,66,38.07,32,62439,144639,207078,38.23,38.42,NONE,1,1.0,1.0,1.0,1,1,1,38.01,38.01,0.3469,79045,0,0,0.5633,56.33,ACCEPT,No new SMMA crossover,FISCHER,757658,FISCHER-EQ,FISCHER,NSE
NSE:HDFCBSE500-EQ,37.93,37.9,2540,37.93,770,1464474,1118460,2582934,38.0,38.14,NONE,227,227.0,227.0,1.0,227,227,227,37.93,37.93,0.5347,351229,0,0,0.2818,28.18,AVOID,No new SMMA crossover,HDFCBSE500,14230,HDFCBSE500-EQ,HDFCBSE500,NSE
NSE:MOLOWVOL-EQ,37.24,37.11,1,37.23,68374,745815,649906,1395721,37.26,37.45,NONE,200,200.0,200.0,1.0,200,200,200,37.24,37.24,-1.0,35721,0,0,0.5013,50.13,ACCEPT,No new SMMA crossover,MOLOWVOL,8654,MOLOWVOL-EQ,MOLOWVOL,NSE
NSE:ELMDIV-EQ,36.91,36.91,25,36.95,271,134974,5021,139995,36.94,36.97,NONE,476,476.0,476.0,1.0,476,476,476,36.91,36.91,-0.8311,5174,0,0,0.5418,54.18,ACCEPT,No new SMMA crossover,ELMDIV,764367,ELMDIV-EQ,ELMDIV,NSE
NSE:VEDPOWER-EQ,36.49,36.49,434,36.51,1787,1939872,5120609,7060481,36.67,36.51,NONE,52,52.0,52.0,1.0,52,52,52,36.49,36.49,-0.6092,14902528,0,0,0.2139,21.39,AVOID,No new SMMA crossover,VEDPOWER,750518,VEDPOWER-EQ,VEDPOWER,NSE
NSE:BCLIND-EQ,36.36,36.21,32,36.35,9,136558,368019,504577,36.61,36.92,NONE,23,23.0,23.0,1.0,23,23,23,36.36,36.36,0.561,245449,0,0,0.6668,66.68,ACCEPT,No new SMMA crossover,BCLIND,2513,BCLIND-EQ,BCLIND,NSE
NSE:DIVIDEND-EQ,36.1,36.1,1,36.12,39506,267750,89622,357372,36.19,36.35,NONE,1,1.0,1.0,1.0,1,1,1,36.1,36.1,-0.9999,3962,0,0,0.1576,15.76,AVOID,No new SMMA crossover,DIVIDEND,760412,DIVIDEND-EQ,DIVIDEND,NSE
NSE:NIFTY100EW-EQ,35.74,35.69,36,35.75,293968,451305,370683,821988,35.79,35.93,NONE,200,200.0,200.0,1.0,200,200,200,35.74,35.74,-0.9998,18896,0,0,0.4362,43.62,AVOID,No new SMMA crossover,NIFTY100EW,29944,NIFTY100EW-EQ,NIFTY100EW,NSE
NSE:ATALREAL-EQ,35.47,35.42,2478,35.46,118,4673372,276051,4949423,35.18,34.87,NONE,59,59.0,59.0,1.0,59,59,59,35.47,35.47,0.9091,5140651,0,0,0.1899,18.99,AVOID,No new SMMA crossover,ATALREAL,15649,ATALREAL-EQ,ATALREAL,NSE
NSE:SBC-EQ,35.16,35.16,1833,35.18,530,3166287,1464469,4630756,37.17,40.25,NONE,153,153.0,153.0,1.0,153,153,153,35.16,35.16,0.5514,29044951,0,0,0.1736,17.36,AVOID,No new SMMA crossover,SBC,6792,SBC-EQ,SBC,NSE
NSE:MNC-EQ,34.82,34.77,353862,34.82,87,1222302,774987,1997289,34.84,34.84,NONE,1,1.0,1.0,1.0,1,1,1,34.82,34.82,0.9995,27366,0,0,0.3264,32.64,AVOID,No new SMMA crossover,MNC,10676,MNC-EQ,MNC,NSE
NSE:MSPL-EQ,34.72,34.72,722,34.77,206,128418,302482,430900,34.92,35.4,NONE,40,40.0,40.0,1.0,40,40,40,34.72,34.72,0.556,279491,0,0,0.4275,42.75,AVOID,No new SMMA crossover,MSPL,11919,MSPL-EQ,MSPL,NSE
NSE:IT-EQ,34.55,34.52,220,34.55,5085,1561657,1981723,3543380,34.78,35.05,NONE,10,10.0,10.0,1.0,10,10,10,34.55,34.55,-0.9171,152347,0,0,0.2861,28.61,AVOID,No new SMMA crossover,IT,2627,IT-EQ,IT,NSE
NSE:ITIETF-EQ,34.54,34.54,300768,34.55,1,1628964,1632541,3261505,34.77,35.06,NONE,1442,1442.0,1442.0,1.0,1442,1442,1442,34.54,34.54,1.0,1635328,0,0,0.6237,62.37,ACCEPT,No new SMMA crossover,ITIETF,22365,ITIETF-EQ,ITIETF,NSE
NSE:ITBEES-EQ,34.54,34.53,5035,34.54,11154,4934447,7577120,12511567,34.76,35.04,NONE,5,5.0,5.0,1.0,5,5,5,34.54,34.54,-0.378,8270105,0,0,0.1371,13.71,AVOID,No new SMMA crossover,ITBEES,19084,ITBEES-EQ,ITBEES,NSE
NSE:KWIL-EQ,34.37,34.34,323,34.37,4574,1078240,1815440,2893680,34.46,34.43,NONE,30,30.0,30.0,1.0,30,30,30,34.37,34.37,-0.8681,2893626,0,0,0.1832,18.32,AVOID,No new SMMA crossover,KWIL,760946,KWIL-EQ,KWIL,NSE
NSE:EVINDIA-EQ,34.21,34.21,2982,34.23,292,813616,707234,1520850,34.24,34.17,NONE,310,310.0,310.0,1.0,310,310,310,34.21,34.21,0.8216,257512,0,0,0.338,33.8,AVOID,No new SMMA crossover,EVINDIA,24461,EVINDIA-EQ,EVINDIA,NSE
NSE:EVIETF-EQ,34.18,34.18,3786,34.21,15785,1684339,700864,2385203,34.19,34.14,NONE,574,574.0,574.0,1.0,574,574,574,34.18,34.18,-0.6131,60644,0,0,0.1936,19.36,AVOID,No new SMMA crossover,EVIETF,755881,EVIETF-EQ,EVIETF,NSE
NSE:GROWWEV-EQ,34.1,34.07,46062,34.1,1683,1423716,738138,2161854,34.09,34.04,NONE,7,7.0,7.0,1.0,7,7,7,34.1,34.1,0.9295,145191,0,0,0.205,20.5,AVOID,No new SMMA crossover,GROWWEV,24798,GROWWEV-EQ,GROWWEV,NSE
NSE:MON50EQUAL-EQ,33.81,33.8,46,33.83,2542,765300,529721,1295021,33.93,34.13,NONE,736,736.0,736.0,1.0,736,736,736,33.81,33.81,-0.9645,7590,0,0,0.3576,35.76,AVOID,No new SMMA crossover,MON50EQUAL,756900,MON50EQUAL-EQ,MON50EQUAL,NSE
NSE:SBINEQWETF-EQ,33.81,33.82,29,33.87,15630,612568,402364,1014932,33.93,34.13,NONE,1,1.0,1.0,1.0,1,1,1,33.81,33.81,-0.9963,17784,0,0,0.0814,8.14,AVOID,No new SMMA crossover,SBINEQWETF,24524,SBINEQWETF-EQ,SBINEQWETF,NSE
NSE:MOMNC-EQ,33.8,33.68,9885,33.83,7170,134062,12637,146699,33.78,33.77,NONE,230,230.0,230.0,1.0,230,230,230,33.8,33.8,0.1592,3325,0,0,0.2024,20.24,AVOID,No new SMMA crossover,MOMNC,760054,MOMNC-EQ,MOMNC,NSE
NSE:BHARATCOAL-EQ,33.78,33.76,830,33.79,1662,1019565,2171497,3191062,33.82,34.0,NONE,8,8.0,8.0,1.0,8,8,8,33.78,33.78,-0.3339,2248827,0,0,0.18,18.0,AVOID,No new SMMA crossover,BHARATCOAL,760726,BHARATCOAL-EQ,BHARATCOAL,NSE
NSE:HDFCNIFIT-EQ,33.31,33.26,118,33.3,179,1275802,1904672,3180474,33.48,33.73,NONE,106,106.0,106.0,1.0,106,106,106,33.31,33.31,-0.2054,46125,0,0,0.475,47.5,AVOID,No new SMMA crossover,HDFCNIFIT,12101,HDFCNIFIT-EQ,HDFCNIFIT,NSE
NSE:FINIETF-EQ,33.31,33.31,436,33.34,200,2519485,1442373,3961858,33.36,33.45,NONE,64,64.0,64.0,1.0,64,64,64,33.31,33.31,0.3711,248531,0,0,0.4598,45.98,AVOID,No new SMMA crossover,FINIETF,12578,FINIETF-EQ,FINIETF,NSE
NSE:ITADD-EQ,33.0,33.01,200,33.06,56,1017846,1729786,2747632,33.22,33.48,NONE,1,1.0,1.0,1.0,1,1,1,33.0,33.0,0.5625,5646,0,0,0.439,43.9,AVOID,No new SMMA crossover,ITADD,17207,ITADD-EQ,ITADD,NSE
NSE:ITETF-EQ,33.0,33.0,298,33.02,6000,548437,767084,1315521,33.2,33.46,NONE,200,200.0,200.0,1.0,200,200,200,33.0,33.0,-0.9054,135247,0,0,0.2487,24.87,AVOID,No new SMMA crossover,ITETF,19633,ITETF-EQ,ITETF,NSE
NSE:MOM30IETF-EQ,31.75,31.75,547513,31.77,300,2783789,2198953,4982742,31.77,31.69,NONE,91,91.0,91.0,1.0,91,91,91,31.75,31.75,0.9989,433090,0,0,0.3187,31.87,AVOID,No new SMMA crossover,MOM30IETF,10585,MOM30IETF-EQ,MOM30IETF,NSE
NSE:MOMENTUM-EQ,31.67,31.58,61,31.67,63,1289858,1322483,2612341,31.55,,NONE,4,4.0,4.0,1.0,4,4,4,31.67,31.67,-0.0161,30155,0,0,0.4135,41.35,AVOID,No new SMMA crossover,MOMENTUM,10693,MOMENTUM-EQ,MOMENTUM,NSE
NSE:VASCONEQ-EQ,31.57,31.55,37,31.58,45,146291,278664,424955,31.91,33.3,NONE,100,100.0,100.0,1.0,100,100,100,31.57,31.57,-0.0976,405332,0,0,0.6359,63.59,ACCEPT,No new SMMA crossover,VASCONEQ,18110,VASCONEQ-EQ,VASCONEQ,NSE
NSE:HDFCMOMENT-EQ,31.46,31.47,129420,31.49,638,1805982,1884741,3690723,31.51,31.42,NONE,3522,3522.0,3522.0,1.0,3522,3522,3522,31.46,31.46,0.9902,201204,0,0,0.1189,11.89,AVOID,No new SMMA crossover,HDFCMOMENT,11538,HDFCMOMENT-EQ,HDFCMOMENT,NSE
NSE:MOSERVICE-EQ,31.19,31.15,1,31.2,600,216702,13624,230326,31.26,31.44,NONE,50,50.0,50.0,1.0,50,50,50,31.19,31.19,-0.9967,4000,0,0,0.4794,47.94,AVOID,No new SMMA crossover,MOSERVICE,760001,MOSERVICE-EQ,MOSERVICE,NSE
NSE:MOMENTUM30-EQ,31.17,31.17,638647,31.28,146,849096,331239,1180335,31.26,31.18,NONE,1879,1879.0,1879.0,1.0,1879,1879,1879,31.17,31.17,0.9995,41255,0,0,0.2649,26.49,AVOID,No new SMMA crossover,MOMENTUM30,759488,MOMENTUM30-EQ,MOMENTUM30,NSE
NSE:GSEC10YEAR-EQ,30.69,30.41,4800,30.69,4922,135901,135421,271322,30.68,30.63,NONE,15,15.0,15.0,1.0,15,15,15,30.69,30.69,-0.0125,280,0,0,0.1807,18.07,AVOID,No new SMMA crossover,GSEC10YEAR,14938,GSEC10YEAR-EQ,GSEC10YEAR,NSE
NSE:LTGILTCASE-EQ,30.58,30.58,597,30.62,22260,444847,237165,682012,30.6,30.6,NONE,9,9.0,9.0,1.0,9,9,9,30.58,30.58,-0.9478,5277,0,0,0.2073,20.73,AVOID,No new SMMA crossover,LTGILTCASE,758705,LTGILTCASE-EQ,LTGILTCASE,NSE
NSE:CHEMICAL-EQ,30.52,30.5,288,30.54,7196,1795246,1538243,3333489,30.53,30.64,NONE,1,1.0,1.0,1.0,1,1,1,30.52,30.52,-0.923,101594,0,0,0.1315,13.15,AVOID,No new SMMA crossover,CHEMICAL,759885,CHEMICAL-EQ,CHEMICAL,NSE
NSE:GROWWCHEM-EQ,30.52,30.44,5,30.54,130,583978,316353,900331,30.51,30.62,NONE,1,1.0,1.0,1.0,1,1,1,30.52,30.52,-0.9259,21241,0,0,0.349,34.9,AVOID,No new SMMA crossover,GROWWCHEM,760673,GROWWCHEM-EQ,GROWWCHEM,NSE
NSE:AUTOIETF-EQ,30.48,30.46,436,30.48,214,2396622,2472255,4868877,30.51,30.57,NONE,36,36.0,36.0,1.0,36,36,36,30.48,30.48,0.3415,391997,0,0,0.4424,44.24,AVOID,No new SMMA crossover,AUTOIETF,7844,AUTOIETF-EQ,AUTOIETF,NSE
NSE:MSCIINDIA-EQ,30.24,30.2,12,30.25,29850,560007,184639,744646,30.3,30.4,NONE,150,150.0,150.0,1.0,150,150,150,30.24,30.24,-0.9992,13127,0,0,0.4309,43.09,AVOID,No new SMMA crossover,MSCIINDIA,29758,MSCIINDIA-EQ,MSCIINDIA,NSE
NSE:LTGILTBEES-EQ,30.04,30.04,5677,30.05,501,3085593,2925204,6010797,30.05,30.05,NONE,90,90.0,90.0,1.0,90,90,90,30.04,30.04,0.8378,203563,0,0,0.3143,31.43,AVOID,No new SMMA crossover,LTGILTBEES,17700,LTGILTBEES-EQ,LTGILTBEES,NSE
