symbol,trade_type,entry_time,entry_price,exit_time,exit_price,pnl,profitable,holding_minutes,symbol_clean,timestamp,symbol_smma,open,high,low,close,volume,smma20,smma120,previous_smma20,previous_smma120,signal,smma_diff,smma_diff_pct,return_1,return_5,timestamp_ohlcv,range_pct,body_pct,return_1_ohlcv,return_5_ohlcv,volume_change_pct,volume_ratio,direction,directional_return,target
NSE:AAATECH-EQ,BUY,2026-07-13 05:55:00,96.44,2026-07-13 06:45:00,96.0,-0.4399999999999977,0,50.0,AAATECH,2026-07-13 05:55:00,NSE:AAATECH-EQ,96.44,96.44,96.44,96.44,0,96.30979736051847,96.30857146855462,96.30294459001944,96.30746702711389,BUY,0.0012258919638554744,0.0012728793970905655,0.0,0.0,2026-07-13 05:55:00,0.0,0.0,0.0,0.0,,,1,0.0,0
NSE:ACL-EQ,BUY,2026-07-13 05:55:00,49.74,2026-07-13 07:03:00,49.27,-0.4699999999999988,0,68.0,ACL,2026-07-13 05:55:00,NSE:ACL-EQ,49.74,49.74,49.74,49.74,0,49.50027129964948,49.49150699677632,49.48765399963103,49.48941882027864,BUY,0.00876430287315344,0.017708700754907932,0.0,0.0,2026-07-13 05:55:00,0.0,0.0,0.0,0.0,,,1,0.0,0
NSE:AARTIDRUGS-EQ,BUY,2026-07-13 06:14:00,399.9,2026-07-13 07:23:00,397.7,-2.1999999999999886,0,69.0,AARTIDRUGS,2026-07-13 06:14:00,NSE:AARTIDRUGS-EQ,399.2,399.9,399.2,399.9,58,398.0468749188453,398.0121680980981,397.9493420198372,397.9963039644686,BUY,0.03470682074720344,0.00872004012165006,0.17535070140279885,0.28840125391849103,2026-07-13 06:14:00,0.17504376094023222,0.17535070140280276,0.17535070140279885,0.28840125391849103,inf,0.4552590266875981,1,0.28840125391849103,0
NSE:3PLAND-EQ,BUY,2026-07-13 06:14:00,32.88,2026-07-13 07:31:00,31.54,-1.3400000000000034,0,77.0,3PLAND,2026-07-13 06:14:00,NSE:3PLAND-EQ,32.88,32.88,32.88,32.88,0,32.6795602232674,32.673896989336725,32.66901076133411,32.67216503126392,BUY,0.005663233930675915,0.01733259406591181,0.0,0.0,2026-07-13 06:14:00,0.0,0.0,0.0,0.0,,,1,0.0,0
NSE:AASTHA-EQ,SELL,2026-07-13 06:16:00,129.01,2026-07-13 06:17:00,129.02,-0.0100000000000193,0,1.0,AASTHA,2026-07-13 06:16:00,NSE:AASTHA-EQ,129.02,129.02,129.01,129.01,725,129.01624973299923,129.01636225596738,129.01657866631498,129.01641572030323,SELL,-0.0001125229681520068,-8.721604468180723e-05,0.0,-0.007750736319966922,2026-07-13 06:16:00,0.007751337105665707,-0.007750736319965375,0.0,-0.007750736319966922,1321.5686274509803,1.547161758429364,-1,0.007750736319966922,0
NSE:AASTHA-EQ,BUY,2026-07-13 06:17:00,129.02,2026-07-13 07:51:00,129.01,-0.0100000000000193,0,94.0,AASTHA,2026-07-13 06:17:00,NSE:AASTHA-EQ,129.01,129.02,129.01,129.02,136,129.01643724634926,129.01639257050098,129.01624973299923,129.01636225596738,BUY,4.4675848272390795e-05,3.462804019107702e-05,0.00775133710566589,0.0,2026-07-13 06:17:00,0.007750736319965375,0.007751337105665707,0.00775133710566589,0.0,-81.24137931034483,0.28595458368376786,1,0.0,0
NSE:ABSMARINE-ST,BUY,2026-07-13 06:18:00,232.9,2026-07-13 06:50:00,231.55,-1.3499999999999943,0,32.0,ABSMARINE-ST,2026-07-13 06:18:00,NSE:ABSMARINE-ST,232.9,232.9,232.9,232.9,0,232.16873546200168,232.14767351450595,232.13024785473863,232.14135144319928,BUY,0.021061947495724098,0.009072650686894789,0.0,0.0,2026-07-13 06:18:00,0.0,0.0,0.0,0.0,,,1,0.0,0
NSE:AARTECH-BE,BUY,2026-07-13 06:19:00,48.65,2026-07-13 07:42:00,48.01,-0.6400000000000006,0,83.0,AARTECH-BE,2026-07-13 06:19:00,NSE:AARTECH-BE,48.65,48.65,48.65,48.65,0,48.37320685296656,48.37035372417385,48.35863879259638,48.36800375546944,BUY,0.0028531287927080484,0.0058985071909493855,0.0,0.0,2026-07-13 06:19:00,0.0,0.0,0.0,0.0,,,1,0.0,0
NSE:AARON-EQ,SELL,2026-07-13 06:27:00,116.5,2026-07-13 06:32:00,117.98,-1.480000000000004,0,5.0,AARON,2026-07-13 06:27:00,NSE:AARON-EQ,116.5,116.5,116.5,116.5,0,117.6172447909025,117.6340596780958,117.67604714831845,117.6435895913571,SELL,-0.016814887193291383,-0.01429423352327134,0.0,-1.2628188829561737,2026-07-13 06:27:00,0.0,0.0,0.0,-1.2628188829561737,,0.0,-1,1.2628188829561737,0
NSE:ABCAPITAL-EQ,SELL,2026-07-13 06:27:00,403.25,2026-07-13 07:25:00,405.75,-2.5,0,58.0,ABCAPITAL,2026-07-13 06:27:00,NSE:ABCAPITAL-EQ,404.0,404.35,403.25,403.25,4520,405.4728000423111,405.5603949830894,405.58978951822223,405.57981006698094,SELL,-0.08759494077827412,-0.02159849478939544,-0.1979952976116861,-0.4566773636139332,2026-07-13 06:27:00,0.2727836329820267,-0.18564356435643564,-0.1979952976116861,-0.4566773636139332,-1.1805859204197633,1.3356184622658236,-1,0.4566773636139332,0
NSE:SBIN-EQ,SELL,2026-07-13 06:28:00,1034.2,2026-07-13 06:59:00,1038.8,-4.599999999999909,0,31.0,SBIN,2026-07-13 06:28:00,NSE:SBIN-EQ,1034.4,1034.6,1034.2,1034.2,2710,1036.1673805651926,1036.2518348435945,1036.270926910729,1036.2690771532043,SELL,-0.08445427840183584,-0.008149976247287692,-0.03866228494102675,-0.048323185464382856,2026-07-13 06:28:00,0.03867723844516183,-0.01933488012374763,-0.03866228494102675,-0.048323185464382856,-39.06004047672589,0.19123562204502154,-1,0.048323185464382856,0
NSE:AARON-EQ,BUY,2026-07-13 06:32:00,117.98,2026-07-13 06:47:00,116.11,-1.8700000000000043,0,15.0,AARON,2026-07-13 06:32:00,NSE:AARON-EQ,117.98,117.98,117.98,117.98,5,117.63903347172156,117.63630828286108,117.62108786497004,117.63342011717084,BUY,0.0027251888604808983,0.002316622223410884,0.0,1.2703862660944143,2026-07-13 06:32:00,0.0,0.0,0.0,1.2703862660944143,inf,4.166666666666667,1,1.2703862660944143,0
NSE:20MICRONS-EQ,SELL,2026-07-13 06:35:00,199.74,2026-07-13 06:51:00,200.05,-0.3100000000000023,0,16.0,20MICRONS,2026-07-13 06:35:00,NSE:20MICRONS-EQ,199.74,199.74,199.74,199.74,2,199.87192674390403,199.87298325397208,199.8788702567411,199.87410076030795,SELL,-0.0010565100680537398,-0.0005285907334015557,0.0,0.14539984958636953,2026-07-13 06:35:00,0.0,0.0,0.0,0.14539984958636953,-99.2,0.03076923076923077,-1,-0.14539984958636953,0
NSE:AAATECH-EQ,SELL,2026-07-13 06:45:00,96.0,2026-07-14 07:33:00,95.28,0.7199999999999989,1,1488.0,AAATECH,2026-07-13 06:45:00,NSE:AAATECH-EQ,96.0,96.0,96.0,96.0,0,96.33392051166192,96.33559643015188,96.3514952754336,96.33841656822038,SELL,-0.001675918489965511,-0.0017396669061790007,0.0,-0.19752573032539855,2026-07-13 06:45:00,0.0,0.0,0.0,-0.19752573032539855,-100.0,0.0,-1,0.19752573032539855,1
NSE:AARON-EQ,SELL,2026-07-13 06:47:00,116.11,2026-07-13 07:47:00,117.98,-1.8700000000000043,0,60.0,AARON,2026-07-13 06:47:00,NSE:AARON-EQ,116.35,116.35,116.11,116.11,122,117.6460859543893,117.6468272874506,117.72693258356767,117.6597418024712,SELL,-0.0007413330612990876,-0.0006301343422443195,-0.2062741727546169,-1.5599830436625717,2026-07-13 06:47:00,0.20670054258891987,-0.2062741727546153,-0.2062741727546169,-1.5599830436625717,-6.870229007633588,2.411067193675889,-1,1.5599830436625717,0
NSE:ABSMARINE-ST,SELL,2026-07-13 06:50:00,231.55,2026-07-13 07:14:00,232.95,-1.3999999999999773,0,24.0,ABSMARINE-ST,2026-07-13 06:50:00,NSE:ABSMARINE-ST,231.55,231.55,231.55,231.55,0,232.18460531900612,232.2060416083009,232.21800559895385,232.2115545629925,SELL,-0.02143628929476904,-0.009231581205337052,0.0,0.0,2026-07-13 06:50:00,0.0,0.0,0.0,0.0,,0.0,-1,-0.0,0
NSE:20MICRONS-EQ,BUY,2026-07-13 06:51:00,200.05,2026-07-13 06:58:00,199.6,-0.450000000000017,0,7.0,20MICRONS,2026-07-13 06:51:00,NSE:20MICRONS-EQ,200.0,200.05,200.0,200.05,505,199.8724365937555,199.87049680460436,199.8630911513216,199.8689883743909,BUY,0.0019397891511516718,0.0009705230047274218,0.02500000000000835,0.09005853804973096,2026-07-13 06:51:00,0.024993751562115155,0.02500000000000568,0.02500000000000835,0.09005853804973096,inf,4.960707269155207,1,0.09005853804973096,0
NSE:20MICRONS-EQ,SELL,2026-07-13 06:58:00,199.6,2026-07-13 07:20:00,200.42,-0.8199999999999932,0,22.0,20MICRONS,2026-07-13 06:58:00,NSE:20MICRONS-EQ,199.6,199.6,199.6,199.6,0,199.85843243388865,199.86910639910087,199.87203414093543,199.87136779741263,SELL,-0.010673965212220082,-0.005340477777944426,0.0,-0.2747939045715797,2026-07-13 06:58:00,0.0,0.0,0.0,-0.2747939045715797,,0.0,-1,0.2747939045715797,0
NSE:SBIN-EQ,BUY,2026-07-13 06:59:00,1038.8,2026-07-13 09:49:00,1036.0,-2.7999999999999545,0,170.0,SBIN,2026-07-13 06:59:00,NSE:SBIN-EQ,1037.5,1038.9,1037.4,1038.8,20196,1036.2540762998929,1036.1610291667685,1036.120080315677,1036.138852941279,BUY,0.09304713312440072,0.008979987714769084,0.11565150346954933,0.25091681142634936,2026-07-13 06:59:00,0.14439738159414708,0.12530120481927273,0.11565150346954933,0.25091681142634936,536.2948960302457,1.8276261492796642,1,0.25091681142634936,0
NSE:ACL-EQ,SELL,2026-07-13 07:03:00,49.27,2026-07-13 07:20:00,49.7,-0.4299999999999997,0,17.0,ACL,2026-07-13 07:03:00,NSE:ACL-EQ,49.27,49.27,49.27,49.27,0,49.57704637872027,49.57996592626319,49.59320671444239,49.58257068194607,SELL,-0.0029195475429233397,-0.005888563028190416,0.0,0.0,2026-07-13 07:03:00,0.0,0.0,0.0,0.0,,,-1,-0.0,0
NSE:ABSMARINE-ST,BUY,2026-07-13 07:14:00,232.95,2026-07-13 07:31:00,231.55,-1.3999999999999773,0,17.0,ABSMARINE-ST,2026-07-13 07:14:00,NSE:ABSMARINE-ST,232.95,232.95,232.95,232.95,0,232.20650918413216,232.1773275370452,232.16737808856016,232.170834491138,BUY,0.029181647086971907,0.012568689370548385,0.0,0.0,2026-07-13 07:14:00,0.0,0.0,0.0,0.0,,,1,0.0,0
NSE:AARNAV-EQ,SELL,2026-07-13 07:15:00,25.0,2026-07-13 07:24:00,25.19,-0.1900000000000012,0,9.0,AARNAV,2026-07-13 07:15:00,NSE:AARNAV-EQ,25.0,25.0,25.0,25.0,0,25.160352612794025,25.164414701735463,25.168792223993712,25.1657963378845,SELL,-0.0040620889414384465,-0.01614219519740431,0.0,0.0,2026-07-13 07:15:00,0.0,0.0,0.0,0.0,,,-1,-0.0,0
NSE:20MICRONS-EQ,BUY,2026-07-13 07:20:00,200.42,2026-07-14 04:11:00,201.26,0.8400000000000034,1,1251.0,20MICRONS,2026-07-13 07:20:00,NSE:20MICRONS-EQ,200.25,200.43,200.01,200.42,66,199.8863654935837,199.86931706207332,199.8582794669302,199.8646894743597,BUY,0.01704843151037494,0.008529789244779486,0.08489388264667497,0.11989209711258386,2026-07-13 07:20:00,0.2095599241592735,0.08489388264668539,0.08489388264667497,0.11989209711258386,-90.71729957805907,0.41147132169576056,1,0.11989209711258386,1
NSE:ACL-EQ,BUY,2026-07-13 07:20:00,49.7,2026-07-13 08:03:00,49.36,-0.3400000000000034,0,43.0,ACL,2026-07-13 07:20:00,NSE:ACL-EQ,49.7,49.7,49.7,49.7,0,49.57746950250534,49.57447849412811,49.571020528952985,49.57342369155776,BUY,0.0029910083772293206,0.00603336327094917,0.0,-0.2808988764045006,2026-07-13 07:20:00,0.0,0.0,0.0,-0.2808988764045006,,0.0,1,-0.2808988764045006,0
NSE:ABMKNO-EQ,BUY,2026-07-13 07:21:00,208.0,2026-07-13 07:23:00,205.0,-3.0,0,2.0,ABMKNO,2026-07-13 07:21:00,NSE:ABMKNO-EQ,208.0,208.0,208.0,208.0,0,207.8617934516379,207.85659868728155,207.85451942277672,207.8553936342335,BUY,0.005194764356360793,0.002499205889622138,0.0,0.0,2026-07-13 07:21:00,0.0,0.0,0.0,0.0,,,1,0.0,0
NSE:ABMKNO-EQ,SELL,2026-07-13 07:23:00,205.0,2026-07-14 06:12:00,209.0,-4.0,0,1369.0,ABMKNO,2026-07-13 07:23:00,NSE:ABMKNO-EQ,208.0,208.0,205.0,205.0,5,207.7252685901032,207.83397875073567,207.86870377905603,207.8577936982209,SELL,-0.1087101606324552,-0.05230625005877216,-1.4423076923076872,-1.4423076923076872,2026-07-13 07:23:00,1.4634146341463417,-1.4423076923076923,-1.4423076923076872,-1.4423076923076872,inf,5.0,-1,1.4423076923076872,0
NSE:AARTIDRUGS-EQ,SELL,2026-07-13 07:23:00,397.7,2026-07-13 08:44:00,398.65,-0.9499999999999886,0,81.0,AARTIDRUGS,2026-07-13 07:23:00,NSE:AARTIDRUGS-EQ,398.15,398.15,397.7,397.7,1,398.11797340328167,398.12590376294577,398.1399720034544,398.1294827861638,SELL,-0.007930359664101161,-0.0019919225524252997,-0.11302273012683273,-0.1506402209389912,2026-07-13 07:23:00,0.11315061604224004,-0.11302273012683377,-0.11302273012683273,-0.1506402209389912,-85.71428571428572,0.03225806451612903,-1,0.1506402209389912,0
NSE:AARNAV-EQ,BUY,2026-07-13 07:24:00,25.19,2026-07-13 07:28:00,25.01,-0.1799999999999997,0,4.0,AARNAV,2026-07-13 07:24:00,NSE:AARNAV-EQ,25.19,25.19,25.19,25.19,0,25.16501225761631,25.16479005847093,25.163697113280328,25.16457821022279,BUY,0.00022219914538013086,0.0008829763525300484,0.0,0.0,2026-07-13 07:24:00,0.0,0.0,0.0,0.0,,,1,0.0,0
NSE:ABCAPITAL-EQ,BUY,2026-07-13 07:25:00,405.75,2026-07-13 08:00:00,404.75,-1.0,0,35.0,ABCAPITAL,2026-07-13 07:25:00,NSE:ABCAPITAL-EQ,405.75,406.0,405.55,405.75,874,405.3552158598785,405.3521477115399,405.3344377472405,405.3488044149982,BUY,0.003068148338627452,0.0007569093579370482,-0.012321340561860517,0.036982248520711636,2026-07-13 07:25:00,0.11090573012938722,0.0,-0.012321340561860517,0.036982248520711636,-6.723585912486662,0.4688841201716738,1,0.036982248520711636,0
NSE:AARNAV-EQ,SELL,2026-07-13 07:28:00,25.01,2026-07-13 07:49:00,25.24,-0.2299999999999968,0,21.0,AARNAV,2026-07-13 07:28:00,NSE:AARNAV-EQ,25.19,25.19,25.01,25.01,1,25.16064732765509,25.164119943947707,25.168576134373783,25.1654150695271,SELL,-0.003472616292615527,-0.013799871802990414,-0.7145692735212372,-0.7145692735212372,2026-07-13 07:28:00,0.7197121151539372,-0.7145692735212374,-0.7145692735212372,-0.7145692735212372,inf,5.0,-1,0.7145692735212372,0
NSE:3PLAND-EQ,SELL,2026-07-13 07:31:00,31.54,2026-07-13 08:31:00,32.73,-1.1899999999999975,0,60.0,3PLAND,2026-07-13 07:31:00,NSE:3PLAND-EQ,32.77,32.77,31.54,31.54,100,32.72016199457243,32.72100415833831,32.782275783760454,32.730928563030226,SELL,-0.0008421637658813097,-0.0025737711526395827,-3.753433018004282,-3.753433018004282,2026-07-13 07:31:00,3.8998097653773116,-3.753433018004284,-3.753433018004282,-3.753433018004282,inf,5.0,-1,3.753433018004282,0
NSE:ABSMARINE-ST,SELL,2026-07-13 07:31:00,231.55,2026-07-13 08:15:00,232.5,-0.9499999999999886,0,44.0,ABSMARINE-ST,2026-07-13 07:31:00,NSE:ABSMARINE-ST,231.55,231.55,231.55,231.55,0,232.16791997464165,232.1891313766038,232.20044207857015,232.19450222850804,SELL,-0.021211401962148102,-0.009135398300682664,0.0,0.0,2026-07-13 07:31:00,0.0,0.0,0.0,0.0,,,-1,-0.0,0
NSE:5PAISA-EQ,BUY,2026-07-13 07:38:00,369.95,2026-07-14 03:48:00,369.95,0.0,0,1210.0,5PAISA,2026-07-13 07:38:00,NSE:5PAISA-EQ,369.2,369.95,369.2,369.95,8,369.26500546111794,369.2414463754423,369.22895311696624,369.2354921433032,BUY,0.02355908567562892,0.0063804012000522265,0.2031419284940439,0.027037988373646016,2026-07-13 07:38:00,0.20273009866198138,0.20314192849404117,0.2031419284940439,0.027037988373646016,inf,1.5384615384615383,1,0.027037988373646016,0
NSE:AARTECH-BE,SELL,2026-07-13 07:42:00,48.01,2026-07-13 08:14:00,49.12,-1.1099999999999994,0,32.0,AARTECH-BE,2026-07-13 07:42:00,NSE:AARTECH-BE,48.01,48.01,48.01,48.01,0,48.50554079347822,48.50933922431474,48.53162188787181,48.51353535225016,SELL,-0.0037984308365253128,-0.007830308343225985,0.0,0.0,2026-07-13 07:42:00,0.0,0.0,0.0,0.0,,,-1,-0.0,0
NSE:AARON-EQ,BUY,2026-07-13 07:47:00,117.98,2026-07-14 04:11:00,117.88,-0.1000000000000085,0,1224.0,AARON,2026-07-13 07:47:00,NSE:AARON-EQ,117.98,117.98,117.98,117.98,0,117.4752669529744,117.46085308776492,117.44870205576254,117.45649050867053,BUY,0.01441386520947674,0.012271207666699752,0.0,0.0,2026-07-13 07:47:00,0.0,0.0,0.0,0.0,,,1,0.0,0
NSE:AARNAV-EQ,BUY,2026-07-13 07:49:00,25.24,2026-07-13 09:25:00,25.11,-0.129999999999999,0,96.0,AARNAV,2026-07-13 07:49:00,NSE:AARNAV-EQ,25.24,25.24,25.24,25.24,0,25.1604806776786,25.15950870003935,25.156295450187997,25.158832302560693,BUY,0.0009719776392493884,0.0038632616035458125,0.0,0.0,2026-07-13 07:49:00,0.0,0.0,0.0,0.0,,,1,0.0,0
NSE:AASTHA-EQ,SELL,2026-07-13 07:51:00,129.01,2026-07-13 08:02:00,129.02,-0.0100000000000193,0,11.0,AASTHA,2026-07-13 07:51:00,NSE:AASTHA-EQ,129.01,129.01,129.01,129.01,160,129.01693357944472,129.0171687263356,129.01729850467868,129.01722896773336,SELL,-0.00023514689087278384,-0.0001822601543609789,0.0,0.0,2026-07-13 07:51:00,0.0,0.0,0.0,0.0,-65.21739130434783,0.039397222495814045,-1,-0.0,0
NSE:AARADHYA-SM,SELL,2026-07-13 07:54:00,75.5,2026-07-15 03:48:00,85.95,-10.450000000000005,0,2634.0,AARADHYA-SM,2026-07-13 07:54:00,NSE:AARADHYA-SM,77.5,77.5,75.5,75.5,12000,77.4,77.48333333333333,77.5,77.5,SELL,-0.0833333333333286,-0.10755001075499497,-2.580645161290318,-2.580645161290318,2026-07-13 07:54:00,2.6490066225165565,-2.5806451612903225,-2.580645161290318,-2.580645161290318,inf,5.0,-1,2.580645161290318,0
NSE:ACCORD-ST,BUY,2026-07-13 07:57:00,202.5,2026-07-16 06:45:00,206.45,3.9499999999999886,1,4248.0,ACCORD-ST,2026-07-13 07:57:00,NSE:ACCORD-ST,202.5,202.5,202.5,202.5,0,202.45240760921337,202.45143139658896,202.4499027465404,202.4510232570645,BUY,0.0009762126244083902,0.0004821959606183541,0.0,0.0,2026-07-13 07:57:00,0.0,0.0,0.0,0.0,,,1,0.0,1
NSE:ABCAPITAL-EQ,SELL,2026-07-13 08:00:00,404.75,2026-07-13 08:19:00,406.45,-1.6999999999999886,0,19.0,ABCAPITAL,2026-07-13 08:00:00,NSE:ABCAPITAL-EQ,404.35,404.8,404.35,404.75,2326,405.3850317908018,405.40477231104654,405.4184545166335,405.4102745993747,SELL,-0.01974052024473849,-0.004869335931149964,0.06180469715697523,-0.09872886585214902,2026-07-13 08:00:00,0.1111797405806025,0.09892419933225603,0.06180469715697523,-0.09872886585214902,131.67330677290838,1.4870221199335123,-1,0.09872886585214902,0
NSE:AASTHA-EQ,BUY,2026-07-13 08:02:00,129.02,2026-07-13 08:04:00,129.01,-0.0100000000000193,0,2.0,AASTHA,2026-07-13 08:02:00,NSE:AASTHA-EQ,129.02,129.02,129.01,129.02,286,129.01720201482152,129.01718189713898,129.0170547524437,129.01715821560234,BUY,2.0117682538511872e-05,1.5593025861122137e-05,0.0,0.00775133710566589,2026-07-13 08:02:00,0.007750736319965375,0.0,0.0,0.00775133710566589,-79.57142857142857,0.4542566709021601,1,0.00775133710566589,0
NSE:ACL-EQ,SELL,2026-07-13 08:03:00,49.36,2026-07-13 08:14:00,49.78,-0.4200000000000017,0,11.0,ACL,2026-07-13 08:03:00,NSE:ACL-EQ,49.36,49.36,49.36,49.36,0,49.61180013030151,49.612310140600925,49.62505276873843,49.61443039388329,SELL,-0.000510010299414887,-0.0010279914359349958,0.0,-0.28282828282828465,2026-07-13 08:03:00,0.0,0.0,0.0,-0.28282828282828465,,0.0,-1,0.28282828282828465,0
NSE:AASTHA-EQ,SELL,2026-07-13 08:04:00,129.01,2026-07-13 08:06:00,129.02,-0.0100000000000193,0,2.0,AASTHA,2026-07-13 08:04:00,NSE:AASTHA-EQ,129.02,129.02,129.01,129.01,120,129.0169748183764,129.01714533648507,129.01734191408045,129.0172053813295,SELL,-0.00017051810866064443,-0.0001321670140940742,-0.007750736319966922,-0.007750736319966922,2026-07-13 08:04:00,0.007751337105665707,-0.007750736319965375,-0.007750736319966922,-0.007750736319966922,185.71428571428572,0.27347310847766637,-1,0.007750736319966922,0
NSE:AASTHA-EQ,BUY,2026-07-13 08:06:00,129.02,2026-07-13 08:08:00,129.01,-0.0100000000000193,0,2.0,AASTHA,2026-07-13 08:06:00,NSE:AASTHA-EQ,129.02,129.02,129.02,129.02,130,129.0172697735847,129.0171927159698,129.0171260774576,129.0171691253477,BUY,7.705761490228724e-05,5.972662501805391e-05,0.0,0.0,2026-07-13 08:06:00,0.0,0.0,0.0,0.0,225.0,1.051779935275081,1,0.0,0
NSE:AASTHA-EQ,SELL,2026-07-13 08:08:00,129.01,2026-07-13 08:09:00,129.02,-0.0100000000000193,0,1.0,AASTHA,2026-07-13 08:08:00,NSE:AASTHA-EQ,129.02,129.02,129.01,129.01,6,129.0170359706602,129.01715597575338,129.01740628490546,129.0172161100034,SELL,-0.00012000509317999786,-9.301483378113745e-05,-0.007750736319966922,-0.007750736319966922,2026-07-13 08:08:00,0.007751337105665707,-0.007750736319965375,-0.007750736319966922,-0.007750736319966922,-99.13669064748201,0.03027245206861756,-1,0.007750736319966922,0
NSE:AASTHA-EQ,BUY,2026-07-13 08:09:00,129.02,2026-07-13 08:10:00,129.01,-0.0100000000000193,0,1.0,AASTHA,2026-07-13 08:09:00,NSE:AASTHA-EQ,129.02,129.02,129.01,129.02,477,129.0171841721272,129.01717967595545,129.0170359706602,129.01715597575338,BUY,4.496171754908573e-06,3.484940351510809e-06,0.00775133710566589,0.00775133710566589,2026-07-13 08:09:00,0.007750736319965375,0.0,0.00775133710566589,0.00775133710566589,7850.0,1.769287833827893,1,0.00775133710566589,0
NSE:AASTHA-EQ,SELL,2026-07-13 08:10:00,129.01,2026-07-13 08:24:00,129.02,-0.0100000000000193,0,14.0,AASTHA,2026-07-13 08:10:00,NSE:AASTHA-EQ,129.02,129.02,129.01,129.01,223,129.01682496352083,129.0171198453225,129.0171841721272,129.01717967595545,SELL,-0.0002948818016648147,-0.00022856021124820176,-0.007750736319966922,-0.007750736319966922,2026-07-13 08:10:00,0.007751337105665707,-0.007750736319965375,-0.007750736319966922,-0.007750736319966922,-53.24947589098532,0.728282168517309,-1,0.007750736319966922,0
NSE:ACL-EQ,BUY,2026-07-13 08:14:00,49.78,2026-07-13 08:51:00,49.36,-0.4200000000000017,0,37.0,ACL,2026-07-13 08:14:00,NSE:ACL-EQ,49.78,49.78,49.78,49.78,0,49.61448534328822,49.61068903121626,49.60577404556655,49.609266249965984,BUY,0.0037963120719624044,0.007652205897752543,0.0,0.0,2026-07-13 08:14:00,0.0,0.0,0.0,0.0,,,1,0.0,0
NSE:AARTECH-BE,BUY,2026-07-13 08:14:00,49.12,2026-07-13 08:28:00,48.01,-1.1099999999999994,0,14.0,AARTECH-BE,2026-07-13 08:14:00,NSE:AARTECH-BE,48.9,49.12,48.9,49.12,612,48.48079721356402,48.47089867560938,48.44715496164634,48.46544404263131,BUY,0.009898537954640574,0.020421610131238464,0.44989775051125225,0.9660842754367849,2026-07-13 08:14:00,0.4478827361563495,0.44989775051124514,0.44989775051125225,0.9660842754367849,1124.0,1.642512077294686,1,0.9660842754367849,0
NSE:ABSMARINE-ST,BUY,2026-07-13 08:15:00,232.5,2026-07-14 04:48:00,231.6,-0.9000000000000057,0,1233.0,ABSMARINE-ST,2026-07-13 08:15:00,NSE:ABSMARINE-ST,232.5,232.5,232.5,232.5,0,232.1013888972886,232.0972894911593,232.0804093655669,232.09390536923627,BUY,0.004099406129284944,0.0017662447236123763,0.0,0.0,2026-07-13 08:15:00,0.0,0.0,0.0,0.0,,,1,0.0,0
NSE:ABCAPITAL-EQ,BUY,2026-07-13 08:19:00,406.45,2026-07-14 03:48:00,398.9,-7.550000000000011,0,1169.0,ABCAPITAL,2026-07-13 08:19:00,NSE:ABCAPITAL-EQ,405.8,406.6,405.8,406.45,5305,405.4346040324068,405.4017301319072,405.38116213937553,405.3929211414191,BUY,0.03287390049962369,0.008108968969848099,0.1601774273040757,0.20956607495068447,2026-07-13 08:19:00,0.19682617788166107,0.16017742730408507,0.1601774273040757,0.20956607495068447,431.563126252505,1.879872430900071,1,0.20956607495068447,0
NSE:AASTHA-EQ,BUY,2026-07-13 08:24:00,129.02,2026-07-13 08:32:00,129.01,-0.0100000000000193,0,8.0,AASTHA,2026-07-13 08:24:00,NSE:AASTHA-EQ,129.02,129.02,129.01,129.02,769,129.01716858947464,129.01712841725197,129.01701956786803,129.01710428630452,BUY,4.017222266838871e-05,3.1137123544145587e-05,0.0,0.0,2026-07-13 08:24:00,0.007750736319965375,0.0,0.0,0.0,3395.4545454545455,2.221259387637204,1,0.0,0
NSE:AARTECH-BE,SELL,2026-07-13 08:28:00,48.01,2026-07-13 08:56:00,48.79,-0.7800000000000011,0,28.0,AARTECH-BE,2026-07-13 08:28:00,NSE:AARTECH-BE,48.01,48.01,48.01,48.01,0,48.45634198039362,48.47520032020654,48.47983366357224,48.47910956659483,SELL,-0.01885833981292251,-0.038903067317622914,0.0,0.0,2026-07-13 08:28:00,0.0,0.0,0.0,0.0,,,-1,-0.0,0
NSE:3PLAND-EQ,BUY,2026-07-13 08:31:00,32.73,2026-07-13 09:19:00,32.65,-0.0799999999999983,0,48.0,3PLAND,2026-07-13 08:31:00,NSE:3PLAND-EQ,32.73,32.73,32.73,32.73,0,32.65444495477664,32.652221815431616,32.650468373449094,32.651568217241966,BUY,0.0022231393450269366,0.0068085392705995555,0.0,0.0,2026-07-13 08:31:00,0.0,0.0,0.0,0.0,,,1,0.0,0
NSE:AASTHA-EQ,SELL,2026-07-13 08:32:00,129.01,2026-07-13 08:36:00,129.02,-0.0100000000000193,0,4.0,AASTHA,2026-07-13 08:32:00,NSE:AASTHA-EQ,129.01,129.01,129.01,129.01,0,129.0171465844081,129.01714839234415,129.01752272042958,129.01720846286804,SELL,-1.8079360586398252e-06,-1.4013145393214316e-06,0.0,-0.007750736319966922,2026-07-13 08:32:00,0.0,0.0,0.0,-0.007750736319966922,-100.0,0.0,-1,0.007750736319966922,0
NSE:AASTHA-EQ,BUY,2026-07-13 08:36:00,129.02,2026-07-13 08:38:00,129.01,-0.0100000000000193,0,2.0,AASTHA,2026-07-13 08:36:00,NSE:AASTHA-EQ,129.02,129.02,129.02,129.02,42,129.01724718766656,129.01716099703717,129.0171023028069,129.0171371398694,BUY,8.619062938919342e-05,6.680555417831025e-05,0.0,0.00775133710566589,2026-07-13 08:36:00,0.0,0.0,0.0,0.00775133710566589,-83.9080459770115,0.12082853855005753,1,0.00775133710566589,0
NSE:AASTHA-EQ,SELL,2026-07-13 08:38:00,129.01,2026-07-13 08:39:00,129.02,-0.0100000000000193,0,1.0,AASTHA,2026-07-13 08:38:00,NSE:AASTHA-EQ,129.02,129.02,129.01,129.01,399,129.0170155868691,129.0171247832669,129.01738482828324,129.0171846553952,SELL,-0.00010919639780127,-8.463713478711194e-05,-0.007750736319966922,0.0,2026-07-13 08:38:00,0.007751337105665707,-0.007750736319965375,-0.007750736319966922,0.0,86.44859813084112,0.8507462686567164,-1,-0.0,0
NSE:AASTHA-EQ,BUY,2026-07-13 08:39:00,129.02,2026-07-13 08:40:00,129.01,-0.0100000000000193,0,1.0,AASTHA,2026-07-13 08:39:00,NSE:AASTHA-EQ,129.01,129.02,129.01,129.02,404,129.01716480752563,129.01714874340635,129.0170155868691,129.0171247832669,BUY,1.6064119279235456e-05,1.2451150436741023e-05,0.00775133710566589,0.0,2026-07-13 08:39:00,0.007750736319965375,0.007751337105665707,0.00775133710566589,0.0,1.2531328320801949,1.5303030303030303,1,0.0,0
NSE:AASTHA-EQ,SELL,2026-07-13 08:40:00,129.01,2026-07-13 08:43:00,129.02,-0.0100000000000193,0,3.0,AASTHA,2026-07-13 08:40:00,NSE:AASTHA-EQ,129.02,129.02,129.01,129.01,568,129.01680656714933,129.01708917054464,129.01716480752563,129.01714874340635,SELL,-0.00028260339530561396,-0.00021904338186706974,-0.007750736319966922,-0.007750736319966922,2026-07-13 08:40:00,0.007751337105665707,-0.007750736319965375,-0.007750736319966922,-0.007750736319966922,40.594059405940584,1.7455439459127229,-1,0.007750736319966922,0
NSE:AASTHA-EQ,BUY,2026-07-13 08:43:00,129.02,2026-07-13 09:34:00,129.01,-0.0100000000000193,0,51.0,AASTHA,2026-07-13 08:43:00,NSE:AASTHA-EQ,129.02,129.02,129.02,129.02,273,129.01726203050967,129.01716133654273,129.01711792685228,129.01713748222795,BUY,0.00010069396694234456,7.804695584619414e-05,0.0,0.00775133710566589,2026-07-13 08:43:00,0.0,0.0,0.0,0.00775133710566589,72.78481012658229,0.6632653061224489,1,0.00775133710566589,0
NSE:AARTIDRUGS-EQ,BUY,2026-07-13 08:44:00,398.65,2026-07-13 08:51:00,397.55,-1.099999999999966,0,7.0,AARTIDRUGS,2026-07-13 08:44:00,NSE:AARTIDRUGS-EQ,398.3,398.65,398.2,398.65,69,397.9578365941745,397.9543297166345,397.92140694123634,397.9484837478667,BUY,0.0035068775400191043,0.000881226130273842,0.08787346221439396,0.11300853842290959,2026-07-13 08:44:00,0.11288097328483347,0.08787346221440268,0.08787346221439396,0.11300853842290959,-87.24584103512014,0.5088495575221239,1,0.11300853842290959,0
NSE:AARTIDRUGS-EQ,SELL,2026-07-13 08:51:00,397.55,2026-07-13 08:55:00,398.6,-1.0500000000000114,0,4.0,AARTIDRUGS,2026-07-13 08:51:00,NSE:AARTIDRUGS-EQ,397.55,397.55,397.55,397.55,0,397.9471177349709,397.95450232333496,397.9680186683904,397.95790150252265,SELL,-0.007384588364061528,-0.0018556363405738295,0.0,-0.17576898932830654,2026-07-13 08:51:00,0.0,0.0,0.0,-0.17576898932830654,,0.0,-1,0.17576898932830654,0
NSE:ACL-EQ,SELL,2026-07-13 08:51:00,49.36,2026-07-13 08:55:00,49.64,-0.2800000000000011,0,4.0,ACL,2026-07-13 08:51:00,NSE:ACL-EQ,49.36,49.36,49.36,49.36,0,49.62503186849053,49.62704326089558,49.63898091420055,49.62928732191152,SELL,-0.0020113924050519927,-0.004053016808754555,0.0,-0.6441223832528209,2026-07-13 08:51:00,0.0,0.0,0.0,-0.6441223832528209,,0.0,-1,0.6441223832528209,0
NSE:ACL-EQ,BUY,2026-07-13 08:55:00,49.64,2026-07-13 09:02:00,49.56,-0.0799999999999983,0,7.0,ACL,2026-07-13 08:55:00,NSE:ACL-EQ,49.64,49.64,49.64,49.64,0,49.62780836333471,49.62746978348776,49.62716669824706,49.62736448755067,BUY,0.00033857984694662946,0.0006822428151662147,0.0,0.5672609400324102,2026-07-13 08:55:00,0.0,0.0,0.0,0.5672609400324102,,0.0,1,0.5672609400324102,0
NSE:AARTIDRUGS-EQ,BUY,2026-07-13 08:55:00,398.6,2026-07-13 09:29:00,397.3,-1.3000000000000114,0,34.0,AARTIDRUGS,2026-07-13 08:55:00,NSE:AARTIDRUGS-EQ,397.6,398.6,397.6,398.6,72,397.9576611271197,397.9556764802853,397.92385381802063,397.9502619969264,BUY,0.0019846468343871493,0.0004987105227246253,0.25150905432596016,0.2641177210413792,2026-07-13 08:55:00,0.2508780732563974,0.2515090543259557,0.25150905432596016,0.2641177210413792,63.63636363636365,1.4937759336099585,1,0.2641177210413792,0
NSE:AARTECH-BE,BUY,2026-07-13 08:56:00,48.79,2026-07-14 03:53:00,48.0,-0.7899999999999991,0,1137.0,AARTECH-BE,2026-07-13 08:56:00,NSE:AARTECH-BE,48.79,48.79,48.79,48.79,0,48.44886914781278,48.44543692469758,48.43091489243451,48.44254143666984,BUY,0.00343222311519753,0.007084719084136852,0.0,0.0,2026-07-13 08:56:00,0.0,0.0,0.0,0.0,,,1,0.0,0
NSE:ACL-EQ,SELL,2026-07-13 09:02:00,49.56,2026-07-14 04:44:00,49.73,-0.1699999999999946,0,1182.0,ACL,2026-07-13 09:02:00,NSE:ACL-EQ,49.64,49.64,49.56,49.56,28,49.627486125416205,49.627516024575726,49.6310380267539,49.62808338612678,SELL,-2.9899159521562524e-05,-6.0247140934388794e-05,-0.16116035455278066,-0.16116035455278066,2026-07-13 09:02:00,0.1614205004035478,-0.16116035455277658,-0.16116035455278066,-0.16116035455278066,inf,5.0,-1,0.16116035455278066,0
NSE:3PLAND-EQ,SELL,2026-07-13 09:19:00,32.65,2026-07-14 03:49:00,32.75,-0.1000000000000014,0,1110.0,3PLAND,2026-07-13 09:19:00,NSE:3PLAND-EQ,32.65,32.65,32.65,32.65,0,32.6570027783318,32.657188211463,32.65737134561242,32.65724861660134,SELL,-0.000185433131200341,-0.000567817198466744,0.0,0.0,2026-07-13 09:19:00,0.0,0.0,0.0,0.0,,,-1,-0.0,0
NSE:AARNAV-EQ,SELL,2026-07-13 09:25:00,25.11,2026-07-14 04:12:00,25.45,-0.3399999999999998,0,1127.0,AARNAV,2026-07-13 09:25:00,NSE:AARNAV-EQ,25.11,25.11,25.11,25.11,0,25.19089625417813,25.193089482669876,25.195153951766454,25.19378771361668,SELL,-0.0021932284917447475,-0.008705674995730285,0.0,0.0,2026-07-13 09:25:00,0.0,0.0,0.0,0.0,,0.0,-1,-0.0,0
NSE:AARTIDRUGS-EQ,SELL,2026-07-13 09:29:00,397.3,2026-07-14 03:57:00,400.1,-2.800000000000012,0,1108.0,AARTIDRUGS,2026-07-13 09:29:00,NSE:AARTIDRUGS-EQ,397.5,397.6,397.3,397.3,200,397.9613766803128,397.9756211984841,397.9961859792767,397.9812986875469,SELL,-0.014244518171267373,-0.003579243906541487,-0.05031446540880724,-0.11313639220615901,2026-07-13 09:29:00,0.07550969041027217,-0.05031446540880217,-0.05031446540880724,-0.11313639220615901,4900.0,2.2675736961451247,-1,0.11313639220615901,0
NSE:AASTHA-EQ,SELL,2026-07-13 09:34:00,129.01,2026-07-13 09:52:00,129.02,-0.0100000000000193,0,18.0,AASTHA,2026-07-13 09:34:00,NSE:AASTHA-EQ,129.02,129.02,129.01,129.01,7588,129.0174407797637,129.01754658974977,129.01783239975123,129.01761000647036,SELL,-0.00010580998608133996,-8.201208973365054e-05,-0.007750736319966922,0.0,2026-07-13 09:34:00,0.007751337105665707,-0.007750736319965375,-0.007750736319966922,0.0,259.96204933586336,2.3122866894197953,-1,-0.0,0
NSE:SBIN-EQ,SELL,2026-07-13 09:49:00,1036.0,2026-07-15 04:02:00,1028.7,7.299999999999954,1,2533.0,SBIN,2026-07-13 09:49:00,NSE:SBIN-EQ,1035.7,1036.6,1035.6,1036.0,73006,1037.5635697489645,1037.6053182615549,1037.6458628936466,1037.6188083309796,SELL,-0.04174851259040224,-0.0040235445844041505,0.019308746862334303,0.0,2026-07-13 09:49:00,0.09652509652509653,0.02896591677126142,0.019308746862334303,0.0,28.19090094993941,1.5920222254205427,-1,-0.0,1
NSE:AARVI-EQ,BUY,2026-07-13 09:51:00,153.69,2026-07-13 09:56:00,151.99,-1.6999999999999886,0,5.0,AARVI,2026-07-13 09:51:00,NSE:AARVI-EQ,153.69,153.69,153.69,153.69,0,152.88222800956416,152.8628367140291,152.83971369427806,152.85588576204617,BUY,0.01939129553505836,0.012685421749260729,0.0,-0.7427021441487991,2026-07-13 09:51:00,0.0,0.0,0.0,-0.7427021441487991,-100.0,0.0,1,-0.7427021441487991,0
NSE:AASTHA-EQ,BUY,2026-07-13 09:52:00,129.02,2026-07-15 03:46:00,129.2,0.1799999999999784,1,2514.0,AASTHA,2026-07-13 09:52:00,NSE:AASTHA-EQ,129.02,129.02,129.02,129.02,50,129.01761622715566,129.017513210371,129.017490765427,129.01749231297916,BUY,0.00010301678466362318,7.984713245530316e-05,0.0,0.0,2026-07-13 09:52:00,0.0,0.0,0.0,0.0,-76.74418604651163,0.02206531332744925,1,0.0,1
NSE:AARVI-EQ,SELL,2026-07-13 09:56:00,151.99,2026-07-14 08:33:00,152.0,-0.0099999999999909,0,1357.0,AARVI,2026-07-13 09:56:00,NSE:AARVI-EQ,152.0,152.0,151.99,151.99,466,152.8561367694543,152.86011142381065,152.9017229152151,152.86742328451493,SELL,-0.003974654356341034,-0.0026001906706198514,-0.18388389045773668,-1.1061227145552688,2026-07-13 09:56:00,0.006579380222377067,-0.006578947368415069,-0.18388389045773668,-1.1061227145552688,1764.0,2.855392156862745,-1,1.1061227145552688,0
NSE:ABCAPITAL-EQ,SELL,2026-07-14 03:48:00,398.9,2026-07-14 07:52:00,399.75,-0.8500000000000227,0,244.0,ABCAPITAL,2026-07-14 03:48:00,NSE:ABCAPITAL-EQ,399.7,400.8,398.9,398.9,27889,405.9754716833888,406.1985046490501,406.347864929883,406.2598366208909,SELL,-0.22303296566133213,-0.05490738225489765,-0.2001501125844407,-2.002211030585932,2026-07-14 03:48:00,0.47630985209326504,-0.20015011258444118,-0.2001501125844407,-2.002211030585932,93.21740335319384,0.9306881131949543,-1,2.002211030585932,0
NSE:5PAISA-EQ,SELL,2026-07-14 03:48:00,369.95,2026-07-14 04:25:00,372.7,-2.75,0,37.0,5PAISA,2026-07-14 03:48:00,NSE:5PAISA-EQ,368.0,369.95,368.0,369.95,74,370.66505835917866,370.6930294931283,370.70269300966174,370.6992734384487,SELL,-0.027971133949620253,-0.007545632565000462,0.5298913043478182,0.12178619756426645,2026-07-14 03:48:00,0.5270982565211485,0.5298913043478231,0.5298913043478182,0.12178619756426645,inf,0.2792452830188679,-1,-0.12178619756426645,0
NSE:ABFRL-EQ,SELL,2026-07-14 03:48:00,59.95,2026-07-15 06:56:00,59.33,0.6200000000000045,1,1628.0,ABFRL,2026-07-14 03:48:00,NSE:ABFRL-EQ,60.05,60.05,59.95,59.95,3924,60.44502310080772,60.44931616415212,60.47107694821864,60.45351209830465,SELL,-0.004293063344405823,-0.007101922100736205,-0.16652789342214147,-0.49792531120331773,2026-07-14 03:48:00,0.16680567139281788,-0.16652789342213875,-0.16652789342214147,-0.49792531120331773,-20.276310442909384,0.21198206471827563,-1,0.49792531120331773,1
NSE:3PLAND-EQ,BUY,2026-07-14 03:49:00,32.75,2026-07-14 03:50:00,32.55,-0.2000000000000028,0,1.0,3PLAND,2026-07-14 03:49:00,NSE:3PLAND-EQ,32.75,32.75,32.75,32.75,0,32.66056219778618,32.65671774626284,32.65585494503809,32.655933861777655,BUY,0.003844451523335124,0.011772314514905817,0.0,0.3062787136294043,2026-07-14 03:49:00,0.0,0.0,0.0,0.3062787136294043,-100.0,0.0,1,0.3062787136294043,0
NSE:3PLAND-EQ,SELL,2026-07-14 03:50:00,32.55,2026-07-14 05:34:00,32.54,0.009999999999998,1,104.0,3PLAND,2026-07-14 03:50:00,NSE:3PLAND-EQ,32.75,32.75,32.55,32.55,512,32.655034087896865,32.65582843171065,32.66056219778618,32.65671774626284,SELL,-0.0007943438137871794,-0.002432471788147401,-0.6106870229007688,-0.3062787136294043,2026-07-14 03:50:00,0.6144393241167523,-0.610687022900772,-0.6106870229007688,-0.3062787136294043,inf,4.95164410058027,-1,0.3062787136294043,1
NSE:AARTECH-BE,SELL,2026-07-14 03:53:00,48.0,2026-07-15 04:15:00,48.69,-0.6899999999999977,0,1462.0,AARTECH-BE,2026-07-14 03:53:00,NSE:AARTECH-BE,48.0,48.0,48.0,48.0,0,48.52990892727801,48.5344581618746,48.55779887081896,48.538949406932375,SELL,-0.004549234596595397,-0.009373205695266151,0.0,-1.6191842590694838,2026-07-14 03:53:00,0.0,0.0,0.0,-1.6191842590694838,-100.0,0.0,-1,1.6191842590694838,0
NSE:AARTIDRUGS-EQ,BUY,2026-07-14 03:57:00,400.1,2026-07-14 07:55:00,404.3,4.199999999999989,1,238.0,AARTIDRUGS,2026-07-14 03:57:00,NSE:AARTIDRUGS-EQ,400.1,400.1,400.1,400.1,385,397.8524083748559,397.8080806054303,397.7341140787957,397.7888207785852,BUY,0.04432776942559258,0.011143003771599979,0.0,0.3008272750062879,2026-07-14 03:57:00,0.0,0.0,0.0,0.3008272750062879,492.3076923076923,0.915359010936757,1,0.3008272750062879,1
NSE:20MICRONS-EQ,SELL,2026-07-14 04:11:00,201.26,2026-07-14 05:54:00,204.0,-2.740000000000009,0,103.0,20MICRONS,2026-07-14 04:11:00,NSE:20MICRONS-EQ,201.26,201.26,201.26,201.26,0,202.4433743338123,202.49469935421868,202.5056571934866,202.50507497904408,SELL,-0.05132502040638087,-0.025346352556418948,0.0,-0.5190054866294314,2026-07-14 04:11:00,0.0,0.0,0.0,-0.5190054866294314,-100.0,0.0,-1,0.5190054866294314,0
NSE:AARON-EQ,SELL,2026-07-14 04:11:00,117.88,2026-07-14 04:26:00,118.25,-0.3700000000000045,0,15.0,AARON,2026-07-14 04:11:00,NSE:AARON-EQ,117.88,117.88,117.88,117.88,0,118.05234307479172,118.05809578480196,118.06141376293864,118.0595923880356,SELL,-0.005752710010241913,-0.004872778924647435,0.0,0.0,2026-07-14 04:11:00,0.0,0.0,0.0,0.0,,0.0,-1,-0.0,0
NSE:AARNAV-EQ,BUY,2026-07-14 04:12:00,25.45,2026-07-14 04:56:00,25.0,-0.4499999999999993,0,44.0,AARNAV,2026-07-14 04:12:00,NSE:AARNAV-EQ,25.45,25.45,25.45,25.45,0,25.1723581703809,25.16848938045512,25.15774544250621,25.16612374499676,BUY,0.0038687899257787706,0.015371561905432131,0.0,0.0,2026-07-14 04:12:00,0.0,0.0,0.0,0.0,,,1,0.0,0
NSE:21STCENMGM-EQ,BUY,2026-07-14 04:13:00,31.9,2026-07-14 04:52:00,31.02,-0.879999999999999,0,39.0,21STCENMGM,2026-07-14 04:13:00,NSE:21STCENMGM-EQ,31.9,31.9,31.9,31.9,0,31.679155727456106,31.678862060537995,31.66753234469064,31.677003758525707,BUY,0.0002936669181110574,0.0009270122062776839,0.0,0.0,2026-07-14 04:13:00,0.0,0.0,0.0,0.0,,,1,0.0,0
NSE:5PAISA-EQ,BUY,2026-07-14 04:25:00,372.7,2026-07-15 09:51:00,390.4,17.69999999999999,1,1766.0,5PAISA,2026-07-14 04:25:00,NSE:5PAISA-EQ,372.7,372.7,372.7,372.7,0,370.6159588708706,370.5741839525958,370.50627249565326,370.5563199521975,BUY,0.04177491827482527,0.011273024426377516,0.0,0.6617150573936526,2026-07-14 04:25:00,0.0,0.0,0.0,0.6617150573936526,-100.0,0.0,1,0.6617150573936526,1
NSE:AARON-EQ,BUY,2026-07-14 04:26:00,118.25,2026-07-14 04:34:00,117.31,-0.9399999999999976,0,8.0,AARON,2026-07-14 04:26:00,NSE:AARON-EQ,118.25,118.25,118.25,118.25,0,118.05786103559856,118.05520552259276,118.0477484585248,118.0535685942112,BUY,0.0026555130058056875,0.0022493823919500864,0.0,0.0,2026-07-14 04:26:00,0.0,0.0,0.0,0.0,,,1,0.0,0
NSE:INFY-EQ,SELL,2026-07-14 04:28:00,1096.4,2026-07-14 05:08:00,1104.6,-8.199999999999818,0,40.0,INFY,2026-07-14 04:28:00,NSE:INFY-EQ,1096.7,1096.9,1096.1,1096.4,39353,1100.603161067088,1100.6032703337255,1100.8243800706189,1100.6385919331683,SELL,-0.00010926663753707544,-9.927885958756379e-06,-0.027354791647671295,-0.21842009464869694,2026-07-14 04:28:00,0.07296607077710524,-0.027354791647666132,-0.027354791647671295,-0.21842009464869694,0.6290433937658158,1.176184014681005,-1,0.21842009464869694,0
NSE:AARON-EQ,SELL,2026-07-14 04:34:00,117.31,2026-07-14 05:31:00,118.25,-0.9399999999999976,0,57.0,AARON,2026-07-14 04:34:00,NSE:AARON-EQ,117.31,117.31,117.31,117.31,0,118.03088108536936,118.0522179126207,118.06882219512563,118.05845503793684,SELL,-0.021336827251346335,-0.018074058775532132,0.0,-0.7949260042283246,2026-07-14 04:34:00,0.0,0.0,0.0,-0.7949260042283246,-100.0,0.0,-1,0.7949260042283246,0
NSE:ACCPL-ST,SELL,2026-07-14 04:35:00,154.2,2026-07-14 07:56:00,155.7,-1.5,0,201.0,ACCPL-ST,2026-07-14 04:35:00,NSE:ACCPL-ST,154.2,154.2,154.2,154.2,1200,155.37324724365857,155.3738086619855,155.43499709858796,155.3836726003215,SELL,-0.0005614183269244677,-0.00036133395438984757,0.0,-0.836012861736346,2026-07-14 04:35:00,0.0,0.0,0.0,-0.836012861736346,0.0,1.6666666666666667,-1,0.836012861736346,0
NSE:RELIANCE-EQ,BUY,2026-07-14 04:42:00,1299.4,2026-07-14 07:04:00,1299.2,-0.2000000000000454,0,142.0,RELIANCE,2026-07-14 04:42:00,NSE:RELIANCE-EQ,1299.9,1299.9,1299.0,1299.4,20207,1297.973539106244,1297.9216502219035,1297.898462217099,1297.909227114525,BUY,0.05188888434054206,0.00399784411729866,-0.04615384615384022,0.015394088669951067,2026-07-14 04:42:00,0.06926273664769053,-0.038464497269020695,-0.04615384615384022,0.015394088669951067,-0.32555615843733454,0.6153953916152491,1,0.015394088669951067,0
NSE:ACL-EQ,BUY,2026-07-14 04:44:00,49.73,2026-07-14 05:14:00,49.07,-0.6599999999999966,0,30.0,ACL,2026-07-14 04:44:00,NSE:ACL-EQ,49.74,49.74,49.73,49.73,10,49.4821887632339,49.47880457582344,49.469146066562,49.47669368990599,BUY,0.0033841874104609815,0.0068396709246984905,-0.020104543626875415,-0.08036970062287319,2026-07-14 04:44:00,0.020108586366388733,-0.020104543626869954,-0.020104543626875415,-0.08036970062287319,inf,2.7777777777777777,1,-0.08036970062287319,0
NSE:ABLBL-EQ,SELL,2026-07-14 04:48:00,97.6,2026-07-14 09:33:00,97.65,-0.0500000000000113,0,285.0,ABLBL,2026-07-14 04:48:00,NSE:ABLBL-EQ,97.8,97.8,97.6,97.6,1788,97.95857670070038,97.96589769440216,97.97744915863196,97.96897246494336,SELL,-0.007320993701782186,-0.007473002212075389,-0.2044989775051187,-0.22490288284604532,2026-07-14 04:48:00,0.20491803278688817,-0.2044989775051154,-0.2044989775051187,-0.22490288284604532,197.00996677740866,1.8263534218590398,-1,0.22490288284604532,0
NSE:ABSMARINE-ST,SELL,2026-07-14 04:48:00,231.6,2026-07-14 09:11:00,230.0,1.5999999999999943,1,263.0,ABSMARINE-ST,2026-07-14 04:48:00,NSE:ABSMARINE-ST,231.6,231.6,231.6,231.6,0,232.74114087677253,232.7468010640914,232.80120092291844,232.75643804782328,SELL,-0.00566018731885265,-0.002431907675196793,0.0,0.0,2026-07-14 04:48:00,0.0,0.0,0.0,0.0,,,-1,-0.0,1
NSE:21STCENMGM-EQ,SELL,2026-07-14 04:52:00,31.02,2026-07-14 05:55:00,31.95,-0.9299999999999996,0,63.0,21STCENMGM,2026-07-14 04:52:00,NSE:21STCENMGM-EQ,31.02,31.02,31.02,31.02,0,31.70220635663231,31.715638437944843,31.7381119543498,31.72148413910404,SELL,-0.013432081312533484,-0.042351603102093745,0.0,-2.9107981220657275,2026-07-14 04:52:00,0.0,0.0,0.0,-2.9107981220657275,,0.0,-1,2.9107981220657275,0
NSE:AARNAV-EQ,SELL,2026-07-14 04:56:00,25.0,2026-07-14 05:20:00,25.4,-0.3999999999999986,0,24.0,AARNAV,2026-07-14 04:56:00,NSE:AARNAV-EQ,25.0,25.0,25.0,25.0,0,25.19931208923757,25.207824183777507,25.20980219919744,25.20957060548992,SELL,-0.008512094539938175,-0.03376766863288476,0.0,0.0,2026-07-14 04:56:00,0.0,0.0,0.0,0.0,,,-1,-0.0,0
NSE:INFY-EQ,BUY,2026-07-14 05:08:00,1104.6,2026-07-14 05:21:00,1097.5,-7.099999999999909,0,13.0,INFY,2026-07-14 05:08:00,NSE:INFY-EQ,1104.7,1105.9,1103.8,1104.6,22739,1100.0500741750263,1099.8833099857875,1099.8106043947646,1099.8436739352478,BUY,0.1667641892388474,0.015161989251478167,0.0,-0.31585596967782514,2026-07-14 05:08:00,0.190114068441077,-0.009052231375046295,0.0,-0.31585596967782514,-28.446458353000416,0.6417536393039179,1,-0.31585596967782514,0
NSE:ACSTECH-EQ,SELL,2026-07-14 05:14:00,44.38,2026-07-14 05:29:00,44.74,-0.3599999999999994,0,15.0,ACSTECH,2026-07-14 05:14:00,NSE:ACSTECH-EQ,44.38,44.52,44.38,44.38,262,44.61595324515741,44.616391666085526,44.628371837007805,44.61837815067448,SELL,-0.00043842092811985367,-0.0009826454174085815,0.0,-0.4039497307001816,2026-07-14 05:14:00,0.3154574132492126,0.0,0.0,-0.4039497307001816,274.2857142857143,3.9457831325301203,-1,0.4039497307001816,0
NSE:ACL-EQ,SELL,2026-07-14 05:14:00,49.07,2026-07-14 05:31:00,49.59,-0.5200000000000031,0,17.0,ACL,2026-07-14 05:14:00,NSE:ACL-EQ,49.07,49.07,49.07,49.07,0,49.49255293500398,49.49554264523656,49.51479256316208,49.49911863385199,SELL,-0.0029897102325833202,-0.006040362571660883,0.0,-1.2477359629704088,2026-07-14 05:14:00,0.0,0.0,0.0,-1.2477359629704088,,0.0,-1,1.2477359629704088,0
NSE:AARNAV-EQ,BUY,2026-07-14 05:20:00,25.4,2026-07-15 04:39:00,25.62,0.2200000000000024,1,1399.0,AARNAV,2026-07-14 05:20:00,NSE:AARNAV-EQ,25.4,25.4,25.4,25.4,0,25.206097178585548,25.19902872754862,25.19589176693216,25.197339893326337,BUY,0.007068451036928991,0.028050490014329275,0.0,0.0,2026-07-14 05:20:00,0.0,0.0,0.0,0.0,-100.0,0.0,1,0.0,1
NSE:INFY-EQ,SELL,2026-07-14 05:21:00,1097.5,2026-07-14 05:30:00,1101.8,-4.2999999999999545,0,9.0,INFY,2026-07-14 05:21:00,NSE:INFY-EQ,1098.3,1098.9,1097.4,1097.5,33494,1099.8978238785826,1099.904659534047,1100.0240251353505,1099.924866757022,SELL,-0.006835655464328738,-0.0006214770894074156,-0.04553734061930603,-0.08193736343773406,2026-07-14 05:21:00,0.1366742596810934,-0.07283984339433255,-0.04553734061930603,-0.08193736343773406,-1.8203136450241852,0.9950505932752239,-1,0.08193736343773406,0
NSE:ACSTECH-EQ,BUY,2026-07-14 05:29:00,44.74,2026-07-14 09:25:00,45.01,0.269999999999996,1,236.0,ACSTECH,2026-07-14 05:29:00,NSE:ACSTECH-EQ,44.74,44.74,44.74,44.74,0,44.61474593582549,44.614122683199774,44.608153616658406,44.61306489062162,BUY,0.0006232526257150539,0.00139698505368066,0.0,0.04472271914133241,2026-07-14 05:29:00,0.0,0.0,0.0,0.04472271914133241,-100.0,0.0,1,0.04472271914133241,1
NSE:INFY-EQ,BUY,2026-07-14 05:30:00,1101.8,2026-07-14 06:17:00,1098.4,-3.399999999999864,0,47.0,INFY,2026-07-14 05:30:00,NSE:INFY-EQ,1100.0,1102.0,1100.0,1101.8,16001,1099.9393918243936,1099.9049695923245,1099.8414650783093,1099.88904496705,BUY,0.03442223206911876,0.0031295641915207667,0.13632645642096541,0.11812812358018565,2026-07-14 05:30:00,0.1815211472136504,0.1636363636363595,0.13632645642096541,0.11812812358018565,-1.7982079292991338,0.7974980063795853,1,0.11812812358018565,0
NSE:AARON-EQ,BUY,2026-07-14 05:31:00,118.25,2026-07-14 06:00:00,116.52,-1.730000000000004,0,29.0,AARON,2026-07-14 05:31:00,NSE:AARON-EQ,118.25,118.25,118.25,118.25,0,117.86620152892051,117.85640986314256,117.84600160939004,117.8531023830009,BUY,0.00979166577795354,0.008308131725142345,0.0,0.0,2026-07-14 05:31:00,0.0,0.0,0.0,0.0,,,1,0.0,0
NSE:ACL-EQ,BUY,2026-07-14 05:31:00,49.59,2026-07-14 06:39:00,49.04,-0.5500000000000043,0,68.0,ACL,2026-07-14 05:31:00,NSE:ACL-EQ,49.59,49.59,49.59,49.59,0,49.49760925759426,49.49421471751102,49.49274658694133,49.49340979917078,BUY,0.003394540083242248,0.006858458311979766,0.0,0.26283865750100777,2026-07-14 05:31:00,0.0,0.0,0.0,0.26283865750100777,-100.0,0.0,1,0.26283865750100777,0
NSE:3PLAND-EQ,BUY,2026-07-14 05:34:00,32.54,2026-07-14 07:01:00,31.7,-0.8399999999999999,0,87.0,3PLAND,2026-07-14 05:34:00,NSE:3PLAND-EQ,32.54,32.54,32.54,32.54,0,32.403622004240695,32.401497607874894,32.39644421499021,32.40033372222678,BUY,0.0021243963658008624,0.006556475850315471,0.0,0.0,2026-07-14 05:34:00,0.0,0.0,0.0,0.0,-100.0,0.0,1,0.0,0
NSE:20MICRONS-EQ,BUY,2026-07-14 05:54:00,204.0,2026-07-15 05:07:00,204.99,0.9900000000000092,1,1393.0,20MICRONS,2026-07-14 05:54:00,NSE:20MICRONS-EQ,203.96,204.0,203.93,204.0,617,201.20634274955023,201.125115687752,201.0593081574213,201.1009569960524,BUY,0.0812270617982449,0.04038633440706154,0.01961168856638995,-0.32248607446496713,2026-07-14 05:54:00,0.03431372549019274,0.019611688566381662,0.01961168856638995,-0.32248607446496713,-47.71186440677966,0.8035946861161761,1,-0.32248607446496713,1
NSE:21STCENMGM-EQ,BUY,2026-07-14 05:55:00,31.95,2026-07-14 07:16:00,31.1,-0.8499999999999979,0,81.0,21STCENMGM,2026-07-14 05:55:00,NSE:21STCENMGM-EQ,31.95,31.95,31.95,31.95,0,31.54608568889563,31.54031205409615,31.524827040942768,31.536869298248224,BUY,0.005773634799478344,0.01830557284777568,0.0,0.0,2026-07-14 05:55:00,0.0,0.0,0.0,0.0,,,1,0.0,0
NSE:AARON-EQ,SELL,2026-07-14 06:00:00,116.52,2026-07-14 06:07:00,118.24,-1.7199999999999989,0,7.0,AARON,2026-07-14 06:00:00,NSE:AARON-EQ,116.52,116.52,116.52,116.52,0,117.84238209730454,117.884269609509,117.91198115505742,117.89573406000908,SELL,-0.04188751220446818,-0.035532741003715194,0.0,-1.463002114164913,2026-07-14 06:00:00,0.0,0.0,0.0,-1.463002114164913,-100.0,0.0,-1,1.463002114164913,0
NSE:ABCOTS-EQ,BUY,2026-07-14 06:02:00,208.99,2026-07-14 07:34:00,208.7,-0.2900000000000204,0,92.0,ABCOTS,2026-07-14 06:02:00,NSE:ABCOTS-EQ,208.99,208.99,208.99,208.99,0,208.63915677212472,208.6277285486072,208.62069133907863,208.62468425069628,BUY,0.011428223517526703,0.005477806616134487,0.0,0.009570751782561615,2026-07-14 06:02:00,0.0,0.0,0.0,0.009570751782561615,,0.0,1,0.009570751782561615,0
NSE:AARON-EQ,BUY,2026-07-14 06:07:00,118.24,2026-07-14 06:43:00,116.58,-1.6599999999999966,0,36.0,AARON,2026-07-14 06:07:00,NSE:AARON-EQ,118.24,118.24,118.24,118.24,0,117.89949757682814,117.89095740705234,117.88157639666122,117.88802427601917,BUY,0.008540169775798745,0.0072441262363417405,0.0,-0.008456659619460183,2026-07-14 06:07:00,0.0,0.0,0.0,-0.008456659619460183,,0.0,1,-0.008456659619460183,0
NSE:ABMKNO-EQ,BUY,2026-07-14 06:12:00,209.0,2026-07-14 07:01:00,204.0,-5.0,0,49.0,ABMKNO,2026-07-14 06:12:00,NSE:ABMKNO-EQ,209.0,209.0,209.0,209.0,0,205.88003160874632,205.8522897051101,205.7158227460488,205.82583835809424,BUY,0.027741903636211873,0.013476606782442412,0.0,1.9015114578254444,2026-07-14 06:12:00,0.0,0.0,0.0,1.9015114578254444,,0.0,1,1.9015114578254444,0
NSE:INFY-EQ,SELL,2026-07-14 06:17:00,1098.4,2026-07-14 09:10:00,1096.5,1.900000000000091,1,173.0,INFY,2026-07-14 06:17:00,NSE:INFY-EQ,1099.3,1099.8,1098.2,1098.4,14336,1100.090715039552,1100.127504647648,1100.1797000416336,1100.142021493427,SELL,-0.036789608096114534,-0.0033441221986262046,-0.04550004550004649,-0.1091305929428743,2026-07-14 06:17:00,0.14566642388928522,-0.08187028108795266,-0.04550004550004649,-0.1091305929428743,10.702702702702705,0.5522469702689584,-1,0.1091305929428743,1
NSE:ACL-EQ,SELL,2026-07-14 06:39:00,49.04,2026-07-15 03:46:00,49.99,-0.9500000000000028,0,1267.0,ACL,2026-07-14 06:39:00,NSE:ACL-EQ,49.04,49.04,49.04,49.04,0,49.52785676939323,49.52979456917127,49.55353344146656,49.533910489920615,SELL,-0.0019377997780409828,-0.003912392116496125,0.0,-1.208702659145855,2026-07-14 06:39:00,0.0,0.0,0.0,-1.208702659145855,,0.0,-1,1.208702659145855,0
NSE:AARON-EQ,SELL,2026-07-14 06:43:00,116.58,2026-07-15 05:57:00,116.84,-0.2600000000000051,0,1394.0,AARON,2026-07-14 06:43:00,NSE:AARON-EQ,116.58,116.58,116.58,116.58,0,117.875615477479,117.8987324503948,117.94380576576737,117.90981423569222,SELL,-0.02311697291580117,-0.01960748214619483,0.0,-1.4039242219215153,2026-07-14 06:43:00,0.0,0.0,0.0,-1.4039242219215153,-100.0,0.0,-1,1.4039242219215153,0
NSE:ABMKNO-EQ,SELL,2026-07-14 07:01:00,204.0,2026-07-14 07:37:00,210.0,-6.0,0,36.0,ABMKNO,2026-07-14 07:01:00,NSE:ABMKNO-EQ,204.0,204.0,204.0,204.0,0,206.44769285795877,206.45800763200452,206.5765187978513,206.47866315832397,SELL,-0.010314774045752984,-0.004996063927991726,0.0,0.0,2026-07-14 07:01:00,0.0,0.0,0.0,0.0,,,-1,-0.0,0
NSE:3PLAND-EQ,SELL,2026-07-14 07:01:00,31.7,2026-07-14 07:57:00,32.53,-0.8300000000000018,0,56.0,3PLAND,2026-07-14 07:01:00,NSE:3PLAND-EQ,31.7,31.7,31.7,31.7,0,32.42678008146759,32.45609778493506,32.46503166470273,32.46245154783367,SELL,-0.02931770346746987,-0.09033033996181168,0.0,-2.611367127496156,2026-07-14 07:01:00,0.0,0.0,0.0,-2.611367127496156,,0.0,-1,2.611367127496156,0
NSE:RELIANCE-EQ,SELL,2026-07-14 07:04:00,1299.2,2026-07-14 07:16:00,1301.0,-1.7999999999999543,0,12.0,RELIANCE,2026-07-14 07:04:00,NSE:RELIANCE-EQ,1299.1,1299.4,1298.7,1299.2,26888,1300.3744682876834,1300.4051471407925,1300.4362824080877,1300.4152744276898,SELL,-0.03067885310906604,-0.0023591765363679,0.015396458814476155,0.061614294516321166,2026-07-14 07:04:00,0.05387931034483109,0.007697636825505075,0.015396458814476155,0.061614294516321166,26.680800942285043,0.8069966925381019,-1,-0.061614294516321166,0
NSE:ACMESOLAR-EQ,SELL,2026-07-14 07:07:00,382.45,2026-07-14 09:53:00,385.0,-2.550000000000012,0,166.0,ACMESOLAR,2026-07-14 07:07:00,NSE:ACMESOLAR-EQ,382.85,383.0,382.35,382.45,4184,384.91680994455606,384.9740047414456,385.0466420469011,384.99521486532336,SELL,-0.057194796889518784,-0.014856794532901431,-0.10447956118585511,0.0523217789404784,2026-07-14 07:07:00,0.16995685710549804,-0.10447956118585192,-0.10447956118585511,0.0523217789404784,17.29744883655733,0.7958911926954537,-1,-0.0523217789404784,0
NSE:RELIANCE-EQ,BUY,2026-07-14 07:16:00,1301.0,2026-07-14 08:10:00,1298.6,-2.400000000000091,0,54.0,RELIANCE,2026-07-14 07:16:00,NSE:RELIANCE-EQ,1300.2,1301.0,1300.1,1301.0,24528,1300.4257980570364,1300.4067070577853,1300.3955769021436,1300.4017214028088,BUY,0.019090999251147878,0.0014680791130600916,0.046139649338661215,0.015375153751540083,2026-07-14 07:16:00,0.06917755572637133,0.06152899553914432,0.046139649338661215,0.015375153751540083,330.1648544370396,1.647257928033203,1,0.015375153751540083,0
NSE:21STCENMGM-EQ,SELL,2026-07-14 07:16:00,31.1,2026-07-14 07:29:00,31.95,-0.8499999999999979,0,13.0,21STCENMGM,2026-07-14 07:16:00,NSE:21STCENMGM-EQ,31.1,31.1,31.1,31.1,0,31.68724944541573,31.6936330486858,31.71815731096393,31.69862156169997,SELL,-0.006383603270069926,-0.02014159519126075,0.0,0.0,2026-07-14 07:16:00,0.0,0.0,0.0,0.0,,,-1,-0.0,0
NSE:21STCENMGM-EQ,BUY,2026-07-14 07:29:00,31.95,2026-07-14 09:16:00,31.12,-0.8299999999999983,0,107.0,21STCENMGM,2026-07-14 07:29:00,NSE:21STCENMGM-EQ,31.95,31.95,31.95,31.95,0,31.68755248711877,31.687483229021737,31.673739460125017,31.68527720573621,BUY,6.925809703162145e-05,0.00021856610236621686,0.0,0.0,2026-07-14 07:29:00,0.0,0.0,0.0,0.0,,,1,0.0,0
NSE:AAATECH-EQ,BUY,2026-07-14 07:33:00,95.28,2026-07-14 07:49:00,94.46,-0.8200000000000074,0,16.0,AAATECH,2026-07-14 07:33:00,NSE:AAATECH-EQ,95.28,95.28,95.28,95.28,0,94.9813382471323,94.97125430233552,94.96561920750769,94.96865980067446,BUY,0.010083944796775768,0.010617891561876302,0.0,0.0,2026-07-14 07:33:00,0.0,0.0,0.0,0.0,,,1,0.0,0
NSE:ABCOTS-EQ,SELL,2026-07-14 07:34:00,208.7,2026-07-14 08:57:00,208.86,-0.160000000000025,0,83.0,ABCOTS,2026-07-14 07:34:00,NSE:ABCOTS-EQ,208.7,208.7,208.7,208.7,0,208.7104048743306,208.71042693561532,208.71095249929536,208.71051455692304,SELL,-2.2061284710162e-05,-1.0570283925952413e-05,0.0,0.0,2026-07-14 07:34:00,0.0,0.0,0.0,0.0,,,-1,-0.0,0
NSE:ABMKNO-EQ,BUY,2026-07-14 07:37:00,210.0,2026-07-14 07:38:00,204.0,-6.0,0,1.0,ABMKNO,2026-07-14 07:37:00,NSE:ABMKNO-EQ,210.0,210.0,210.0,210.0,0,206.196171280609,206.1600199024052,205.99596976906213,206.12775116208925,BUY,0.036151378203811646,0.017535591149499048,0.0,0.0,2026-07-14 07:37:00,0.0,0.0,0.0,0.0,,,1,0.0,0
NSE:ABMKNO-EQ,SELL,2026-07-14 07:38:00,204.0,2026-07-14 08:00:00,209.0,-5.0,0,22.0,ABMKNO,2026-07-14 07:38:00,NSE:ABMKNO-EQ,210.0,210.0,204.0,204.0,1,206.08636271657852,206.1420197365518,206.196171280609,206.1600199024052,SELL,-0.05565701997326755,-0.026999357066743054,-2.857142857142858,-2.857142857142858,2026-07-14 07:38:00,2.941176470588235,-2.857142857142857,-2.857142857142858,-2.857142857142858,inf,5.0,-1,2.857142857142858,0
NSE:AAATECH-EQ,SELL,2026-07-14 07:49:00,94.46,2026-07-14 08:50:00,95.2,-0.7400000000000091,0,61.0,AAATECH,2026-07-14 07:49:00,NSE:AAATECH-EQ,94.46,94.46,94.46,94.46,0,94.9768362464036,94.97829330492632,95.00403815410904,94.98264871085006,SELL,-0.0014570585227318134,-0.0015340963414176645,0.0,-0.7981516488132834,2026-07-14 07:49:00,0.0,0.0,0.0,-0.7981516488132834,,0.0,-1,0.7981516488132834,0
NSE:ABCAPITAL-EQ,BUY,2026-07-14 07:52:00,399.75,2026-07-15 07:28:00,403.35,3.6000000000000227,1,1416.0,ABCAPITAL,2026-07-14 07:52:00,NSE:ABCAPITAL-EQ,400.2,400.5,399.2,399.75,29197,397.0012195961992,396.9375635465078,396.8565469433676,396.9139296267306,BUY,0.0636560496913603,0.016036791560520052,-0.099962514057228,0.5281026027914137,2026-07-14 07:52:00,0.3252032520325232,-0.1124437781109417,-0.099962514057228,0.5281026027914137,-61.398011528901584,1.2780924698610587,1,0.5281026027914137,1
NSE:AARTIDRUGS-EQ,SELL,2026-07-14 07:55:00,404.3,2026-07-14 08:25:00,406.95,-2.6499999999999773,0,30.0,AARTIDRUGS,2026-07-14 07:55:00,NSE:AARTIDRUGS-EQ,404.4,404.4,403.9,404.3,514,405.4148738887014,405.4457503906473,405.4735514617909,405.4553785451905,SELL,-0.030876501945897417,-0.0076154459421877985,0.04949269982676974,0.07425742574258543,2026-07-14 07:55:00,0.12367054167697253,-0.024727992087034103,0.04949269982676974,0.07425742574258543,-21.765601217656016,1.2869303955933902,-1,-0.07425742574258543,0
NSE:ACCPL-ST,BUY,2026-07-14 07:56:00,155.7,2026-07-17 09:12:00,167.0,11.300000000000011,1,4396.0,ACCPL-ST,2026-07-14 07:56:00,NSE:ACCPL-ST,155.7,155.7,155.7,155.7,0,154.51896285376446,154.50030309906688,154.45680300396262,154.4902216125044,BUY,0.01865975469758041,0.01207748743742957,0.0,0.9400324149108519,2026-07-14 07:56:00,0.0,0.0,0.0,0.9400324149108519,,0.0,1,0.9400324149108519,1
NSE:3PLAND-EQ,BUY,2026-07-14 07:57:00,32.53,2026-07-14 09:33:00,31.85,-0.6799999999999997,0,96.0,3PLAND,2026-07-14 07:57:00,NSE:3PLAND-EQ,32.53,32.53,32.53,32.53,0,32.40701746553732,32.40400163858091,32.400544700565604,32.40294282882108,BUY,0.0030158269564140028,0.009306958412269965,0.0,0.0,2026-07-14 07:57:00,0.0,0.0,0.0,0.0,,,1,0.0,0
NSE:ABMKNO-EQ,BUY,2026-07-14 08:00:00,209.0,2026-07-14 08:52:00,205.3,-3.6999999999999886,0,52.0,ABMKNO,2026-07-14 08:00:00,NSE:ABMKNO-EQ,209.0,209.0,209.0,209.0,0,206.03823791954565,206.0346830847849,205.8823557047849,206.0097644552453,BUY,0.003554834760763015,0.001725357453191593,0.0,-0.4761904761904745,2026-07-14 08:00:00,0.0,0.0,0.0,-0.4761904761904745,,0.0,1,-0.4761904761904745,0
NSE:RELIANCE-EQ,SELL,2026-07-14 08:10:00,1298.6,2026-07-15 03:56:00,1309.2,-10.600000000000136,0,1186.0,RELIANCE,2026-07-14 08:10:00,NSE:RELIANCE-EQ,1298.1,1298.7,1297.6,1298.6,10102,1300.6652483303287,1300.723124008022,1300.7739456108725,1300.7409653862408,SELL,-0.057875677693346006,-0.00444950017610274,0.053933276831785726,-0.0461822660098643,2026-07-14 08:10:00,0.08470660711536551,0.03851783375702951,0.053933276831785726,-0.0461822660098643,-39.994059994059995,0.7120402610767301,-1,0.0461822660098643,0
NSE:AARTIDRUGS-EQ,BUY,2026-07-14 08:25:00,406.95,2026-07-15 08:34:00,417.8,10.850000000000025,1,1449.0,AARTIDRUGS,2026-07-14 08:25:00,NSE:AARTIDRUGS-EQ,405.5,407.0,405.5,406.95,2704,405.4755360069184,405.41276908907264,405.3979326388615,405.39985118225815,BUY,0.0627669178457495,0.015482225186636655,0.3575832305795279,0.19697156223070778,2026-07-14 08:25:00,0.36859565057132326,0.3575832305795286,0.3575832305795279,0.19697156223070778,90033.33333333334,3.2159847764034253,1,0.19697156223070778,1
NSE:AARVI-EQ,BUY,2026-07-14 08:33:00,152.0,2026-07-15 03:56:00,149.25,-2.75,0,1163.0,AARVI,2026-07-14 08:33:00,NSE:AARVI-EQ,151.99,152.0,151.99,152.0,210,150.33690487116678,150.31967545941367,150.24937354859662,150.30555508512302,BUY,0.01722941175310666,0.011461847359934331,0.006579380222371256,0.6755861703537036,2026-07-14 08:33:00,0.006578947368415069,0.006579380222377067,0.006579380222371256,0.6755861703537036,inf,1.2485136741973841,1,0.6755861703537036,0
NSE:AAATECH-EQ,BUY,2026-07-14 08:50:00,95.2,2026-07-14 08:54:00,94.51,-0.6899999999999977,0,4.0,AAATECH,2026-07-14 08:50:00,NSE:AAATECH-EQ,95.2,95.2,95.2,95.2,0,94.94445723509337,94.9369394894768,94.93100761588776,94.93472889695138,BUY,0.007517745616567595,0.00791867281270521,0.0,0.0,2026-07-14 08:50:00,0.0,0.0,0.0,0.0,,,1,0.0,0
NSE:ABMKNO-EQ,SELL,2026-07-14 08:52:00,205.3,2026-07-14 09:38:00,210.0,-4.699999999999989,0,46.0,ABMKNO,2026-07-14 08:52:00,NSE:ABMKNO-EQ,205.3,205.3,205.3,205.3,0,206.55969051844957,206.6019530169301,206.62599001942056,206.612893798585,SELL,-0.042262498480539534,-0.020456001438222758,0.0,0.0,2026-07-14 08:52:00,0.0,0.0,0.0,0.0,,,-1,-0.0,0
NSE:AAATECH-EQ,SELL,2026-07-14 08:54:00,94.51,2026-07-14 09:42:00,95.15,-0.6400000000000006,0,48.0,AAATECH,2026-07-14 08:54:00,NSE:AAATECH-EQ,94.51,94.51,94.51,94.51,0,94.92458382084126,94.93414708894927,94.94640402193818,94.93771135020096,SELL,-0.009563268108010448,-0.010073580899241735,0.0,-0.724789915966384,2026-07-14 08:54:00,0.0,0.0,0.0,-0.724789915966384,-100.0,0.0,-1,0.724789915966384,0
NSE:ABCOTS-EQ,BUY,2026-07-14 08:57:00,208.86,2026-07-14 09:01:00,208.44,-0.4200000000000159,0,4.0,ABCOTS,2026-07-14 08:57:00,NSE:ABCOTS-EQ,208.86,208.86,208.86,208.86,0,208.61802572510493,208.61357355488337,208.60529023695253,208.61150274442025,BUY,0.004452170221554752,0.002134170919795613,0.0,0.0,2026-07-14 08:57:00,0.0,0.0,0.0,0.0,,,1,0.0,0
NSE:ABCOTS-EQ,SELL,2026-07-14 09:01:00,208.44,2026-07-14 09:06:00,208.74,-0.3000000000000113,0,5.0,ABCOTS,2026-07-14 09:01:00,NSE:ABCOTS-EQ,208.44,208.44,208.44,208.44,0,208.6114011907588,208.61275621741257,208.62042230606184,208.61420795033203,SELL,-0.001355026653754976,-0.0006495416092114669,0.0,-0.20109164033323967,2026-07-14 09:01:00,0.0,0.0,0.0,-0.20109164033323967,-100.0,0.0,-1,0.20109164033323967,0
NSE:ABCOTS-EQ,BUY,2026-07-14 09:06:00,208.74,2026-07-14 09:57:00,208.0,-0.7400000000000091,0,51.0,ABCOTS,2026-07-14 09:06:00,NSE:ABCOTS-EQ,208.74,208.74,208.74,208.74,0,208.61541447407396,208.6131146893056,208.6088573411305,208.6120484261905,BUY,0.0022997847683541295,0.0011024161984155574,0.0,0.14392630972941411,2026-07-14 09:06:00,0.0,0.0,0.0,0.14392630972941411,,0.0,1,0.14392630972941411,0
NSE:INFY-EQ,BUY,2026-07-14 09:10:00,1096.5,2026-07-14 09:15:00,1094.2,-2.2999999999999545,0,5.0,INFY,2026-07-14 09:10:00,NSE:INFY-EQ,1097.1,1097.2,1096.3,1096.5,20886,1095.8651947759963,1095.860231599905,1095.831783974733,1095.8548553948626,BUY,0.004963176091223431,0.00045290229064863725,-0.04557885141294182,-0.0273522975929974,2026-07-14 09:10:00,0.08207934336526138,-0.05468963631391023,-0.04557885141294182,-0.0273522975929974,37.62519768054824,0.9347977872066169,1,-0.0273522975929974,0
NSE:ABSMARINE-ST,BUY,2026-07-14 09:11:00,230.0,2026-07-15 05:06:00,225.0,-5.0,0,1195.0,ABSMARINE-ST,2026-07-14 09:11:00,NSE:ABSMARINE-ST,230.0,230.0,230.0,230.0,0,229.136452603886,229.12259382398275,229.09100274093265,229.11522066283973,BUY,0.013858779903245022,0.006048630853878887,0.0,0.0,2026-07-14 09:11:00,0.0,0.0,0.0,0.0,,,1,0.0,0
NSE:INFY-EQ,SELL,2026-07-14 09:15:00,1094.2,2026-07-16 03:48:00,1096.0,-1.7999999999999543,0,2553.0,INFY,2026-07-14 09:15:00,NSE:INFY-EQ,1094.6,1095.0,1093.5,1094.2,36617,1095.79165938114,1095.8498525217838,1095.875430927516,1095.8637168286891,SELL,-0.05819314064365244,-0.005310320616436425,-0.036543029417124284,-0.2097583219334176,2026-07-14 09:15:00,0.1370864558581612,-0.03654302941712622,-0.036543029417124284,-0.2097583219334176,10.272239956634333,1.4206842501416144,-1,0.2097583219334176,0
NSE:21STCENMGM-EQ,SELL,2026-07-14 09:16:00,31.12,2026-07-15 03:55:00,32.4,-1.2799999999999976,0,1119.0,21STCENMGM,2026-07-14 09:16:00,NSE:21STCENMGM-EQ,31.12,31.12,31.12,31.12,0,31.787148684194413,31.811539498518965,31.822261772836224,31.81735075480904,SELL,-0.024390814324551258,-0.07667285113845813,0.0,-2.5673137132122714,2026-07-14 09:16:00,0.0,0.0,0.0,-2.5673137132122714,,0.0,-1,2.5673137132122714,0
NSE:ACSTECH-EQ,SELL,2026-07-14 09:25:00,45.01,2026-07-14 09:35:00,45.5,-0.490000000000002,0,10.0,ACSTECH,2026-07-14 09:25:00,NSE:ACSTECH-EQ,45.1,45.1,45.01,45.01,8,45.18567734913644,45.188571858785714,45.19492352540679,45.190072462641055,SELL,-0.0028945096492734024,-0.0064054019195799,-0.1995565410199629,-0.31007751937984773,2026-07-14 09:25:00,0.19995556542991205,-0.1995565410199632,-0.1995565410199629,-0.31007751937984773,inf,0.47058823529411764,-1,0.31007751937984773,0
NSE:ABLBL-EQ,BUY,2026-07-14 09:33:00,97.65,2026-07-14 09:52:00,96.92,-0.730000000000004,0,19.0,ABLBL,2026-07-14 09:33:00,NSE:ABLBL-EQ,97.65,97.66,97.57,97.65,95,97.28950562969064,97.28335570930804,97.2705322417796,97.28027466484842,BUY,0.006149920382597429,0.006321657325405158,0.0,0.32877838282132643,2026-07-14 09:33:00,0.09216589861751501,0.0,0.0,0.32877838282132643,-62.745098039215684,0.1388888888888889,1,0.32877838282132643,0
NSE:3PLAND-EQ,SELL,2026-07-14 09:33:00,31.85,2026-07-15 03:59:00,33.0,-1.1499999999999986,0,1106.0,3PLAND,2026-07-14 09:33:00,NSE:3PLAND-EQ,31.85,31.85,31.85,31.85,0,32.434738304319936,32.444213409988706,32.4655140045473,32.449206799988616,SELL,-0.009475105668769856,-0.02920430077633728,0.0,-1.9999999999999907,2026-07-14 09:33:00,0.0,0.0,0.0,-1.9999999999999907,-100.0,0.0,-1,1.9999999999999907,0
NSE:ACSTECH-EQ,BUY,2026-07-14 09:35:00,45.5,2026-07-15 05:12:00,45.0,-0.5,0,1177.0,ACSTECH,2026-07-14 09:35:00,NSE:ACSTECH-EQ,45.5,45.5,45.5,45.5,631,45.19104068013812,45.1883922404184,45.17477966330328,45.18577368781687,BUY,0.002648439719720841,0.005860885037976556,0.0,0.9316770186335477,2026-07-14 09:35:00,0.0,0.0,0.0,0.9316770186335477,-80.25657071339174,0.8108455409920329,1,0.9316770186335477,0
NSE:ABMKNO-EQ,BUY,2026-07-14 09:38:00,210.0,2026-07-15 04:54:00,204.0,-6.0,0,1156.0,ABMKNO,2026-07-14 09:38:00,NSE:ABMKNO-EQ,210.0,210.0,210.0,210.0,0,206.4734499696889,206.39309362831645,206.28784207335667,206.36278349073928,BUY,0.08035634137243619,0.0389336386987571,0.0,2.184808525132609,2026-07-14 09:38:00,0.0,0.0,0.0,2.184808525132609,,0.0,1,2.184808525132609,0
NSE:AAATECH-EQ,BUY,2026-07-14 09:42:00,95.15,2026-07-14 09:48:00,94.54,-0.6099999999999994,0,6.0,AAATECH,2026-07-14 09:42:00,NSE:AAATECH-EQ,95.15,95.15,95.15,95.15,2,94.8607907193224,94.86078014486188,94.84556917823411,94.85834972591114,BUY,1.0574460517887019e-05,1.1147347198429912e-05,-0.042021220716448315,-0.042021220716448315,2026-07-14 09:42:00,0.0,0.0,-0.042021220716448315,-0.042021220716448315,inf,5.0,1,-0.042021220716448315,0
NSE:AAATECH-EQ,SELL,2026-07-14 09:48:00,94.54,2026-07-15 03:53:00,95.96,-1.4199999999999875,0,1085.0,AAATECH,2026-07-14 09:48:00,NSE:AAATECH-EQ,94.54,94.54,94.54,94.54,0,94.8504033530804,94.85981992386054,94.8667403716636,94.8625074862459,SELL,-0.009416570780146571,-0.009926827594343742,0.0,-0.6410930110352098,2026-07-14 09:48:00,0.0,0.0,0.0,-0.6410930110352098,,0.0,-1,0.6410930110352098,0
NSE:ABLBL-EQ,SELL,2026-07-14 09:52:00,96.92,2026-07-15 04:06:00,97.4,-0.480000000000004,0,1094.0,ABLBL,2026-07-14 09:52:00,NSE:ABLBL-EQ,97.0,97.05,96.91,96.92,438,97.28276814011176,97.28972830999804,97.30186120011764,97.29283527058628,SELL,-0.006960169886284007,-0.007154064470307232,-0.030943785456416517,-0.2675447622967786,2026-07-14 09:52:00,0.14444903012794114,-0.08247422680412195,-0.030943785456416517,-0.2675447622967786,-95.4502960423808,0.08782130970044513,-1,0.2675447622967786,0
NSE:ACMESOLAR-EQ,BUY,2026-07-14 09:53:00,385.0,2026-07-16 07:39:00,392.35,7.350000000000023,1,2746.0,ACMESOLAR,2026-07-14 09:53:00,NSE:ACMESOLAR-EQ,384.95,385.25,384.7,385.0,10431,384.328584568182,384.3120216088532,384.29324691387575,384.3062402778352,BUY,0.016562959328837223,0.004309768728935247,0.012988699831151251,0.13003901170351995,2026-07-14 09:53:00,0.14285714285714582,0.012988699831149855,0.012988699831151251,0.13003901170351995,-75.56055387643214,0.679172309615585,1,0.13003901170351995,1
NSE:ABCOTS-EQ,SELL,2026-07-14 09:57:00,208.0,2026-07-15 03:45:00,211.96,-3.960000000000008,0,1068.0,ABCOTS,2026-07-14 09:57:00,NSE:ABCOTS-EQ,208.4,208.4,208.0,208.0,659,208.63354426786773,208.64120821341612,208.66688870301869,208.64659651773056,SELL,-0.007663945548387119,-0.0036732655135642135,-0.19193857965451588,-0.3545080003832579,2026-07-14 09:57:00,0.19230769230769504,-0.19193857965451327,-0.19193857965451588,-0.3545080003832579,inf,4.30718954248366,-1,0.3545080003832579,0
NSE:ABCOTS-EQ,BUY,2026-07-15 03:45:00,211.96,2026-07-15 03:49:00,208.27,-3.6899999999999977,0,4.0,ABCOTS,2026-07-15 03:45:00,NSE:ABCOTS-EQ,212.0,212.0,210.01,211.96,30,208.71793376666307,208.65412487367604,208.5472987017506,208.6263444104296,BUY,0.06380889298702641,0.030581179751734012,1.9528619528619506,1.7082533589251492,2026-07-15 03:45:00,0.9388563879977397,-0.018867924528298132,1.9528619528619506,1.7082533589251492,-96.5675057208238,0.09439899307740716,1,1.7082533589251492,0
NSE:ACL-EQ,BUY,2026-07-15 03:46:00,49.99,2026-07-15 06:03:00,49.06,-0.9299999999999996,0,137.0,ACL,2026-07-15 03:46:00,NSE:ACL-EQ,49.11,49.99,49.11,49.99,301,49.33994786862729,49.33713184943185,49.30573459855504,49.33164556245228,BUY,0.0028160191954427205,0.005707707541728834,1.791895744247607,1.2968591691995934,2026-07-15 03:46:00,1.7603520704140878,1.7918957442476129,1.791895744247607,1.2968591691995934,100.66666666666669,2.7767527675276753,1,1.2968591691995934,0
NSE:AASTHA-EQ,SELL,2026-07-15 03:46:00,129.2,2026-07-17 04:03:00,124.8,4.399999999999992,1,2897.0,AASTHA,2026-07-15 03:46:00,NSE:AASTHA-EQ,129.9,129.9,129.12,129.2,51757,134.84475481108558,135.077921034053,135.14184716956376,135.1273153284568,SELL,-0.2331662229674123,-0.17261608794573569,0.038714672861006605,-4.621290417835533,2026-07-15 03:46:00,0.6037151702786387,-0.5388760585065566,0.038714672861006605,-4.621290417835533,49.902974483737374,1.1725539415138966,-1,4.621290417835533,1
NSE:AARADHYA-SM,BUY,2026-07-15 03:48:00,85.95,2026-07-15 05:14:00,78.0,-7.950000000000003,0,86.0,AARADHYA-SM,2026-07-15 03:48:00,NSE:AARADHYA-SM,85.95,85.95,85.95,85.95,0,76.97149747506515,76.65777821445265,76.49894471059488,76.5796923170951,BUY,0.3137192606125012,0.4092464821180458,0.0,13.092105263157894,2026-07-15 03:48:00,0.0,0.0,0.0,13.092105263157894,-100.0,0.0,1,13.092105263157894,0
NSE:ABCOTS-EQ,SELL,2026-07-15 03:49:00,208.27,2026-07-16 03:46:00,207.99,0.2800000000000011,1,1437.0,ABCOTS,2026-07-15 03:49:00,NSE:ABCOTS-EQ,208.27,208.27,208.27,208.27,1,208.6402824150331,208.6425322534813,208.6597709631928,208.6456627766198,SELL,-0.0022498384481934863,-0.0010783220582561478,0.0,0.1779701779701881,2026-07-15 03:49:00,0.0,0.0,0.0,0.1779701779701881,-98.75,0.0205761316872428,-1,-0.1779701779701881,1
NSE:AAATECH-EQ,BUY,2026-07-15 03:53:00,95.96,2026-07-15 04:34:00,94.25,-1.7099999999999935,0,41.0,AAATECH,2026-07-15 03:53:00,NSE:AAATECH-EQ,95.96,95.96,95.96,95.96,200,94.88981069753478,94.86212354541055,94.83348494477346,94.852897692851,BUY,0.027687152124229897,0.0291867302664546,0.0,1.1916060318464483,2026-07-15 03:53:00,0.0,0.0,0.0,1.1916060318464483,14.942528735632177,1.7889087656529516,1,1.1916060318464483,0
NSE:21STCENMGM-EQ,BUY,2026-07-15 03:55:00,32.4,2026-07-15 06:37:00,32.0,-0.3999999999999986,0,162.0,21STCENMGM,2026-07-15 03:55:00,NSE:21STCENMGM-EQ,32.4,32.4,32.4,32.4,0,31.73584291911489,31.717119219697448,31.70088728327883,31.711380725745325,BUY,0.018723699417442674,0.059033417529970995,0.0,1.5673981191222541,2026-07-15 03:55:00,0.0,0.0,0.0,1.5673981191222541,,0.0,1,1.5673981191222541,0
NSE:RELIANCE-EQ,BUY,2026-07-15 03:56:00,1309.2,2026-07-15 07:12:00,1299.3,-9.900000000000093,0,196.0,RELIANCE,2026-07-15 03:56:00,NSE:RELIANCE-EQ,1306.0,1310.9,1306.0,1309.2,272434,1297.1363905346846,1296.6345362714824,1296.5014637207205,1296.52894413931,BUY,0.5018542632021763,0.03870437267892583,0.22967386311438798,0.6302843966179861,2026-07-15 03:56:00,0.37427436602506037,0.24502297090352568,0.22967386311438798,0.6302843966179861,260.1861522799688,2.534538546413294,1,0.6302843966179861,0
NSE:AARVI-EQ,SELL,2026-07-15 03:56:00,149.25,2026-07-15 09:09:00,148.99,0.2599999999999909,1,313.0,AARVI,2026-07-15 03:56:00,NSE:AARVI-EQ,149.25,149.25,149.25,149.25,0,150.9542233607968,150.98557178323023,151.04391932715453,151.0001564200641,SELL,-0.03134842243343883,-0.02076252854043942,0.0,-0.9424570252870468,2026-07-15 03:56:00,0.0,0.0,0.0,-0.9424570252870468,-100.0,0.0,-1,0.9424570252870468,1
NSE:3PLAND-EQ,BUY,2026-07-15 03:59:00,33.0,2026-07-15 04:10:00,31.5,-1.5,0,11.0,3PLAND,2026-07-15 03:59:00,NSE:3PLAND-EQ,33.0,33.0,33.0,33.0,0,32.390118038773885,32.37600636118304,32.35801898818304,32.370762717159366,BUY,0.014111677590847194,0.04358683845505504,0.0,0.0,2026-07-15 03:59:00,0.0,0.0,0.0,0.0,,0.0,1,0.0,0
NSE:SBIN-EQ,BUY,2026-07-15 04:02:00,1028.7,2026-07-15 06:39:00,1025.0,-3.7000000000000455,0,157.0,SBIN,2026-07-15 04:02:00,NSE:SBIN-EQ,1027.9,1029.4,1027.6,1028.7,171790,1019.69964722875,1019.360722154452,1019.225944451316,1019.2822408280188,BUY,0.3389250742980039,0.03324878690456846,0.07782858254694602,0.5768478685960199,2026-07-15 04:02:00,0.17497812773405091,0.07782858254693593,0.07782858254694602,0.5768478685960199,147.95404356046936,1.3409862989746089,1,0.5768478685960199,0
NSE:ABLBL-EQ,BUY,2026-07-15 04:06:00,97.4,2026-07-15 04:28:00,97.11,-0.2900000000000062,0,22.0,ABLBL,2026-07-15 04:06:00,NSE:ABLBL-EQ,97.35,97.4,97.35,97.4,432,97.28444219620688,97.28050891443606,97.27836020653356,97.2795047876666,BUY,0.0039332817708270795,0.0040432372473366,0.05136106831022946,0.11306403535820131,2026-07-15 04:06:00,0.05133470225873857,0.05136106831023253,0.05136106831022946,0.11306403535820131,-30.65810593900482,0.1971702418986764,1,0.11306403535820131,0
NSE:3PLAND-EQ,SELL,2026-07-15 04:10:00,31.5,2026-07-15 04:11:00,33.0,-1.5,0,1.0,3PLAND,2026-07-15 04:10:00,NSE:3PLAND-EQ,31.5,31.5,31.5,31.5,0,32.374858459176835,32.38150260521907,32.42090364123877,32.38891019013688,SELL,-0.006644146042233956,-0.020518337654791503,0.0,-4.545454545454541,2026-07-15 04:10:00,0.0,0.0,0.0,-4.545454545454541,,0.0,-1,4.545454545454541,0
NSE:3PLAND-EQ,BUY,2026-07-15 04:11:00,33.0,2026-07-15 05:05:00,31.51,-1.4899999999999984,0,54.0,3PLAND,2026-07-15 04:11:00,NSE:3PLAND-EQ,31.5,33.0,31.5,33.0,1,32.406115536218,32.386656750175575,32.374858459176835,32.38150260521907,BUY,0.01945878604242779,0.06008272540302357,4.761904761904767,0.0,2026-07-15 04:11:00,4.545454545454546,4.761904761904762,4.761904761904767,0.0,inf,0.06756756756756756,1,0.0,0
NSE:AARTECH-BE,BUY,2026-07-15 04:15:00,48.69,2026-07-15 04:39:00,47.58,-1.1099999999999994,0,24.0,AARTECH-BE,2026-07-15 04:15:00,NSE:AARTECH-BE,48.69,48.69,48.69,48.69,0,47.846539460141685,47.81336515281306,47.802146800149146,47.80599847342494,BUY,0.03317430732862192,0.06938291672756301,0.0,-0.020533880903506052,2026-07-15 04:15:00,0.0,0.0,0.0,-0.020533880903506052,,0.0,1,-0.020533880903506052,0
NSE:ABLBL-EQ,SELL,2026-07-15 04:28:00,97.11,2026-07-15 04:56:00,97.39,-0.2800000000000011,0,28.0,ABLBL,2026-07-15 04:28:00,NSE:ABLBL-EQ,97.12,97.12,97.11,97.11,146,97.28424329250466,97.28584408726373,97.29341399211016,97.2873217686693,SELL,-0.0016007947590708227,-0.0016454549724982984,-0.010296540362442208,-0.13368983957219305,2026-07-15 04:28:00,0.01029760065905171,-0.010296540362443488,-0.010296540362442208,-0.13368983957219305,-60.64690026954178,1.1869918699186992,-1,0.13368983957219305,0
NSE:AAATECH-EQ,SELL,2026-07-15 04:34:00,94.25,2026-07-15 04:43:00,95.03,-0.7800000000000011,0,9.0,AAATECH,2026-07-15 04:34:00,NSE:AAATECH-EQ,94.25,94.25,94.25,94.25,0,94.95524423229476,94.97126483672557,94.99236234978396,94.97732588577368,SELL,-0.016020604430806884,-0.016868896563975937,0.0,-0.3910378355527433,2026-07-15 04:34:00,0.0,0.0,0.0,-0.3910378355527433,,0.0,-1,0.3910378355527433,0
NSE:AARTECH-BE,SELL,2026-07-15 04:39:00,47.58,2026-07-15 04:53:00,48.4,-0.8200000000000003,0,14.0,AARTECH-BE,2026-07-15 04:39:00,NSE:AARTECH-BE,47.58,47.58,47.58,47.58,0,47.82831814482616,47.83620299610891,47.841387520869645,47.83835596246277,SELL,-0.007884851282746297,-0.01648302078529867,0.0,0.0420521446593769,2026-07-15 04:39:00,0.0,0.0,0.0,0.0420521446593769,-100.0,0.0,-1,-0.0420521446593769,0
NSE:AARNAV-EQ,SELL,2026-07-15 04:39:00,25.62,2026-07-15 04:44:00,26.19,-0.5700000000000003,0,5.0,AARNAV,2026-07-15 04:39:00,NSE:AARNAV-EQ,25.62,25.62,25.62,25.62,0,25.89192872303144,25.898105044982863,25.90624076108573,25.900442062167595,SELL,-0.006176321951421926,-0.023848547763221158,0.0,-0.7361487795428001,2026-07-15 04:39:00,0.0,0.0,0.0,-0.7361487795428001,-100.0,0.0,-1,0.7361487795428001,0
NSE:AAATECH-EQ,BUY,2026-07-15 04:43:00,95.03,2026-07-15 04:44:00,94.5,-0.5300000000000011,0,1.0,AAATECH,2026-07-15 04:43:00,NSE:AAATECH-EQ,95.09,95.09,95.03,95.03,45,94.97420659883264,94.97283211642107,94.97127010403436,94.97235171403804,BUY,0.0013744824115633492,0.001447237468793665,-0.06309811757282402,-0.06309811757282402,2026-07-15 04:43:00,0.06313795643481245,-0.06309811757282813,-0.06309811757282402,-0.06309811757282402,inf,5.0,1,-0.06309811757282402,0
NSE:AAATECH-EQ,SELL,2026-07-15 04:44:00,94.5,2026-07-16 04:02:00,94.33,0.1700000000000017,1,1398.0,AAATECH,2026-07-15 04:44:00,NSE:AAATECH-EQ,95.03,95.03,94.5,94.5,80,94.950496268891,94.96889184878424,94.97420659883264,94.97283211642107,SELL,-0.018395579893237368,-0.019370111133367784,-0.557718615174152,-0.6204648227994602,2026-07-15 04:44:00,0.560846560846562,-0.5577186151741567,-0.557718615174152,-0.6204648227994602,77.77777777777777,3.2,-1,0.6204648227994602,1
NSE:AARNAV-EQ,BUY,2026-07-15 04:44:00,26.19,2026-07-15 06:55:00,26.01,-0.1799999999999997,0,131.0,AARNAV,2026-07-15 04:44:00,NSE:AARNAV-EQ,26.19,26.19,26.19,26.19,300,25.911957699740448,25.900984536253983,25.897323894463625,25.898555834877964,BUY,0.010973163486465154,0.04236581613762928,0.0,2.2248243559718883,2026-07-15 04:44:00,0.0,0.0,0.0,2.2248243559718883,-25.0,1.875,1,2.2248243559718883,0
NSE:AARTECH-BE,BUY,2026-07-15 04:53:00,48.4,2026-07-15 07:41:00,48.0,-0.3999999999999986,0,168.0,AARTECH-BE,2026-07-15 04:53:00,NSE:AARTECH-BE,48.4,48.4,48.4,48.4,0,47.85320342109212,47.834872515761504,47.82442465378118,47.830123545305725,BUY,0.018330905330614655,0.03832121706726543,0.0,1.7234131988230317,2026-07-15 04:53:00,0.0,0.0,0.0,1.7234131988230317,,0.0,1,1.7234131988230317,0
NSE:ABMKNO-EQ,SELL,2026-07-15 04:54:00,204.0,2026-07-15 05:33:00,209.7,-5.699999999999989,0,39.0,ABMKNO,2026-07-15 04:54:00,NSE:ABMKNO-EQ,204.0,204.0,204.0,204.0,0,207.0893695236236,207.1318188437996,207.2519679196037,207.15813664920967,SELL,-0.042449320176018546,-0.02049386734156477,0.0,0.0,2026-07-15 04:54:00,0.0,0.0,0.0,0.0,,,-1,-0.0,0
NSE:ABLBL-EQ,BUY,2026-07-15 04:56:00,97.39,2026-07-15 04:57:00,97.2,-0.1899999999999977,0,1.0,ABLBL,2026-07-15 04:56:00,NSE:ABLBL-EQ,97.37,97.39,97.29,97.39,152,97.2832526665834,97.2805142170915,97.27763438587726,97.27959416849563,BUY,0.0027384494919004965,0.0028150031010212018,0.02054020745609897,0.1027854866892719,2026-07-15 04:56:00,0.10267994660642192,0.020540207456091218,0.02054020745609897,0.1027854866892719,1420.0,0.8597285067873303,1,0.1027854866892719,0
NSE:ABLBL-EQ,SELL,2026-07-15 04:57:00,97.2,2026-07-15 09:19:00,97.1,0.1000000000000085,1,262.0,ABLBL,2026-07-15 04:57:00,NSE:ABLBL-EQ,97.39,97.39,97.2,97.2,2110,97.27909003325423,97.2798432652824,97.2832526665834,97.2805142170915,SELL,-0.0007532320281598004,-0.0007742940396251817,-0.1950918985522132,-0.1950918985522132,2026-07-15 04:57:00,0.19547325102880425,-0.1950918985522104,-0.1950918985522132,-0.1950918985522132,1288.157894736842,3.583559782608696,-1,0.1950918985522132,1
NSE:3PLAND-EQ,SELL,2026-07-15 05:05:00,31.51,2026-07-15 05:10:00,32.83,-1.3199999999999967,0,5.0,3PLAND,2026-07-15 05:05:00,NSE:3PLAND-EQ,31.51,31.51,31.51,31.51,0,32.498426880990266,32.50956544935757,32.5504493484108,32.51796515901604,SELL,-0.01113856836730065,-0.034262433881658554,0.0,-3.046153846153843,2026-07-15 05:05:00,0.0,0.0,0.0,-3.046153846153843,,0.0,-1,3.046153846153843,0
NSE:ABSMARINE-ST,SELL,2026-07-15 05:06:00,225.0,2026-07-15 06:06:00,230.0,-5.0,0,60.0,ABSMARINE-ST,2026-07-15 05:06:00,NSE:ABSMARINE-ST,230.0,230.0,225.0,225.0,4000,229.9562512278445,230.00568970911252,230.21710655562575,230.04775432851685,SELL,-0.049438481268026635,-0.02149446012859566,-2.1739130434782594,-2.2164276401564487,2026-07-15 05:06:00,2.2222222222222223,-2.1739130434782608,-2.1739130434782594,-2.2164276401564487,inf,4.444444444444445,-1,2.2164276401564487,0
NSE:20MICRONS-EQ,SELL,2026-07-15 05:07:00,204.99,2026-07-15 07:33:00,205.4,-0.4099999999999966,0,146.0,20MICRONS,2026-07-15 05:07:00,NSE:20MICRONS-EQ,204.61,204.99,204.61,204.99,264,205.39997998431852,205.41654670619027,205.42155787823003,205.4201311322927,SELL,-0.016566721871754453,-0.008064940306610272,-0.004878048780487809,-0.19475144846389236,2026-07-15 05:07:00,0.18537489633640442,0.18571917306094296,-0.004878048780487809,-0.19475144846389236,1220.0,1.8461538461538463,-1,0.19475144846389236,0
NSE:3PLAND-EQ,BUY,2026-07-15 05:10:00,32.83,2026-07-15 05:31:00,31.53,-1.2999999999999972,0,21.0,3PLAND,2026-07-15 05:10:00,NSE:3PLAND-EQ,32.83,32.83,32.83,32.83,0,32.519677628622865,32.51205832037037,32.50334487223459,32.50938654154996,BUY,0.007619308252493795,0.023435330293191343,0.0,4.189146302761015,2026-07-15 05:10:00,0.0,0.0,0.0,4.189146302761015,,0.0,1,4.189146302761015,0
NSE:ACSTECH-EQ,SELL,2026-07-15 05:12:00,45.0,2026-07-16 07:13:00,43.64,1.3599999999999994,1,1561.0,ACSTECH,2026-07-15 05:12:00,NSE:ACSTECH-EQ,45.0,45.0,45.0,45.0,0,45.45783304010071,45.46633940383678,45.48192951589549,45.470258222356414,SELL,-0.008506363736067613,-0.018709145815574025,0.0,-0.7060900264783787,2026-07-15 05:12:00,0.0,0.0,0.0,-0.7060900264783787,-100.0,0.0,-1,0.7060900264783787,1
NSE:AARADHYA-SM,SELL,2026-07-15 05:14:00,78.0,2026-07-15 07:42:00,78.9,-0.9000000000000057,0,148.0,AARADHYA-SM,2026-07-15 05:14:00,NSE:AARADHYA-SM,78.0,78.0,78.0,78.0,0,78.74285821493575,78.74982448370706,78.78195601572183,78.75612552978863,SELL,-0.006966268771307682,-0.0088460752985538,0.0,0.0,2026-07-15 05:14:00,0.0,0.0,0.0,0.0,,,-1,-0.0,0
NSE:3PLAND-EQ,SELL,2026-07-15 05:31:00,31.53,2026-07-15 05:41:00,32.8,-1.269999999999996,0,10.0,3PLAND,2026-07-15 05:31:00,NSE:3PLAND-EQ,31.53,31.53,31.53,31.53,0,32.480162591863035,32.519800986816115,32.53017114932951,32.528118642167506,SELL,-0.03963839495308008,-0.1218900293059909,0.0,-3.9305301645338186,2026-07-15 05:31:00,0.0,0.0,0.0,-3.9305301645338186,,0.0,-1,3.9305301645338186,0
NSE:ABMKNO-EQ,BUY,2026-07-15 05:33:00,209.7,2026-07-15 06:13:00,205.0,-4.699999999999989,0,40.0,ABMKNO,2026-07-15 05:33:00,NSE:ABMKNO-EQ,209.7,209.7,209.7,209.7,0,206.84995112932148,206.83036881304167,206.6999485571805,206.8062542652521,BUY,0.01958231627980922,0.00946781480504446,0.0,0.0,2026-07-15 05:33:00,0.0,0.0,0.0,0.0,,,1,0.0,0
NSE:3PLAND-EQ,BUY,2026-07-15 05:41:00,32.8,2026-07-15 06:50:00,31.51,-1.2899999999999956,0,69.0,3PLAND,2026-07-15 05:41:00,NSE:3PLAND-EQ,32.8,32.8,32.8,32.8,0,32.52635349429375,32.52258090935306,32.511951046625,32.52024965649048,BUY,0.003772584940691104,0.011599894089605167,0.0,0.0,2026-07-15 05:41:00,0.0,0.0,0.0,0.0,,,1,0.0,0
NSE:AARON-EQ,BUY,2026-07-15 05:57:00,116.84,2026-07-15 07:10:00,115.9,-0.9399999999999976,0,73.0,AARON,2026-07-15 05:57:00,NSE:AARON-EQ,116.84,116.84,116.84,116.84,0,116.59499252316576,116.59476190263229,116.58209739280603,116.59270107828463,BUY,0.00023062053347189249,0.00019779665030276625,0.0,0.0,2026-07-15 05:57:00,0.0,0.0,0.0,0.0,,,1,0.0,0
NSE:ACL-EQ,SELL,2026-07-15 06:03:00,49.06,2026-07-15 06:19:00,49.87,-0.8099999999999952,0,16.0,ACL,2026-07-15 06:03:00,NSE:ACL-EQ,49.06,49.06,49.06,49.06,0,49.65378538625608,49.65602606336357,49.685037248690605,49.66103468574477,SELL,-0.002240677107486988,-0.004512397155237055,0.0,-1.663660052114646,2026-07-15 06:03:00,0.0,0.0,0.0,-1.663660052114646,-100.0,0.0,-1,1.663660052114646,0
NSE:ABSMARINE-ST,BUY,2026-07-15 06:06:00,230.0,2026-07-15 07:41:00,225.0,-5.0,0,95.0,ABSMARINE-ST,2026-07-15 06:06:00,NSE:ABSMARINE-ST,230.0,230.0,230.0,230.0,0,229.1918230724444,229.1667329268648,229.1492874446783,229.15973068255272,BUY,0.02509014557961109,0.010948423996435051,0.0,0.021743857360290164,2026-07-15 06:06:00,0.0,0.0,0.0,0.021743857360290164,,0.0,1,0.021743857360290164,0
NSE:ABMKNO-EQ,SELL,2026-07-15 06:13:00,205.0,2026-07-15 06:48:00,210.0,-5.0,0,35.0,ABMKNO,2026-07-15 06:13:00,NSE:ABMKNO-EQ,205.0,205.0,205.0,205.0,0,207.1734264853276,207.1976435305468,207.2878173529764,207.21611112324047,SELL,-0.02421704521918855,-0.011687896062205105,0.0,0.0,2026-07-15 06:13:00,0.0,0.0,0.0,0.0,,,-1,-0.0,0
NSE:ACL-EQ,BUY,2026-07-15 06:19:00,49.87,2026-07-15 06:35:00,49.2,-0.6699999999999946,0,16.0,ACL,2026-07-15 06:19:00,NSE:ACL-EQ,49.87,49.87,49.87,49.87,0,49.64636386316391,49.64635896496001,49.63459354017253,49.6444796285311,BUY,4.898203904701859e-06,9.866189599440657e-06,0.0,0.0,2026-07-15 06:19:00,0.0,0.0,0.0,0.0,,,1,0.0,0
NSE:ABMINTLLTD-EQ,BUY,2026-07-15 06:33:00,41.43,2026-07-15 09:28:00,41.43,0.0,0,175.0,ABMINTLLTD,2026-07-15 06:33:00,NSE:ABMINTLLTD-EQ,41.42,41.43,41.42,41.43,3,41.42049999999999,41.42008333333334,41.42,41.42,BUY,0.00041666666665207686,0.00100595323118715,0.02414292612265001,0.02414292612265001,2026-07-15 06:33:00,0.024137098720728965,0.02414292612264126,0.02414292612265001,0.02414292612265001,inf,5.0,1,0.02414292612265001,0
NSE:ACL-EQ,SELL,2026-07-15 06:35:00,49.2,2026-07-15 06:49:00,49.86,-0.6599999999999966,0,14.0,ACL,2026-07-15 06:35:00,NSE:ACL-EQ,49.2,49.2,49.2,49.2,0,49.63070657165886,49.64835429762864,49.65337533858828,49.65212198080199,SELL,-0.01764772596978048,-0.03554543996360296,0.0,-0.6060606060605989,2026-07-15 06:35:00,0.0,0.0,0.0,-0.6060606060605989,-100.0,0.0,-1,0.6060606060605989,0
NSE:21STCENMGM-EQ,SELL,2026-07-15 06:37:00,32.0,2026-07-15 07:40:00,32.48,-0.4799999999999969,0,63.0,21STCENMGM,2026-07-15 06:37:00,NSE:21STCENMGM-EQ,32.0,32.0,32.0,32.0,0,32.21064648644568,32.21700392634823,32.221733143627034,32.21882748875451,SELL,-0.006357439902544115,-0.01973318163625008,0.0,1.555061885115827,2026-07-15 06:37:00,0.0,0.0,0.0,1.555061885115827,,0.0,-1,-1.555061885115827,0
NSE:SBIN-EQ,SELL,2026-07-15 06:39:00,1025.0,2026-07-15 06:45:00,1030.0,-5.0,0,6.0,SBIN,2026-07-15 06:39:00,NSE:SBIN-EQ,1024.9,1025.5,1024.8,1025.0,50959,1026.3782258155095,1026.437623120329,1026.4507640163258,1026.449703986886,SELL,-0.059397304819412966,-0.0057867427578158675,0.0,0.01951600312255497,2026-07-15 06:39:00,0.06829268292683371,0.00975704946823193,0.0,0.01951600312255497,216.22091219360846,1.8368501870769143,-1,-0.01951600312255497,0
NSE:SBIN-EQ,BUY,2026-07-15 06:45:00,1030.0,2026-07-15 07:47:00,1026.5,-3.5,0,62.0,SBIN,2026-07-15 06:45:00,NSE:SBIN-EQ,1029.5,1031.0,1029.2,1030.0,89060,1026.5971211563688,1026.468155822266,1026.4180222698617,1026.438476459428,BUY,0.1289653341027588,0.012563987822832107,0.048567265662935455,0.5172245535278508,2026-07-15 06:45:00,0.17475728155339362,0.04856726566294317,0.048567265662935455,0.5172245535278508,53.84881149806522,1.357816516391068,1,0.5172245535278508,0
NSE:ABMKNO-EQ,BUY,2026-07-15 06:48:00,210.0,2026-07-15 08:56:00,207.0,-3.0,0,128.0,ABMKNO,2026-07-15 06:48:00,NSE:ABMKNO-EQ,210.0,210.0,210.0,210.0,0,207.06609903166736,206.9700434979333,206.9116831912288,206.94458167858824,BUY,0.0960555337340736,0.04641035587115426,0.0,0.0,2026-07-15 06:48:00,0.0,0.0,0.0,0.0,,0.0,1,0.0,0
NSE:ACL-EQ,BUY,2026-07-15 06:49:00,49.86,2026-07-15 08:31:00,49.2,-0.6599999999999966,0,102.0,ACL,2026-07-15 06:49:00,NSE:ACL-EQ,49.86,49.86,49.86,49.86,0,49.65376508321556,49.64659172799914,49.64291061391112,49.64479838117561,BUY,0.007173355216423261,0.014448837204624686,0.0,0.0,2026-07-15 06:49:00,0.0,0.0,0.0,0.0,,,1,0.0,0
NSE:3PLAND-EQ,SELL,2026-07-15 06:50:00,31.51,2026-07-15 07:12:00,32.78,-1.2699999999999996,0,22.0,3PLAND,2026-07-15 06:50:00,NSE:3PLAND-EQ,31.51,31.51,31.51,31.51,0,32.57805625071982,32.601873008555614,32.63426973759981,32.611048411988854,SELL,-0.023816757835795954,-0.0730533421486115,0.0,-3.874313605857227,2026-07-15 06:50:00,0.0,0.0,0.0,-3.874313605857227,-100.0,0.0,-1,3.874313605857227,0
NSE:AARNAV-EQ,SELL,2026-07-15 06:55:00,26.01,2026-07-15 08:59:00,26.05,-0.0399999999999991,0,124.0,AARNAV,2026-07-15 06:55:00,NSE:AARNAV-EQ,26.01,26.01,26.01,26.01,0,26.068461660345783,26.069201361927085,26.071538589837665,26.069698852363445,SELL,-0.0007397015813026542,-0.0028374539405068067,0.0,0.0,2026-07-15 06:55:00,0.0,0.0,0.0,0.0,,0.0,-1,-0.0,0
NSE:ABFRL-EQ,BUY,2026-07-15 06:56:00,59.33,2026-07-15 09:38:00,59.21,-0.1199999999999974,0,162.0,ABFRL,2026-07-15 06:56:00,NSE:ABFRL-EQ,59.33,59.33,59.33,59.33,958,59.21208083912492,59.20767081990479,59.20587456749992,59.20664284360147,BUY,0.004410019220131289,0.007448391667940267,0.0,0.10123165176310067,2026-07-15 06:56:00,0.0,0.0,0.0,0.10123165176310067,-52.338308457711435,0.5555555555555556,1,0.10123165176310067,0
NSE:AARON-EQ,SELL,2026-07-15 07:10:00,115.9,2026-07-15 08:05:00,117.8,-1.8999999999999917,0,55.0,AARON,2026-07-15 07:10:00,NSE:AARON-EQ,115.9,115.9,115.9,115.9,0,116.64187334019968,116.66978983491695,116.68091930547332,116.67625865705912,SELL,-0.02791649471727453,-0.02392778349628918,0.0,-0.8554319931565413,2026-07-15 07:10:00,0.0,0.0,0.0,-0.8554319931565413,,0.0,-1,0.8554319931565413,0
NSE:RELIANCE-EQ,SELL,2026-07-15 07:12:00,1299.3,2026-07-16 04:00:00,1303.8,-4.5,0,1248.0,RELIANCE,2026-07-15 07:12:00,NSE:RELIANCE-EQ,1299.5,1299.5,1298.9,1299.3,8929,1301.9293311972406,1302.0014041529323,1302.067717049727,1302.0241050281672,SELL,-0.07207295569173766,-0.0055355513029287035,-0.015390534821091428,-0.09995386744579005,2026-07-15 07:12:00,0.04617871161393897,-0.015390534821088531,-0.015390534821091428,-0.09995386744579005,-68.2919034090909,0.610071057666029,-1,0.09995386744579005,0
NSE:3PLAND-EQ,BUY,2026-07-15 07:12:00,32.78,2026-07-15 07:37:00,32.0,-0.7800000000000011,0,25.0,3PLAND,2026-07-15 07:12:00,NSE:3PLAND-EQ,32.78,32.78,32.78,32.78,0,32.594539199298346,32.58668378572417,32.584778104524574,32.585059279721854,BUY,0.00785541357417685,0.02410620738774963,0.0,0.0,2026-07-15 07:12:00,0.0,0.0,0.0,0.0,,,1,0.0,0
NSE:ABCAPITAL-EQ,SELL,2026-07-15 07:28:00,403.35,2026-07-16 05:34:00,404.1,-0.75,0,1326.0,ABCAPITAL,2026-07-15 07:28:00,NSE:ABCAPITAL-EQ,402.25,403.35,402.25,403.35,1648,404.8176152277797,404.87746315193976,404.89485813450494,404.890298976746,SELL,-0.05984792416006712,-0.014781737588986965,0.24853982850752132,-0.29662588060808126,2026-07-15 07:28:00,0.27271600347093655,0.2734617775015594,0.24853982850752132,-0.29662588060808126,-81.88612881952078,0.3193303363819563,-1,0.29662588060808126,0
NSE:20MICRONS-EQ,BUY,2026-07-15 07:33:00,205.4,2026-07-15 09:23:00,204.87,-0.5300000000000011,0,110.0,20MICRONS,2026-07-15 07:33:00,NSE:20MICRONS-EQ,205.0,205.4,205.0,205.4,136,205.00267679989545,204.98734116445092,204.9817650525215,204.9838734431438,BUY,0.015335635444529316,0.0074812597487306865,0.19512195121951237,0.19512195121951237,2026-07-15 07:33:00,0.19474196689386838,0.19512195121951498,0.19512195121951237,0.19512195121951237,-59.40298507462687,0.6786427145708582,1,0.19512195121951237,0
NSE:3PLAND-EQ,SELL,2026-07-15 07:37:00,32.0,2026-07-15 07:44:00,32.7,-0.7000000000000028,0,7.0,3PLAND,2026-07-15 07:37:00,NSE:3PLAND-EQ,32.75,32.75,32.0,32.0,90,32.591395532350035,32.59732420414214,32.62252161300003,32.602343735269386,SELL,-0.005928671792105433,-0.01818760262338366,-2.2900763358778664,0.0,2026-07-15 07:37:00,2.34375,-2.2900763358778624,-2.2900763358778664,0.0,inf,4.455445544554456,-1,-0.0,0
NSE:21STCENMGM-EQ,BUY,2026-07-15 07:40:00,32.48,2026-07-16 05:38:00,32.13,-0.3499999999999943,0,1318.0,21STCENMGM,2026-07-15 07:40:00,NSE:21STCENMGM-EQ,32.48,32.48,32.48,32.48,0,32.16673602049802,32.15846250076312,32.15024844262949,32.15576050497121,BUY,0.008273519734899537,0.025727348546912672,0.0,0.0,2026-07-15 07:40:00,0.0,0.0,0.0,0.0,,,1,0.0,0
NSE:ABSMARINE-ST,SELL,2026-07-15 07:41:00,225.0,2026-07-16 09:15:00,221.9,3.0999999999999943,1,1534.0,ABSMARINE-ST,2026-07-15 07:41:00,NSE:ABSMARINE-ST,225.0,225.0,225.0,225.0,0,229.5294510758953,229.56408426367264,229.7678432377845,229.6024379129472,SELL,-0.03463318777733093,-0.015086500960469042,0.0,-2.1739130434782594,2026-07-15 07:41:00,0.0,0.0,0.0,-2.1739130434782594,-100.0,0.0,-1,2.1739130434782594,1
NSE:AARTECH-BE,SELL,2026-07-15 07:41:00,48.0,2026-07-15 08:07:00,49.49,-1.490000000000002,0,26.0,AARTECH-BE,2026-07-15 07:41:00,NSE:AARTECH-BE,48.0,48.0,48.0,48.0,0,48.205215474755086,48.21257991791452,48.21601628921588,48.21436630377935,SELL,-0.007364443159431744,-0.01527494104644525,0.0,0.0,2026-07-15 07:41:00,0.0,0.0,0.0,0.0,,,-1,-0.0,0
NSE:AARADHYA-SM,BUY,2026-07-15 07:42:00,78.9,2026-07-15 08:26:00,76.25,-2.6500000000000057,0,44.0,AARADHYA-SM,2026-07-15 07:42:00,NSE:AARADHYA-SM,78.9,78.9,78.9,78.9,0,77.9299180044504,77.90659904903892,77.87886105731621,77.89825114188798,BUY,0.02331895541148299,0.02993193862410127,0.0,0.0,2026-07-15 07:42:00,0.0,0.0,0.0,0.0,,,1,0.0,0
NSE:3PLAND-EQ,BUY,2026-07-15 07:44:00,32.7,2026-07-15 08:42:00,32.5,-0.2000000000000028,0,58.0,3PLAND,2026-07-15 07:44:00,NSE:3PLAND-EQ,32.7,32.7,32.7,32.7,0,32.59842923354575,32.59761827648698,32.593083403732365,32.59675792586923,BUY,0.0008109570587677695,0.0024877800945129836,0.0,0.0,2026-07-15 07:44:00,0.0,0.0,0.0,0.0,,,1,0.0,0
NSE:SBIN-EQ,SELL,2026-07-15 07:47:00,1026.5,2026-07-15 09:26:00,1029.8,-3.2999999999999545,0,99.0,SBIN,2026-07-15 07:47:00,NSE:SBIN-EQ,1026.2,1026.5,1026.1,1026.5,26819,1027.650140582543,1027.6811646819135,1027.7106742974136,1027.6910904355432,SELL,-0.03102409937059747,-0.0030188447970825667,0.02923406743324808,0.13657204175203663,2026-07-15 07:47:00,0.0389673648319621,0.029234067433244446,0.02923406743324808,0.13657204175203663,-30.091494408675025,0.7693035850539565,-1,-0.13657204175203663,0
NSE:AARON-EQ,BUY,2026-07-15 08:05:00,117.8,2026-07-15 08:53:00,115.61,-2.1899999999999977,0,48.0,AARON,2026-07-15 08:05:00,NSE:AARON-EQ,117.8,117.8,117.8,117.8,0,116.52915170506488,116.52836041893184,116.46226495269988,116.51767437203212,BUY,0.000791286133036806,0.0006790502588314537,0.0,0.0,2026-07-15 08:05:00,0.0,0.0,0.0,0.0,,,1,0.0,0
NSE:AARTECH-BE,BUY,2026-07-15 08:07:00,49.49,2026-07-16 04:49:00,48.26,-1.230000000000004,0,1242.0,AARTECH-BE,2026-07-15 08:07:00,NSE:AARTECH-BE,49.49,49.49,49.49,49.49,0,48.199353401293294,48.19574353379683,48.13142463294031,48.18486742903882,BUY,0.003609867496464858,0.007490013083693732,0.0,3.1041666666666634,2026-07-15 08:07:00,0.0,0.0,0.0,3.1041666666666634,-100.0,0.0,1,3.1041666666666634,0
NSE:AARADHYA-SM,SELL,2026-07-15 08:26:00,76.25,2026-07-21 07:20:00,75.1,1.1500000000000057,1,8574.0,AARADHYA-SM,2026-07-15 08:26:00,NSE:AARADHYA-SM,76.25,76.25,76.25,76.25,0,77.95900414734697,78.02688612469333,78.04895173404944,78.04181794086722,SELL,-0.06788197734636015,-0.08699818833969512,0.0,-1.9292604501607746,2026-07-15 08:26:00,0.0,0.0,0.0,-1.9292604501607746,-100.0,0.0,-1,1.9292604501607746,1
NSE:ACL-EQ,SELL,2026-07-15 08:31:00,49.2,2026-07-16 03:58:00,49.96,-0.759999999999998,0,1167.0,ACL,2026-07-15 08:31:00,NSE:ACL-EQ,49.2,49.2,49.2,49.2,0,49.67694479990551,49.69386172161523,49.70204715779526,49.6980118201162,SELL,-0.016916921709714927,-0.03404227629658456,0.0,-1.1651265568501379,2026-07-15 08:31:00,0.0,0.0,0.0,-1.1651265568501379,,0.0,-1,1.1651265568501379,0
NSE:AARTIDRUGS-EQ,SELL,2026-07-15 08:34:00,417.8,2026-07-15 08:36:00,419.2,-1.3999999999999773,0,2.0,AARTIDRUGS,2026-07-15 08:34:00,NSE:AARTIDRUGS-EQ,418.2,418.2,417.8,417.8,362,418.16562482872376,418.1766235170903,418.1848682407619,418.1797884205952,SELL,-0.010998688366555598,-0.002630153802967443,-0.09564801530367317,0.08384237633249914,2026-07-15 08:34:00,0.09573958831976478,-0.09564801530367702,-0.09564801530367317,0.08384237633249914,44.8,1.7572815533980584,-1,-0.08384237633249914,0
NSE:AARTIDRUGS-EQ,BUY,2026-07-15 08:36:00,419.2,2026-07-16 05:34:00,421.4,2.1999999999999886,1,1258.0,AARTIDRUGS,2026-07-15 08:36:00,NSE:AARTIDRUGS-EQ,418.0,419.2,418.0,419.2,2302,418.2094764079232,418.18369205732745,418.1573435872876,418.1751516544479,BUY,0.025784350595756678,0.006165795339580575,0.2870813397129135,0.2630949533604321,2026-07-15 08:36:00,0.28625954198473014,0.28708133971291594,0.2870813397129135,0.2630949533604321,175.35885167464116,3.020997375328084,1,0.2630949533604321,1
NSE:3PLAND-EQ,SELL,2026-07-15 08:42:00,32.5,2026-07-16 04:44:00,32.72,-0.2199999999999988,0,1202.0,3PLAND,2026-07-15 08:42:00,NSE:3PLAND-EQ,32.5,32.5,32.5,32.5,0,32.620865012367666,32.62247685133325,32.62722632880807,32.62350606857135,SELL,-0.0016118389655872534,-0.004940884694110462,0.0,0.0,2026-07-15 08:42:00,0.0,0.0,0.0,0.0,,,-1,-0.0,0
NSE:AARON-EQ,SELL,2026-07-15 08:53:00,115.61,2026-07-15 09:05:00,116.9,-1.2900000000000065,0,12.0,AARON,2026-07-15 08:53:00,NSE:AARON-EQ,115.61,115.61,115.61,115.61,0,116.73512502225316,116.73802472565036,116.79434212868756,116.74750392502555,SELL,-0.0028997033972046893,-0.002483940775954854,0.0,0.0,2026-07-15 08:53:00,0.0,0.0,0.0,0.0,,,-1,-0.0,0
NSE:ABMKNO-EQ,SELL,2026-07-15 08:56:00,207.0,2026-07-15 09:37:00,210.0,-3.0,0,41.0,ABMKNO,2026-07-15 08:56:00,NSE:ABMKNO-EQ,207.0,207.0,207.0,207.0,0,208.61694915138736,208.67525416650625,208.7020517383025,208.6893319326113,SELL,-0.05830501511888997,-0.027940550666523786,0.0,0.0,2026-07-15 08:56:00,0.0,0.0,0.0,0.0,,,-1,-0.0,0
NSE:AARNAV-EQ,BUY,2026-07-15 08:59:00,26.05,2026-07-17 05:23:00,31.35,5.300000000000001,1,2664.0,AARNAV,2026-07-15 08:59:00,NSE:AARNAV-EQ,26.05,26.05,26.05,26.05,0,26.044608399164996,26.044397918062,26.044324630699997,26.044350841743192,BUY,0.00021048110299659584,0.000808162675362234,0.0,0.0,2026-07-15 08:59:00,0.0,0.0,0.0,0.0,,,1,0.0,1
NSE:AAKAAR-SM,SELL,2026-07-15 09:01:00,70.15,2026-07-16 09:54:00,71.0,-0.8499999999999943,0,1493.0,AAKAAR-SM,2026-07-15 09:01:00,NSE:AAKAAR-SM,70.15,70.15,70.15,70.15,0,71.65265372477214,71.69226932503685,71.73174076291804,71.70522957146572,SELL,-0.03961560026471034,-0.05525784110013591,0.0,-2.4339360222531248,2026-07-15 09:01:00,0.0,0.0,0.0,-2.4339360222531248,-100.0,0.0,-1,2.4339360222531248,0
NSE:AARON-EQ,BUY,2026-07-15 09:05:00,116.9,2026-07-15 09:13:00,115.71,-1.190000000000012,0,8.0,AARON,2026-07-15 09:05:00,NSE:AARON-EQ,116.9,116.9,116.9,116.9,0,116.73560200403868,116.73380844924618,116.72694947793543,116.7324118815928,BUY,0.001793554792499208,0.0015364484516745755,0.0,0.0,2026-07-15 09:05:00,0.0,0.0,0.0,0.0,,0.0,1,0.0,0
NSE:AARVI-EQ,BUY,2026-07-15 09:09:00,148.99,2026-07-15 09:10:00,148.0,-0.9900000000000092,0,1.0,AARVI,2026-07-15 09:09:00,NSE:AARVI-EQ,148.21,148.99,148.21,148.99,249,148.42904387771927,148.42689692382325,148.39951987128347,148.4221649651999,BUY,0.002146953896016157,0.0014464722637959834,0.5262802779839371,0.11423195807016562,2026-07-15 09:09:00,0.5235250687965642,0.5262802779839424,0.5262802779839371,0.11423195807016562,inf,4.368421052631579,1,0.11423195807016562,0
NSE:AARVI-EQ,SELL,2026-07-15 09:10:00,148.0,2026-07-16 04:05:00,161.8,-13.800000000000011,0,1135.0,AARVI,2026-07-15 09:10:00,NSE:AARVI-EQ,148.01,148.01,148.0,148.0,17,148.40759168383332,148.42333944945807,148.42904387771927,148.42689692382325,SELL,-0.01574776562475222,-0.010610033221974995,-0.6644741257802567,-0.5510012095148453,2026-07-15 09:10:00,0.006756756756750612,-0.006756300249976965,-0.6644741257802567,-0.5510012095148453,-93.17269076305222,0.2814569536423841,-1,0.5510012095148453,0
NSE:AARON-EQ,SELL,2026-07-15 09:13:00,115.71,2026-07-15 09:59:00,117.5,-1.7900000000000065,0,46.0,AARON,2026-07-15 09:13:00,NSE:AARON-EQ,115.71,115.71,115.71,115.71,1,116.73143501061632,116.7346533991661,116.78519474801718,116.74326393193222,SELL,-0.003218388549782958,-0.0027570121262774474,-1.0179640718562921,-1.0179640718562921,2026-07-15 09:13:00,0.0,0.0,-1.0179640718562921,-1.0179640718562921,inf,5.0,-1,1.0179640718562921,0
NSE:ABLBL-EQ,BUY,2026-07-15 09:19:00,97.1,2026-07-15 09:20:00,96.81,-0.289999999999992,0,1.0,ABLBL,2026-07-15 09:19:00,NSE:ABLBL-EQ,96.93,97.1,96.93,97.1,10997,96.95534894101944,96.95445341547364,96.94773572738887,96.95323033493142,BUY,0.000895525545800524,0.0009236559170345453,0.17538429794696775,0.10309278350515427,2026-07-15 09:19:00,0.17507723995879249,0.17538429794695912,0.17538429794696775,0.10309278350515427,16818.46153846154,4.771346754599097,1,0.10309278350515427,0
NSE:ABLBL-EQ,SELL,2026-07-15 09:20:00,96.81,2026-07-15 09:42:00,97.11,-0.2999999999999971,0,22.0,ABLBL,2026-07-15 09:20:00,NSE:ABLBL-EQ,97.1,97.1,96.81,96.81,2130,96.94808149396846,96.95324963701135,96.95534894101944,96.95445341547364,SELL,-0.005168143042894258,-0.00533055164447149,-0.2986611740473655,-0.1958762886597909,2026-07-15 09:20:00,0.29955583100918504,-0.29866117404736564,-0.2986611740473655,-0.1958762886597909,-80.63108120396471,0.7805628847845206,-1,0.1958762886597909,0
NSE:20MICRONS-EQ,SELL,2026-07-15 09:23:00,204.87,2026-07-16 04:08:00,206.02,-1.1500000000000057,0,1125.0,20MICRONS,2026-07-15 09:23:00,NSE:20MICRONS-EQ,204.87,204.87,204.81,204.87,55,205.03233474496164,205.03871769691125,205.04087867890695,205.0401354926836,SELL,-0.006382951949603921,-0.0031130471460708298,0.0,-0.06341463414634152,2026-07-15 09:23:00,0.029286864841119864,0.0,0.0,-0.06341463414634152,inf,0.22070626003210275,-1,0.06341463414634152,0
NSE:SBIN-EQ,BUY,2026-07-15 09:26:00,1029.8,2026-07-16 07:23:00,1028.6,-1.2000000000000457,0,1317.0,SBIN,2026-07-15 09:26:00,NSE:SBIN-EQ,1029.5,1030.0,1029.3,1029.8,33831,1025.7489520712895,1025.668938120358,1025.53573902241,1025.6342233146468,BUY,0.08001395093151586,0.007801147910177481,0.029140359397761273,0.06802060052473191,2026-07-15 09:26:00,0.06797436395417028,0.029140359397761488,0.029140359397761273,0.06802060052473191,122.54308643599528,1.0156226546504716,1,0.06802060052473191,0
NSE:ABMINTLLTD-EQ,SELL,2026-07-15 09:28:00,41.43,2026-07-16 06:56:00,41.5,-0.0700000000000002,0,1288.0,ABMINTLLTD,2026-07-15 09:28:00,NSE:ABMINTLLTD-EQ,41.43,41.43,41.43,41.43,0,41.70605400700383,41.7095433174047,41.72058316526719,41.7118924209123,SELL,-0.00348931040087308,-0.008365736288023678,0.0,0.0,2026-07-15 09:28:00,0.0,0.0,0.0,0.0,,,-1,-0.0,0
NSE:ABMKNO-EQ,BUY,2026-07-15 09:37:00,210.0,2026-07-16 04:33:00,205.05,-4.949999999999989,0,1136.0,ABMKNO,2026-07-15 09:37:00,NSE:ABMKNO-EQ,210.0,210.0,210.0,210.0,0,208.4910074645464,208.45253099636287,208.41158680478568,208.43952705515585,BUY,0.03847646818354633,0.018458143923528413,0.0,0.0,2026-07-15 09:37:00,0.0,0.0,0.0,0.0,,,1,0.0,0
NSE:ABFRL-EQ,SELL,2026-07-15 09:38:00,59.21,2026-07-16 03:52:00,59.51,-0.2999999999999971,0,1094.0,ABFRL,2026-07-15 09:38:00,NSE:ABFRL-EQ,59.3,59.34,59.21,59.21,4082,59.37807956314712,59.38248986478511,59.386925855944334,59.38393935944716,SELL,-0.004410301637989278,-0.007426939570960406,-0.1349300050598745,-0.06751054852320859,2026-07-15 09:38:00,0.2195575071778459,-0.1517706576728437,-0.1349300050598745,-0.06751054852320859,-60.94153669505311,0.6159835818192793,-1,0.06751054852320859,0
NSE:ABLBL-EQ,BUY,2026-07-15 09:42:00,97.11,2026-07-15 09:47:00,96.77,-0.3400000000000034,0,5.0,ABLBL,2026-07-15 09:42:00,NSE:ABLBL-EQ,97.11,97.15,97.11,97.11,937,96.95413032929277,96.9499213780994,96.94592666241344,96.94857617959605,BUY,0.004208951193362509,0.0043413662781095295,-0.04117344312918325,0.23740710156896494,2026-07-15 09:42:00,0.04119040263619221,0.0,-0.04117344312918325,0.23740710156896494,169.25287356321837,0.26373564512497183,1,0.23740710156896494,0
NSE:ABLBL-EQ,SELL,2026-07-15 09:47:00,96.77,2026-07-16 03:47:00,97.11,-0.3400000000000034,0,1080.0,ABLBL,2026-07-15 09:47:00,NSE:ABLBL-EQ,96.79,96.79,96.76,96.77,914,96.94212039819736,96.94822519256238,96.95117936652352,96.94972288325616,SELL,-0.006104794365015209,-0.006296963511079884,-0.020663291662370575,-0.35011842240758595,2026-07-15 09:47:00,0.031001343391548145,-0.020663291662372383,-0.020663291662370575,-0.35011842240758595,-53.674607197161684,0.6088462563282707,-1,0.35011842240758595,0
NSE:5PAISA-EQ,SELL,2026-07-15 09:51:00,390.4,2026-07-16 03:49:00,394.6,-4.2000000000000455,0,1078.0,5PAISA,2026-07-15 09:51:00,NSE:5PAISA-EQ,390.0,390.4,389.0,390.4,998,392.0379897322629,392.101618042785,392.1241997181716,392.11591735406887,SELL,-0.06362831052211959,-0.016227505216562674,-0.051203277009737036,-0.29370450772571166,2026-07-15 09:51:00,0.3586065573770434,0.10256410256409673,-0.051203277009737036,-0.29370450772571166,107.48440748440746,1.4032620922384702,-1,0.29370450772571166,0
NSE:AARON-EQ,BUY,2026-07-15 09:59:00,117.5,2026-07-16 04:12:00,116.48,-1.019999999999996,0,1093.0,AARON,2026-07-15 09:59:00,NSE:AARON-EQ,117.45,117.5,117.45,117.5,102,116.6062770213198,116.57782200939272,116.55923896981032,116.57007261451366,BUY,0.028455011927079,0.02440859799626928,0.04257130693912092,0.17904339670899994,2026-07-15 09:59:00,0.042553191489359286,0.04257130693912061,0.04257130693912092,0.17904339670899994,1033.3333333333335,4.0476190476190474,1,0.17904339670899994,0
NSE:ABCOTS-EQ,BUY,2026-07-16 03:46:00,207.99,2026-07-16 04:52:00,207.03,-0.960000000000008,0,66.0,ABCOTS,2026-07-16 03:46:00,NSE:ABCOTS-EQ,207.99,207.99,207.99,207.99,0,207.03529061769208,206.9968128682826,206.9850427554653,206.98846675793203,BUY,0.038477749409480566,0.018588570942860337,0.0,0.39096437880103974,2026-07-16 03:46:00,0.0,0.0,0.0,0.39096437880103974,-100.0,0.0,1,0.39096437880103974,0
NSE:ABLBL-EQ,BUY,2026-07-16 03:47:00,97.11,2026-07-16 03:48:00,96.81,-0.2999999999999971,0,1.0,ABLBL,2026-07-16 03:47:00,NSE:ABLBL-EQ,97.0,97.14,96.99,97.11,84,96.9543538520866,96.94912748047696,96.94616194956484,96.947775610565,BUY,0.005226371609637681,0.005390839242663774,0.11340206185566082,0.11340206185566082,2026-07-16 03:47:00,0.1544640098857025,0.11340206185566952,0.11340206185566082,0.11340206185566082,-99.36642027455122,0.025446834292638595,1,0.11340206185566082,0
NSE:ABLBL-EQ,SELL,2026-07-16 03:48:00,96.81,2026-07-16 03:50:00,97.04,-0.2300000000000039,0,2.0,ABLBL,2026-07-16 03:48:00,NSE:ABLBL-EQ,97.11,97.11,96.81,96.81,1095,96.94713615948226,96.9479680848063,96.9543538520866,96.94912748047696,SELL,-0.0008319253240500757,-0.000858115276147242,-0.30892801977139284,-0.10318852543597101,2026-07-16 03:48:00,0.3098853424233004,-0.30892801977139034,-0.30892801977139284,-0.10318852543597101,1203.5714285714287,0.3290264423076923,-1,0.10318852543597101,0
NSE:INFY-EQ,BUY,2026-07-16 03:48:00,1096.0,2026-07-16 09:31:00,1087.5,-8.5,0,343.0,INFY,2026-07-16 03:48:00,NSE:INFY-EQ,1096.7,1097.0,1094.4,1096.0,61615,1080.236292079598,1079.856535580347,1079.4066232416824,1079.7208762154762,BUY,0.3797564992507887,0.035167310354490396,-0.09115770282588365,1.7358210340666425,2026-07-16 03:48:00,0.2372262773722545,-0.06382784717790148,-0.09115770282588365,1.7358210340666425,-25.167300241689638,0.7621147989916807,1,1.7358210340666425,0
NSE:5PAISA-EQ,BUY,2026-07-16 03:49:00,394.6,2026-07-16 04:31:00,391.05,-3.550000000000012,0,42.0,5PAISA,2026-07-16 03:49:00,NSE:5PAISA-EQ,393.0,394.6,393.0,394.6,563,392.18651068055885,392.0962598046646,392.059484926904,392.0752199710904,BUY,0.09025087589424174,0.023017530424596023,0.4071246819338459,0.6632653061224625,2026-07-16 03:49:00,0.4054738976178466,0.40712468193384804,0.4071246819338459,0.6632653061224625,125.19999999999997,0.8197437390797904,1,0.6632653061224625,0
NSE:ABLBL-EQ,BUY,2026-07-16 03:50:00,97.04,2026-07-16 03:51:00,96.92,-0.1200000000000045,0,1.0,ABLBL,2026-07-16 03:50:00,NSE:ABLBL-EQ,96.88,97.04,96.88,97.04,211,96.94859038393272,96.94817333673208,96.94377935150814,96.94740168409956,BUY,0.00041704720064217327,0.00043017540845626315,0.16515276630884035,0.11348395749510853,2026-07-16 03:50:00,0.1648804616653038,0.16515276630884684,0.16515276630884035,0.11348395749510853,-88.13273340832396,0.06422744429562889,1,0.11348395749510853,0
NSE:ABLBL-EQ,SELL,2026-07-16 03:51:00,96.92,2026-07-17 07:50:00,94.9,2.019999999999996,1,1679.0,ABLBL,2026-07-16 03:51:00,NSE:ABLBL-EQ,97.04,97.04,96.85,96.92,704,96.94716086473608,96.94793855892598,96.94859038393272,96.94817333673208,SELL,-0.0007776941899066969,-0.0008021771287421507,-0.12366034624897715,-0.08247422680411898,2026-07-16 03:51:00,0.19603796945936022,-0.12366034624897418,-0.12366034624897715,-0.08247422680411898,233.64928909952604,0.9090909090909092,-1,0.08247422680411898,1
NSE:ABFRL-EQ,BUY,2026-07-16 03:52:00,59.51,2026-07-16 04:06:00,59.2,-0.3099999999999951,0,14.0,ABFRL,2026-07-16 03:52:00,NSE:ABFRL-EQ,59.44,59.56,59.44,59.51,4894,59.37382360860577,59.37228730447184,59.36665643011133,59.37113005492959,BUY,0.0015363041339284678,0.0025875778139555616,0.11776581426647947,-0.4849498327759161,2026-07-16 03:52:00,0.20164678205344405,0.11776581426648769,0.11776581426647947,-0.4849498327759161,533.9378238341969,0.5828966174368747,1,-0.4849498327759161,0
NSE:ACL-EQ,BUY,2026-07-16 03:58:00,49.96,2026-07-16 06:04:00,49.59,-0.3699999999999974,0,126.0,ACL,2026-07-16 03:58:00,NSE:ACL-EQ,49.96,49.96,49.96,49.96,0,49.54412493926581,49.53927741748997,49.52223677817453,49.535741933603326,BUY,0.004847521775836583,0.009785208885838842,0.0,-0.020012007204317506,2026-07-16 03:58:00,0.0,0.0,0.0,-0.020012007204317506,,0.0,1,-0.020012007204317506,0
NSE:RELIANCE-EQ,BUY,2026-07-16 04:00:00,1303.8,2026-07-16 08:03:00,1302.8,-1.0,0,243.0,RELIANCE,2026-07-16 04:00:00,NSE:RELIANCE-EQ,1302.7,1305.0,1302.7,1303.8,86232,1298.854622931207,1298.8385236988404,1298.594339927586,1298.7968306206794,BUY,0.016099232366514116,0.001239509921577212,0.145940548429202,0.22292259205165532,2026-07-16 04:00:00,0.17640742445159951,0.08444000921163039,0.145940548429202,0.22292259205165532,20.68521524939819,0.9101367653795086,1,0.22292259205165532,0
NSE:AAATECH-EQ,BUY,2026-07-16 04:02:00,94.33,2026-07-16 07:51:00,94.0,-0.3299999999999983,0,229.0,AAATECH,2026-07-16 04:02:00,NSE:AAATECH-EQ,94.33,94.33,94.33,94.33,0,93.73149986047731,93.7183401907343,93.69999985313402,93.7132001923371,BUY,0.013159669743018299,0.014041723014125002,0.0,0.0,2026-07-16 04:02:00,0.0,0.0,0.0,0.0,,,1,0.0,0
NSE:AARVI-EQ,BUY,2026-07-16 04:05:00,161.8,2026-07-16 09:07:00,153.65,-8.150000000000006,0,302.0,AARVI,2026-07-16 04:05:00,NSE:AARVI-EQ,154.96,162.86,154.96,161.8,5054,148.70498466618392,148.2250216625712,148.01577333282518,148.11094621435754,BUY,0.4799630036127098,0.32380700520680505,4.414042333505419,9.73211258053579,2026-07-16 04:05:00,4.882571075401733,4.414042333505423,4.414042333505419,9.73211258053579,38.125170811697195,1.9051568154402894,1,9.73211258053579,0
NSE:ABFRL-EQ,SELL,2026-07-16 04:06:00,59.2,2026-07-16 04:59:00,59.53,-0.3299999999999983,0,53.0,ABFRL,2026-07-16 04:06:00,NSE:ABFRL-EQ,59.23,59.23,59.2,59.2,21716,59.37490628416434,59.37550704593389,59.38411187806772,59.376981895059394,SELL,-0.0006007617695473755,-0.0010118006555844923,-0.050650008441655014,-0.23592854735423607,2026-07-16 04:06:00,0.050675675675665596,-0.050650008441658,-0.050650008441655014,-0.23592854735423607,126.18477241953966,2.0769333766904494,-1,0.23592854735423607,0
NSE:20MICRONS-EQ,BUY,2026-07-16 04:08:00,206.02,2026-07-16 08:00:00,205.23,-0.7900000000000205,0,232.0,20MICRONS,2026-07-16 04:08:00,NSE:20MICRONS-EQ,206.03,206.98,206.02,206.02,931,204.9294328287648,204.9150917467844,204.8720345565945,204.90580680348003,BUY,0.014341081980376202,0.006998548451520407,-0.5646990684878506,0.817225348666506,2026-07-16 04:08:00,0.4659741772643333,-0.004853662088041016,-0.5646990684878506,0.817225348666506,-75.98658756770699,0.7238376613279428,1,0.817225348666506,0
NSE:AARON-EQ,SELL,2026-07-16 04:12:00,116.48,2026-07-16 04:17:00,117.5,-1.019999999999996,0,5.0,AARON,2026-07-16 04:12:00,NSE:AARON-EQ,116.48,116.48,116.48,116.48,0,116.57282521434448,116.573031681703,116.57771075194157,116.57381346054083,SELL,-0.0002064673585238097,-0.0001771141708723496,0.0,0.0,2026-07-16 04:12:00,0.0,0.0,0.0,0.0,,,-1,-0.0,0
NSE:AARON-EQ,BUY,2026-07-16 04:17:00,117.5,2026-07-16 07:51:00,116.56,-0.9399999999999976,0,214.0,AARON,2026-07-16 04:17:00,NSE:AARON-EQ,116.48,117.5,116.48,117.5,25,116.60282638137912,116.57771943082824,116.55560671724118,116.56996917394444,BUY,0.025106950550878082,0.02153666298625388,0.8756868131868156,0.8756868131868156,2026-07-16 04:17:00,0.8680851063829754,0.8756868131868097,0.8756868131868156,0.8756868131868156,inf,5.0,1,0.8756868131868156,0
NSE:5PAISA-EQ,SELL,2026-07-16 04:31:00,391.05,2026-07-16 04:37:00,393.2,-2.1499999999999773,0,6.0,5PAISA,2026-07-16 04:31:00,NSE:5PAISA-EQ,392.9,392.9,391.05,391.05,74,392.1485201065221,392.16301117457607,392.2063369542337,392.1723642096565,SELL,-0.014491068053985146,-0.0036951644191487183,-0.4708577246118506,-0.21689206430210994,2026-07-16 04:31:00,0.4730852832118567,-0.4708577246118519,-0.4708577246118506,-0.21689206430210994,-5.128205128205132,0.18128368446839785,-1,0.21689206430210994,0
NSE:ABMKNO-EQ,SELL,2026-07-16 04:33:00,205.05,2026-07-16 09:54:00,203.0,2.050000000000012,1,321.0,ABMKNO,2026-07-16 04:33:00,NSE:ABMKNO-EQ,205.05,205.05,205.05,205.05,0,208.5024482779087,208.56264425243108,208.6841560820092,208.59216227135903,SELL,-0.06019597452237235,-0.028862299256963264,0.0,-2.3571428571428465,2026-07-16 04:33:00,0.0,0.0,0.0,-2.3571428571428465,,0.0,-1,2.3571428571428465,1
NSE:5PAISA-EQ,BUY,2026-07-16 04:37:00,393.2,2026-07-16 04:39:00,391.55,-1.6499999999999773,0,2.0,5PAISA,2026-07-16 04:37:00,NSE:5PAISA-EQ,393.2,393.2,393.2,393.2,0,392.1961410079304,392.1689177440752,392.14330632413726,392.1602531873028,BUY,0.02722326385520546,0.006941718892921301,0.0,0.37013401403955815,2026-07-16 04:37:00,0.0,0.0,0.0,0.37013401403955815,-100.0,0.0,1,0.37013401403955815,0
NSE:5PAISA-EQ,SELL,2026-07-16 04:39:00,391.55,2026-07-16 04:46:00,394.9,-3.349999999999966,0,7.0,5PAISA,2026-07-16 04:39:00,NSE:5PAISA-EQ,392.0,392.0,391.55,391.55,151,392.1545172596572,392.1623641787395,392.1863339575338,392.1675100962079,SELL,-0.007846919082282966,-0.002000936295535617,-0.1147959183673386,-0.1147959183673386,2026-07-16 04:39:00,0.11492785084918622,-0.11479591836734404,-0.1147959183673386,-0.1147959183673386,-7.926829268292678,1.7890995260663507,-1,0.1147959183673386,0
NSE:3PLAND-EQ,BUY,2026-07-16 04:44:00,32.72,2026-07-16 06:07:00,31.95,-0.7699999999999996,0,83.0,3PLAND,2026-07-16 04:44:00,NSE:3PLAND-EQ,32.72,32.72,32.72,32.72,0,32.37050053958232,32.36376666273182,32.35210583113929,32.36077310527578,BUY,0.0067338768505038615,0.02080683908235623,0.0,2.2499999999999964,2026-07-16 04:44:00,0.0,0.0,0.0,2.2499999999999964,,0.0,1,2.2499999999999964,0
NSE:5PAISA-EQ,BUY,2026-07-16 04:46:00,394.9,2026-07-16 05:06:00,391.85,-3.0499999999999545,0,20.0,5PAISA,2026-07-16 04:46:00,NSE:5PAISA-EQ,393.1,394.9,393.1,394.9,407,392.1886947610509,392.1640932840056,392.0459944853168,392.1411024712661,BUY,0.024601477045280262,0.0062732609809495864,0.688424273329935,0.8555740007661683,2026-07-16 04:46:00,0.4558115978728677,0.4578987534978261,0.688424273329935,0.8555740007661683,190.7142857142857,3.1307692307692307,1,0.8555740007661683,0
NSE:AARTECH-BE,SELL,2026-07-16 04:49:00,48.26,2026-07-16 04:53:00,49.38,-1.1200000000000043,0,4.0,AARTECH-BE,2026-07-16 04:49:00,NSE:AARTECH-BE,48.26,48.26,48.26,48.26,0,48.81102697690002,48.81524559424904,48.84002839673687,48.81991152361248,SELL,-0.004218617349025067,-0.008642007835195782,0.0,-1.3087934560327197,2026-07-16 04:49:00,0.0,0.0,0.0,-1.3087934560327197,,0.0,-1,1.3087934560327197,0
NSE:ABCOTS-EQ,SELL,2026-07-16 04:52:00,207.03,2026-07-16 05:58:00,207.12,-0.0900000000000034,0,66.0,ABCOTS,2026-07-16 04:52:00,NSE:ABCOTS-EQ,207.03,207.03,207.03,207.03,0,207.1312823235763,207.1314498433552,207.1366129721856,207.1323023630472,SELL,-0.0001675197788983951,-8.087607122196232e-05,0.0,0.0,2026-07-16 04:52:00,0.0,0.0,0.0,0.0,,,-1,-0.0,0
NSE:AARTECH-BE,BUY,2026-07-16 04:53:00,49.38,2026-07-16 05:41:00,48.56,-0.8200000000000003,0,48.0,AARTECH-BE,2026-07-16 04:53:00,NSE:AARTECH-BE,49.38,49.38,49.38,49.38,0,48.81801491660367,48.81555636638086,48.788436754319655,48.81081314256893,BUY,0.0024585502228120504,0.005036407255833813,0.0,2.320762536261922,2026-07-16 04:53:00,0.0,0.0,0.0,2.320762536261922,-100.0,0.0,1,2.320762536261922,0
NSE:ABFRL-EQ,BUY,2026-07-16 04:59:00,59.53,2026-07-16 07:07:00,59.36,-0.1700000000000017,0,128.0,ABFRL,2026-07-16 04:59:00,NSE:ABFRL-EQ,59.53,59.55,59.53,59.53,629,59.34729697340767,59.34058461791863,59.33768102463965,59.3389928920188,BUY,0.0067123554890429205,0.011311576271555709,0.0,0.13456686291000164,2026-07-16 04:59:00,0.03359650596337312,0.0,0.0,0.13456686291000164,548.4536082474227,0.19972058169810122,1,0.13456686291000164,0
NSE:5PAISA-EQ,SELL,2026-07-16 05:06:00,391.85,2026-07-20 05:07:00,368.1,23.75,1,5761.0,5PAISA,2026-07-16 05:06:00,NSE:5PAISA-EQ,391.85,391.85,391.85,391.85,10,392.17604086778135,392.17966091221626,392.193200913454,392.1824311719828,SELL,-0.0036200444349105965,-0.0009230576686435789,0.0,0.05106600280864182,2026-07-16 05:06:00,0.0,0.0,0.0,0.05106600280864182,900.0,1.1363636363636362,-1,-0.05106600280864182,1
NSE:ABCAPITAL-EQ,BUY,2026-07-16 05:34:00,404.1,2026-07-16 06:15:00,401.5,-2.6000000000000227,0,41.0,ABCAPITAL,2026-07-16 05:34:00,NSE:ABCAPITAL-EQ,404.1,404.35,404.1,404.1,582,402.9887307632629,402.9575622332583,402.9302429086977,402.9479619158907,BUY,0.03116853000460651,0.007734941077136088,0.0,0.049517207229521354,2026-07-16 05:34:00,0.061865874783469436,0.0,0.0,0.049517207229521354,-37.55364806866953,0.08752932683631114,1,0.049517207229521354,0
NSE:AARTIDRUGS-EQ,SELL,2026-07-16 05:34:00,421.4,2026-07-16 08:47:00,421.4,0.0,0,193.0,AARTIDRUGS,2026-07-16 05:34:00,NSE:AARTIDRUGS-EQ,421.0,421.4,420.7,421.4,204,422.0588840016236,422.0748215515169,422.0935621069722,422.0804923208574,SELL,-0.015937549893294545,-0.0037760010973194873,0.095011876484552,-0.011863803535416828,2026-07-16 05:34:00,0.16611295681062854,0.09501187648455517,0.095011876484552,-0.011863803535416828,827.2727272727274,0.9686609686609687,-1,0.011863803535416828,0
NSE:21STCENMGM-EQ,SELL,2026-07-16 05:38:00,32.13,2026-07-16 06:00:00,32.73,-0.5999999999999943,0,22.0,21STCENMGM,2026-07-16 05:38:00,NSE:21STCENMGM-EQ,32.13,32.13,32.13,32.13,0,32.39979465265839,32.40850594304853,32.41399437121936,32.41084632912457,SELL,-0.008711290390138515,-0.0268796420465876,0.0,-1.0775862068965303,2026-07-16 05:38:00,0.0,0.0,0.0,-1.0775862068965303,,0.0,-1,1.0775862068965303,0
NSE:AARTECH-BE,SELL,2026-07-16 05:41:00,48.56,2026-07-16 06:25:00,49.3,-0.7399999999999949,0,44.0,AARTECH-BE,2026-07-16 05:41:00,NSE:AARTECH-BE,48.56,48.56,48.56,48.56,0,48.89621926381548,48.90142255092576,48.91391501454261,48.90429164799236,SELL,-0.005203287110276733,-0.01064035939825278,0.0,-0.08230452674896638,2026-07-16 05:41:00,0.0,0.0,0.0,-0.08230452674896638,-100.0,0.0,-1,0.08230452674896638,0
NSE:ABCOTS-EQ,BUY,2026-07-16 05:58:00,207.12,2026-07-16 05:59:00,206.7,-0.4200000000000159,0,1.0,ABCOTS,2026-07-16 05:58:00,NSE:ABCOTS-EQ,207.12,207.12,207.12,207.12,0,207.112620058307,207.1123193677707,207.11223164032316,207.11225482464272,BUY,0.00030069053627812536,0.00014518235187361655,0.0,0.0,2026-07-16 05:58:00,0.0,0.0,0.0,0.0,,,1,0.0,0
NSE:ABCOTS-EQ,SELL,2026-07-16 05:59:00,206.7,2026-07-16 07:07:00,207.12,-0.4200000000000159,0,68.0,ABCOTS,2026-07-16 05:59:00,NSE:ABCOTS-EQ,207.12,207.12,206.7,206.7,607,207.09198905539165,207.10888337303928,207.112620058307,207.1123193677707,SELL,-0.016894317647626167,-0.008157215360577532,-0.2027809965237659,-0.2027809965237659,2026-07-16 05:59:00,0.20319303338172034,-0.202780996523762,-0.2027809965237659,-0.2027809965237659,inf,5.0,-1,0.2027809965237659,0
NSE:21STCENMGM-EQ,BUY,2026-07-16 06:00:00,32.73,2026-07-16 06:06:00,32.19,-0.5399999999999991,0,6.0,21STCENMGM,2026-07-16 06:00:00,NSE:21STCENMGM-EQ,32.73,32.73,32.73,32.73,0,32.41757714770498,32.4068428674826,32.40113383968945,32.40412726132699,BUY,0.010734280222379766,0.033123498843358995,0.0,1.0185185185185075,2026-07-16 06:00:00,0.0,0.0,0.0,1.0185185185185075,-100.0,0.0,1,1.0185185185185075,0
NSE:ACL-EQ,SELL,2026-07-16 06:04:00,49.59,2026-07-17 04:06:00,49.87,-0.279999999999994,0,1322.0,ACL,2026-07-16 06:04:00,NSE:ACL-EQ,49.6,49.6,49.59,49.59,1,49.70496810094275,49.70500255361855,49.71101905362394,49.70596896163215,SELL,-3.445267579849087e-05,-6.931430244133988e-05,-0.02016129032257341,-0.02016129032257341,2026-07-16 06:04:00,0.020165355918527948,-0.020161290322576634,-0.02016129032257341,-0.02016129032257341,inf,5.0,-1,0.02016129032257341,0
NSE:21STCENMGM-EQ,SELL,2026-07-16 06:06:00,32.19,2026-07-16 06:36:00,33.12,-0.9299999999999996,0,30.0,21STCENMGM,2026-07-16 06:06:00,NSE:21STCENMGM-EQ,32.19,32.19,32.19,32.19,0,32.40017386983201,32.40489157164548,32.41123565245474,32.40669738317191,SELL,-0.0047177018134689774,-0.014558610088351605,0.0,-1.6498625114573784,2026-07-16 06:06:00,0.0,0.0,0.0,-1.6498625114573784,,0.0,-1,1.6498625114573784,0
NSE:3PLAND-EQ,SELL,2026-07-16 06:07:00,31.95,2026-07-16 07:00:00,32.7,-0.7500000000000036,0,53.0,3PLAND,2026-07-16 06:07:00,NSE:3PLAND-EQ,31.95,31.95,31.95,31.95,0,32.49768946531765,32.4982437673713,32.526515226650154,32.50285085785341,SELL,-0.0005543020536507015,-0.001705636949548728,0.0,0.0,2026-07-16 06:07:00,0.0,0.0,0.0,0.0,,,-1,-0.0,0
NSE:ABCAPITAL-EQ,SELL,2026-07-16 06:15:00,401.5,2026-07-17 06:25:00,399.85,1.6499999999999773,1,1450.0,ABCAPITAL,2026-07-16 06:15:00,NSE:ABCAPITAL-EQ,401.65,401.9,401.4,401.5,6883,403.02262357430834,403.0460196725447,403.1027616571666,403.05901143449887,SELL,-0.02339609823633282,-0.0058048205649918125,-0.02490039840638003,-0.495662949194553,2026-07-16 06:15:00,0.12453300124533001,-0.03734594796464018,-0.02490039840638003,-0.495662949194553,28.89513108614232,0.2604907808289685,-1,0.495662949194553,1
NSE:AARTECH-BE,BUY,2026-07-16 06:25:00,49.3,2026-07-16 06:48:00,48.6,-0.6999999999999957,0,23.0,AARTECH-BE,2026-07-16 06:25:00,NSE:AARTECH-BE,49.3,49.3,49.3,49.3,0,48.86896498123468,48.85409526706325,48.84627892761545,48.85034816846714,BUY,0.014869714171432236,0.030436986070760765,0.0,0.0,2026-07-16 06:25:00,0.0,0.0,0.0,0.0,,,1,0.0,0
NSE:21STCENMGM-EQ,BUY,2026-07-16 06:36:00,33.12,2026-07-20 06:24:00,33.89,0.7700000000000031,1,5748.0,21STCENMGM,2026-07-16 06:36:00,NSE:21STCENMGM-EQ,33.12,33.12,33.12,33.12,0,32.41199217360852,32.388937977655104,32.37472860379844,32.38279459931607,BUY,0.023054195953413625,0.0711792278256192,0.0,2.857142857142847,2026-07-16 06:36:00,0.0,0.0,0.0,2.857142857142847,,0.0,1,2.857142857142847,1
NSE:AARTECH-BE,SELL,2026-07-16 06:48:00,48.6,2026-07-16 09:27:00,48.6,0.0,0,159.0,AARTECH-BE,2026-07-16 06:48:00,NSE:AARTECH-BE,48.6,48.6,48.6,48.6,0,48.86510969125372,48.87045378517162,48.879062832898654,48.87272650605541,SELL,-0.005344093917898363,-0.010935224668447582,0.0,0.0,2026-07-16 06:48:00,0.0,0.0,0.0,0.0,,,-1,-0.0,0
NSE:ABMINTLLTD-EQ,BUY,2026-07-16 06:56:00,41.5,2026-07-16 09:58:00,40.16,-1.3400000000000034,0,182.0,ABMINTLLTD,2026-07-16 06:56:00,NSE:ABMINTLLTD-EQ,41.5,41.5,41.5,41.5,0,40.276195205868206,40.224683201926624,40.21178442722969,40.213966254043655,BUY,0.05151200394158195,0.12806068274793697,0.0,3.750000000000009,2026-07-16 06:56:00,0.0,0.0,0.0,3.750000000000009,,0.0,1,3.750000000000009,0
NSE:3PLAND-EQ,BUY,2026-07-16 07:00:00,32.7,2026-07-16 07:42:00,31.95,-0.7500000000000036,0,42.0,3PLAND,2026-07-16 07:00:00,NSE:3PLAND-EQ,32.7,32.7,32.7,32.7,0,32.40603645492288,32.39583584179039,32.3905646893925,32.3932798404609,BUY,0.010200613132489877,0.03148742073612795,0.0,0.0,2026-07-16 07:00:00,0.0,0.0,0.0,0.0,,,1,0.0,0
NSE:ABCOTS-EQ,BUY,2026-07-16 07:07:00,207.12,2026-07-16 07:10:00,206.85,-0.2700000000000102,0,3.0,ABCOTS,2026-07-16 07:07:00,NSE:ABCOTS-EQ,207.12,207.12,207.12,207.12,0,207.0934783363292,207.09312029242108,207.0920824592939,207.09289441252545,BUY,0.00035804390813609643,0.00017289029574257646,0.0,0.0,2026-07-16 07:07:00,0.0,0.0,0.0,0.0,,,1,0.0,0
NSE:ABFRL-EQ,SELL,2026-07-16 07:07:00,59.36,2026-07-20 04:15:00,58.23,1.1300000000000026,1,5588.0,ABFRL,2026-07-16 07:07:00,NSE:ABFRL-EQ,59.4,59.42,59.36,59.36,1308,59.44305546181155,59.44645920753147,59.4474268019069,59.44718575549392,SELL,-0.003403745719921858,-0.005725733315821485,-0.10097610232245868,-0.10097610232245868,2026-07-16 07:07:00,0.10107816711590678,-0.0673400673400659,-0.10097610232245868,-0.10097610232245868,2194.736842105263,2.3601587874413568,-1,0.10097610232245868,1
NSE:ABCOTS-EQ,SELL,2026-07-16 07:10:00,206.85,2026-07-16 07:22:00,207.11,-0.2600000000000193,0,12.0,ABCOTS,2026-07-16 07:10:00,NSE:ABCOTS-EQ,207.12,207.12,206.85,206.85,95,207.0837609886103,207.09153670072683,207.09606419853716,207.09356642090103,SELL,-0.00777571211654049,-0.0037547223031993656,-0.13035921205099,-0.13035921205099,2026-07-16 07:10:00,0.13052936910805424,-0.13035921205098988,-0.13035921205099,-0.13035921205099,inf,5.0,-1,0.13035921205099,0
NSE:ACSTECH-EQ,BUY,2026-07-16 07:13:00,43.64,2026-07-16 08:00:00,42.9,-0.740000000000002,0,47.0,ACSTECH,2026-07-16 07:13:00,NSE:ACSTECH-EQ,43.64,43.64,43.64,43.64,0,43.18534424266868,43.17538708941901,43.161414992282815,43.171482779246055,BUY,0.009957153249665396,0.02306210533571706,0.0,0.0,2026-07-16 07:13:00,0.0,0.0,0.0,0.0,,,1,0.0,0
NSE:ABCOTS-EQ,BUY,2026-07-16 07:22:00,207.11,2026-07-16 07:46:00,207.08,-0.0300000000000011,0,24.0,ABCOTS,2026-07-16 07:22:00,NSE:ABCOTS-EQ,207.11,207.11,207.11,207.11,0,207.09283347479945,207.09259926370532,207.09192997347316,207.0924530390306,BUY,0.00023421109412424812,0.00011309486430560994,0.0,0.0,2026-07-16 07:22:00,0.0,0.0,0.0,0.0,,,1,0.0,0
NSE:SBIN-EQ,SELL,2026-07-16 07:23:00,1028.6,2026-07-16 08:00:00,1030.3,-1.7000000000000457,0,37.0,SBIN,2026-07-16 07:23:00,NSE:SBIN-EQ,1029.6,1029.6,1028.4,1028.6,23065,1029.759760647377,1029.7623545562913,1029.8208006814498,1029.772122241638,SELL,-0.0025939089141502336,-0.00025189393481643725,-0.09712509712509476,-0.03887269193392218,2026-07-16 07:23:00,0.11666342601592632,-0.09712509712509713,-0.09712509712509476,-0.03887269193392218,-53.40686423045068,0.8319806658731017,-1,0.03887269193392218,0
NSE:ACMESOLAR-EQ,SELL,2026-07-16 07:39:00,392.35,2026-07-16 09:44:00,393.6,-1.25,0,125.0,ACMESOLAR,2026-07-16 07:39:00,NSE:ACMESOLAR-EQ,392.2,392.35,391.65,392.35,4570,393.8743894878036,393.88077707665866,393.9546205134774,393.8936407495718,SELL,-0.00638758885503421,-0.00162170616764855,0.03824579296278774,-0.2922490470139705,2026-07-16 07:39:00,0.1784121320249893,0.03824579296278279,0.03824579296278774,-0.2922490470139705,291.2671232876712,1.7678916827852997,-1,0.2922490470139705,0
NSE:3PLAND-EQ,SELL,2026-07-16 07:42:00,31.95,2026-07-16 09:07:00,32.64,-0.6900000000000013,0,85.0,3PLAND,2026-07-16 07:42:00,NSE:3PLAND-EQ,31.95,31.95,31.95,31.95,0,32.439658427131086,32.44330192291668,32.46542992329588,32.44744731722691,SELL,-0.0036434957855959738,-0.011230348237219193,0.0,0.0,2026-07-16 07:42:00,0.0,0.0,0.0,0.0,,,-1,-0.0,0
NSE:ABCOTS-EQ,SELL,2026-07-16 07:46:00,207.08,2026-07-16 08:37:00,207.38,-0.2999999999999829,0,51.0,ABCOTS,2026-07-16 07:46:00,NSE:ABCOTS-EQ,207.08,207.08,207.08,207.08,0,207.09294967123256,207.09335711228505,207.0936312328764,207.09346935692605,SELL,-0.0004074410524879113,-0.00019674269526037897,0.0,0.0,2026-07-16 07:46:00,0.0,0.0,0.0,0.0,,,-1,-0.0,0
NSE:AARON-EQ,SELL,2026-07-16 07:51:00,116.56,2026-07-16 08:59:00,118.4,-1.8400000000000036,0,68.0,AARON,2026-07-16 07:51:00,NSE:AARON-EQ,116.56,116.56,116.56,116.56,0,117.28080926827604,117.30357036348656,117.31874659818531,117.30981885393602,SELL,-0.022761095210512394,-0.01940358263604678,0.0,-0.7915567282321789,2026-07-16 07:51:00,0.0,0.0,0.0,-0.7915567282321789,,0.0,-1,0.7915567282321789,0
NSE:AAATECH-EQ,SELL,2026-07-16 07:51:00,94.0,2026-07-16 08:12:00,94.45,-0.4500000000000028,0,21.0,AAATECH,2026-07-16 07:51:00,NSE:AAATECH-EQ,94.0,94.0,94.0,94.0,0,94.06162963573404,94.06166520813105,94.06487330077267,94.06218340315736,SELL,-3.557239701024173e-05,-3.781816633963516e-05,0.0,0.0,2026-07-16 07:51:00,0.0,0.0,0.0,0.0,,,-1,-0.0,0
NSE:20MICRONS-EQ,SELL,2026-07-16 08:00:00,205.23,2026-07-17 07:44:00,203.4,1.829999999999984,1,1424.0,20MICRONS,2026-07-16 08:00:00,NSE:20MICRONS-EQ,205.71,205.71,205.0,205.23,4731,205.9281348125115,205.95335844118856,205.96487875001213,205.9594370835515,SELL,-0.025223628677053966,-0.012247252906175236,-0.23333819454572913,-0.23333819454572913,2026-07-16 08:00:00,0.3459533206646241,-0.23333819454572852,-0.23333819454572913,-0.23333819454572913,inf,5.0,-1,0.23333819454572913,1
NSE:ACSTECH-EQ,SELL,2026-07-16 08:00:00,42.9,2026-07-16 08:27:00,43.38,-0.480000000000004,0,27.0,ACSTECH,2026-07-16 08:00:00,NSE:ACSTECH-EQ,42.9,42.9,42.9,42.9,0,43.2525119421051,43.266798607548026,43.2710652022159,43.26988094878793,SELL,-0.014286665442924118,-0.03301992729462486,0.0,0.046641791044765846,2026-07-16 08:00:00,0.0,0.0,0.0,0.046641791044765846,,0.0,-1,-0.046641791044765846,0
NSE:SBIN-EQ,BUY,2026-07-16 08:00:00,1030.3,2026-07-16 08:01:00,1029.5,-0.7999999999999545,0,1.0,SBIN,2026-07-16 08:00:00,NSE:SBIN-EQ,1030.4,1030.8,1029.5,1030.3,45797,1029.723835493858,1029.715033041516,1029.6935110461663,1029.710117352789,BUY,0.008802452341797107,0.0008548435304277245,-0.009704968944113102,0.04855311711011723,2026-07-16 08:00:00,0.12617684169658883,-0.009704968944112618,-0.009704968944113102,0.04855311711011723,-36.07966837411196,1.4949924266165258,1,0.04855311711011723,0
NSE:SBIN-EQ,SELL,2026-07-16 08:01:00,1029.5,2026-07-16 08:02:00,1030.0,-0.5,0,1.0,SBIN,2026-07-16 08:01:00,NSE:SBIN-EQ,1030.2,1030.5,1029.5,1029.5,7601,1029.712643719165,1029.7132410995032,1029.723835493858,1029.715033041516,SELL,-0.0005973803381493781,-5.801424263628091e-05,-0.0776472871979017,-0.038838722206047116,2026-07-16 08:01:00,0.09713453132588634,-0.06794797126771941,-0.0776472871979017,-0.038838722206047116,-83.40284298098129,0.24156692748225034,-1,0.038838722206047116,0
NSE:SBIN-EQ,BUY,2026-07-16 08:02:00,1030.0,2026-07-16 08:07:00,1028.6,-1.400000000000091,0,5.0,SBIN,2026-07-16 08:02:00,NSE:SBIN-EQ,1029.5,1030.0,1029.2,1030.0,9998,1029.727011533207,1029.7156307570074,1029.712643719165,1029.7132410995032,BUY,0.011380776199530374,0.0011052348686951235,0.048567265662935455,0.01942124684404245,2026-07-16 08:02:00,0.07766990291261694,0.04856726566294317,0.048567265662935455,0.01942124684404245,31.535324299434286,0.32808510917575096,1,0.01942124684404245,0
NSE:RELIANCE-EQ,SELL,2026-07-16 08:03:00,1302.8,2026-07-17 03:55:00,1310.4,-7.600000000000136,0,1192.0,RELIANCE,2026-07-16 08:03:00,NSE:RELIANCE-EQ,1302.9,1303.2,1302.8,1302.8,24831,1304.1295201162666,1304.132627900847,1304.199494859228,1304.1438264546357,SELL,-0.0031077845803793025,-0.00023830280094913682,-0.007675186123279332,-0.09202453987730008,2026-07-16 08:03:00,0.030703101013209316,-0.007675186123273959,-0.007675186123279332,-0.09202453987730008,43.18417714219813,1.0720761950815143,-1,0.09202453987730008,0
NSE:SBIN-EQ,SELL,2026-07-16 08:07:00,1028.6,2026-07-16 08:26:00,1032.2,-3.6000000000001364,0,19.0,SBIN,2026-07-16 08:07:00,NSE:SBIN-EQ,1029.5,1029.6,1028.4,1028.6,20935,1029.669510415738,1029.7066157585043,1029.725800437619,1029.7159150505925,SELL,-0.037105342766381,-0.003603486876604012,-0.09712509712509476,-0.13592233009709354,2026-07-16 08:07:00,0.11666342601592632,-0.08742107819330655,-0.09712509712509476,-0.13592233009709354,301.51515151515156,2.1291851429966235,-1,0.13592233009709354,0
NSE:AAATECH-EQ,BUY,2026-07-16 08:12:00,94.45,2026-07-16 09:00:00,93.75,-0.7000000000000028,0,48.0,AAATECH,2026-07-16 08:12:00,NSE:AAATECH-EQ,94.45,94.45,94.45,94.45,0,94.06486368897312,94.059196099273,94.04459335681382,94.05591203288031,BUY,0.005667589700124154,0.006025556176498047,0.0,0.4787234042553212,2026-07-16 08:12:00,0.0,0.0,0.0,0.4787234042553212,-100.0,0.0,1,0.4787234042553212,0
NSE:SBIN-EQ,BUY,2026-07-16 08:26:00,1032.2,2026-07-17 08:24:00,1038.9,6.7000000000000455,1,1438.0,SBIN,2026-07-16 08:26:00,NSE:SBIN-EQ,1031.4,1032.8,1031.1,1032.2,47594,1029.77643295367,1029.6900880568558,1029.6488767933365,1029.6689963598546,BUY,0.08634489681435298,0.008385522771933813,0.07756447547022649,0.18441230709502765,2026-07-16 08:26:00,0.16469676419299026,0.07756447547023022,0.07756447547022649,0.18441230709502765,42.56530074287084,1.248720949147562,1,0.18441230709502765,1
NSE:ACSTECH-EQ,BUY,2026-07-16 08:27:00,43.38,2026-07-16 08:34:00,43.01,-0.3700000000000045,0,7.0,ACSTECH,2026-07-16 08:27:00,NSE:ACSTECH-EQ,43.38,43.38,43.38,43.38,0,43.25635002156808,43.2528563307262,43.2498421279664,43.25178789653062,BUY,0.0034936908418785606,0.008077364452337204,0.0,0.0,2026-07-16 08:27:00,0.0,0.0,0.0,0.0,,,1,0.0,0
NSE:ACSTECH-EQ,SELL,2026-07-16 08:34:00,43.01,2026-07-16 09:14:00,43.5,-0.490000000000002,0,40.0,ACSTECH,2026-07-16 08:34:00,NSE:ACSTECH-EQ,43.01,43.01,43.01,43.01,0,43.2408793583998,43.25091705002366,43.25303090357873,43.25294156304907,SELL,-0.01003769162385737,-0.023208043455466752,0.0,-0.8529276164131017,2026-07-16 08:34:00,0.0,0.0,0.0,-0.8529276164131017,,0.0,-1,0.8529276164131017,0
NSE:ABCOTS-EQ,BUY,2026-07-16 08:37:00,207.38,2026-07-16 08:39:00,206.1,-1.2800000000000011,0,2.0,ABCOTS,2026-07-16 08:37:00,NSE:ABCOTS-EQ,207.38,207.38,207.38,207.38,0,207.05029528377605,207.04352057459923,207.0329424039748,207.04069301640257,BUY,0.00677470917682399,0.0032721184212973304,0.0,0.0,2026-07-16 08:37:00,0.0,0.0,0.0,0.0,,,1,0.0,0
NSE:ABCOTS-EQ,SELL,2026-07-16 08:39:00,206.1,2026-07-16 08:42:00,207.2,-1.0999999999999943,0,3.0,ABCOTS,2026-07-16 08:39:00,NSE:ABCOTS-EQ,207.38,207.38,206.1,206.1,1,207.0184414936079,207.0384385317292,207.06678051958724,207.0463245698109,SELL,-0.0199970381213177,-0.009658611349241362,-0.6172244189410758,-0.6172244189410758,2026-07-16 08:39:00,0.6210577389616697,-0.6172244189410749,-0.6172244189410758,-0.6172244189410758,inf,5.0,-1,0.6172244189410758,0
NSE:ABCOTS-EQ,BUY,2026-07-16 08:42:00,207.2,2026-07-17 04:33:00,206.4,-0.799999999999983,0,1191.0,ABCOTS,2026-07-16 08:42:00,NSE:ABCOTS-EQ,207.2,207.2,207.2,207.2,0,207.0443362755821,207.04244400329293,207.03614344798115,207.0411200033206,BUY,0.0018922722891829835,0.0009139538022227402,0.0,-0.08679718391358948,2026-07-16 08:42:00,0.0,0.0,0.0,-0.08679718391358948,,0.0,1,-0.08679718391358948,0
NSE:AARTIDRUGS-EQ,BUY,2026-07-16 08:47:00,421.4,2026-07-16 09:38:00,420.15,-1.25,0,51.0,AARTIDRUGS,2026-07-16 08:47:00,NSE:AARTIDRUGS-EQ,421.4,421.4,421.4,421.4,0,421.123838065156,421.1134362983892,421.10930322648,421.1110282000563,BUY,0.010401766766790388,0.002470062902343488,0.0,-0.14218009478673688,2026-07-16 08:47:00,0.0,0.0,0.0,-0.14218009478673688,-100.0,0.0,1,-0.14218009478673688,0
NSE:AARON-EQ,BUY,2026-07-16 08:59:00,118.4,2026-07-17 04:51:00,117.0,-1.4000000000000057,0,1192.0,AARON,2026-07-16 08:59:00,NSE:AARON-EQ,118.18,118.4,118.18,118.4,255,117.223088089848,117.17497614487468,117.16114535773474,117.1646818267644,BUY,0.04811194497332849,0.04105991445975894,0.6802721088435382,0.7745340028938674,2026-07-16 08:59:00,0.18581081081080986,0.18615671010323137,0.6802721088435382,0.7745340028938674,inf,2.5247524752475248,1,0.7745340028938674,0
NSE:AAATECH-EQ,SELL,2026-07-16 09:00:00,93.75,2026-07-16 09:45:00,94.26,-0.5100000000000051,0,45.0,AAATECH,2026-07-16 09:00:00,NSE:AAATECH-EQ,93.75,93.75,93.75,93.75,0,94.12678836056196,94.12970579031438,94.14661932690734,94.132896595275,SELL,-0.002917429752415046,-0.0030993720079333757,0.0,0.0,2026-07-16 09:00:00,0.0,0.0,0.0,0.0,,,-1,-0.0,0
NSE:3PLAND-EQ,BUY,2026-07-16 09:07:00,32.64,2026-07-17 04:36:00,31.5,-1.1400000000000006,0,1169.0,3PLAND,2026-07-16 09:07:00,NSE:3PLAND-EQ,32.64,32.64,32.64,32.64,0,32.261190456747975,32.25736644867934,32.241253112366294,32.25415104068505,BUY,0.0038240080686335887,0.011854681549150918,0.0,0.0,2026-07-16 09:07:00,0.0,0.0,0.0,0.0,,,1,0.0,0
NSE:AARVI-EQ,SELL,2026-07-16 09:07:00,153.65,2026-07-17 03:47:00,156.6,-2.9499999999999886,0,1120.0,AARVI,2026-07-16 09:07:00,NSE:AARVI-EQ,153.65,153.65,153.65,153.65,0,153.85276142333754,153.85704924868384,153.8634330771974,153.85878915833663,SELL,-0.004287825346295904,-0.0027868891072812406,0.0,0.097719869706836,2026-07-16 09:07:00,0.0,0.0,0.0,0.097719869706836,-100.0,0.0,-1,-0.097719869706836,0
NSE:ACSTECH-EQ,BUY,2026-07-16 09:14:00,43.5,2026-07-16 09:33:00,43.01,-0.490000000000002,0,19.0,ACSTECH,2026-07-16 09:14:00,NSE:ACSTECH-EQ,43.5,43.5,43.5,43.5,0,43.21737253425359,43.21311063830401,43.20249740447747,43.21069980333178,BUY,0.004261895949582595,0.009862506740731733,0.0,0.0,2026-07-16 09:14:00,0.0,0.0,0.0,0.0,,0.0,1,0.0,0
NSE:ABSMARINE-ST,BUY,2026-07-16 09:15:00,221.9,2026-07-16 09:21:00,218.4,-3.5,0,6.0,ABSMARINE-ST,2026-07-16 09:15:00,NSE:ABSMARINE-ST,221.9,221.9,221.9,221.9,0,221.33430732623805,221.32621800666692,221.304534027619,221.321396309244,BUY,0.008089319571126907,0.003654930556344317,0.0,0.0,2026-07-16 09:15:00,0.0,0.0,0.0,0.0,,,1,0.0,0
NSE:ABSMARINE-ST,SELL,2026-07-16 09:21:00,218.4,2026-07-17 04:35:00,223.7,-5.299999999999983,0,1154.0,ABSMARINE-ST,2026-07-16 09:21:00,NSE:ABSMARINE-ST,221.9,221.9,218.4,218.4,7000,221.30916390293143,221.32514934971783,221.46227779255943,221.3497304366903,SELL,-0.015985446786402235,-0.007222607477446446,-1.577287066246058,-1.577287066246058,2026-07-16 09:21:00,1.6025641025641024,-1.5772870662460567,-1.577287066246058,-1.577287066246058,inf,5.0,-1,1.577287066246058,0
NSE:AARTECH-BE,BUY,2026-07-16 09:27:00,48.6,2026-07-16 09:45:00,48.3,-0.3000000000000042,0,18.0,AARTECH-BE,2026-07-16 09:27:00,NSE:AARTECH-BE,48.6,48.6,48.6,48.6,0,48.590754468247,48.59046578485899,48.59026786131263,48.59038566540402,BUY,0.0002886833880069162,0.0005941152926689401,0.0,0.0,2026-07-16 09:27:00,0.0,0.0,0.0,0.0,,,1,0.0,0
NSE:INFY-EQ,SELL,2026-07-16 09:31:00,1087.5,2026-07-17 03:48:00,1111.5,-24.0,0,1097.0,INFY,2026-07-16 09:31:00,NSE:INFY-EQ,1088.6,1088.6,1087.2,1087.5,51030,1088.8416652941328,1088.8683174224243,1088.912279256982,1088.879815888159,SELL,-0.02665212829151642,-0.0024476906771066223,-0.10104721660847416,-0.07350914269962372,2026-07-16 09:31:00,0.1287356321838955,-0.10104721660847962,-0.10104721660847416,-0.07350914269962372,-5.5874190564292325,1.7751417539221483,-1,0.07350914269962372,0
NSE:ACSTECH-EQ,SELL,2026-07-16 09:33:00,43.01,2026-07-16 09:34:00,43.5,-0.490000000000002,0,1.0,ACSTECH,2026-07-16 09:33:00,NSE:ACSTECH-EQ,43.01,43.01,43.01,43.01,0,43.21217171839022,43.219735098018624,43.2228123351476,43.2214975778339,SELL,-0.007563379628400924,-0.01749982875010185,0.0,0.0,2026-07-16 09:33:00,0.0,0.0,0.0,0.0,,,-1,-0.0,0
NSE:ACSTECH-EQ,BUY,2026-07-16 09:34:00,43.5,2026-07-17 03:53:00,42.53,-0.9699999999999988,0,1099.0,ACSTECH,2026-07-16 09:34:00,NSE:ACSTECH-EQ,43.01,43.5,43.01,43.5,300,43.22656313247071,43.22207063886847,43.21217171839022,43.219735098018624,BUY,0.00449249360223547,0.01039398051928472,1.139269937223908,1.139269937223908,2026-07-16 09:34:00,1.1264367816092,1.1392699372239061,1.139269937223908,1.139269937223908,inf,5.0,1,1.139269937223908,0
NSE:AARTIDRUGS-EQ,SELL,2026-07-16 09:38:00,420.15,2026-07-17 08:09:00,417.6,2.5499999999999545,1,1351.0,AARTIDRUGS,2026-07-16 09:38:00,NSE:AARTIDRUGS-EQ,420.1,420.6,420.0,420.15,1243,421.1429218033188,421.1804837420447,421.19518084559866,421.1891432692888,SELL,-0.037561938725900745,-0.008918252429973903,0.011901928112334481,-0.15446768060837224,2026-07-16 09:38:00,0.14280614066405398,0.011901928112343375,0.011901928112334481,-0.15446768060837224,723.1788079470199,3.025803310613437,-1,0.15446768060837224,1
NSE:ACMESOLAR-EQ,BUY,2026-07-16 09:44:00,393.6,2026-07-17 04:01:00,390.2,-3.400000000000034,0,1097.0,ACMESOLAR,2026-07-16 09:44:00,NSE:ACMESOLAR-EQ,394.0,394.0,393.55,393.6,3433,392.0780573537635,392.0416438744588,391.9979551092247,392.0285484448325,BUY,0.036413479304655993,0.009288166161326593,-0.10152284263958977,-0.06347594261775225,2026-07-16 09:44:00,0.11432926829268003,-0.10152284263958815,-0.10152284263958977,-0.06347594261775225,-25.596012136974423,0.38266898519707504,1,-0.06347594261775225,0
NSE:AAATECH-EQ,BUY,2026-07-16 09:45:00,94.26,2026-07-16 09:50:00,93.75,-0.5100000000000051,0,5.0,AAATECH,2026-07-16 09:45:00,NSE:AAATECH-EQ,94.26,94.26,94.26,94.26,0,94.08577256284975,94.0788155761731,94.0766026977366,94.07729301798967,BUY,0.006956986676655674,0.007394849344189275,0.0,0.0,2026-07-16 09:45:00,0.0,0.0,0.0,0.0,,,1,0.0,0
NSE:AARTECH-BE,SELL,2026-07-16 09:45:00,48.3,2026-07-17 07:37:00,48.45,-0.1500000000000056,0,1312.0,AARTECH-BE,2026-07-16 09:45:00,NSE:AARTECH-BE,48.6,48.6,48.3,48.3,206,48.58132754240596,48.58929898089115,48.596134255164166,48.591730064764185,SELL,-0.00797143848519255,-0.016405749110164153,-0.6172839506172978,-0.6172839506172978,2026-07-16 09:45:00,0.6211180124223692,-0.6172839506172927,-0.6172839506172978,-0.6172839506172978,inf,5.0,-1,0.6172839506172978,0
NSE:AAATECH-EQ,SELL,2026-07-16 09:50:00,93.75,2026-07-16 09:54:00,94.2,-0.4500000000000028,0,4.0,AAATECH,2026-07-16 09:50:00,NSE:AAATECH-EQ,93.75,94.2,93.75,93.75,66,94.07546113034368,94.0777755654754,94.09259066351966,94.08052998199202,SELL,-0.002314435131722803,-0.002460129523483496,0.0,-0.5410566518141313,2026-07-16 09:50:00,0.480000000000003,0.0,0.0,-0.5410566518141313,34.6938775510204,2.869565217391304,-1,0.5410566518141313,0
NSE:AAATECH-EQ,BUY,2026-07-16 09:54:00,94.2,2026-07-17 06:30:00,94.51,0.3100000000000023,1,1236.0,AAATECH,2026-07-16 09:54:00,NSE:AAATECH-EQ,94.2,94.2,94.2,94.2,0,94.079271374797,94.07814203970284,94.0729172366284,94.07711802322972,BUY,0.0011293350941627978,0.0012004224038418998,0.0,0.48000000000001375,2026-07-16 09:54:00,0.0,0.0,0.0,0.48000000000001375,,0.0,1,0.48000000000001375,1
NSE:ABMKNO-EQ,BUY,2026-07-16 09:54:00,203.0,2026-07-16 09:59:00,200.0,-3.0,0,5.0,ABMKNO,2026-07-16 09:54:00,NSE:ABMKNO-EQ,203.0,203.0,203.0,203.0,0,201.9621624109232,201.93030376155536,201.90753937991911,201.9213147175348,BUY,0.0318586493678481,0.015777052168191474,0.0,0.0,2026-07-16 09:54:00,0.0,0.0,0.0,0.0,,0.0,1,0.0,0
NSE:AAKAAR-SM,BUY,2026-07-16 09:54:00,71.0,2026-07-20 09:32:00,69.0,-2.0,0,5738.0,AAKAAR-SM,2026-07-16 09:54:00,NSE:AAKAAR-SM,70.2,71.0,70.2,71.0,1600,70.23944628740773,70.21446044269571,70.19941714463971,70.20785926994525,BUY,0.024985844712020366,0.03558504125003157,1.139601139601143,1.139601139601143,2026-07-16 09:54:00,1.1267605633802777,1.1396011396011354,1.139601139601143,1.139601139601143,inf,5.0,1,1.139601139601143,0
NSE:ABMINTLLTD-EQ,SELL,2026-07-16 09:58:00,40.16,2026-07-20 08:11:00,44.17,-4.010000000000005,0,5653.0,ABMINTLLTD,2026-07-16 09:58:00,NSE:ABMINTLLTD-EQ,40.16,40.16,40.16,40.16,0,41.1449151372777,41.1562949664544,41.196752776081794,41.16466719306327,SELL,-0.011379829176703993,-0.027650276065859288,0.0,0.0,2026-07-16 09:58:00,0.0,0.0,0.0,0.0,,,-1,-0.0,0
NSE:ABMKNO-EQ,SELL,2026-07-16 09:59:00,200.0,2026-07-17 04:58:00,203.89,-3.8899999999999855,0,1139.0,ABMKNO,2026-07-16 09:59:00,NSE:ABMKNO-EQ,200.0,200.0,200.0,200.0,117,201.90444105735136,201.9243460915021,202.004674797212,201.94051706706088,SELL,-0.019905034150724532,-0.009857669239005265,0.0,-1.4778325123152691,2026-07-16 09:59:00,0.0,0.0,0.0,-1.4778325123152691,350.0,4.090909090909091,-1,1.4778325123152691,0
NSE:AARVI-EQ,BUY,2026-07-17 03:47:00,156.6,2026-07-17 06:52:00,154.88,-1.7199999999999989,0,185.0,AARVI,2026-07-17 03:47:00,NSE:AARVI-EQ,156.45,156.7,156.3,156.6,180,153.88266176224948,153.77266184334843,153.73964396026264,153.7489026991749,BUY,0.1099999189010532,0.07153411899256353,-1.1987381703470024,3.026315789473677,2026-07-17 03:47:00,0.25542784163472365,0.09587727708533442,-1.1987381703470024,3.026315789473677,-87.00361010830325,0.23523261892315733,1,3.026315789473677,0
NSE:INFY-EQ,BUY,2026-07-17 03:48:00,1111.5,2026-07-17 08:58:00,1095.0,-16.5,0,310.0,INFY,2026-07-17 03:48:00,NSE:INFY-EQ,1112.9,1113.0,1111.5,1111.5,140896,1089.027791495147,1088.2801217973588,1087.8450436791022,1088.084996770446,BUY,0.7476696977882966,0.06870195300025109,-0.10784578053384397,2.517985611510798,2026-07-17 03:48:00,0.1349527665317139,-0.12579746607962,-0.10784578053384397,2.517985611510798,-15.072241879193015,0.5213026053290553,1,2.517985611510798,0
NSE:ACSTECH-EQ,SELL,2026-07-17 03:53:00,42.53,2026-07-20 08:15:00,41.71,0.8200000000000003,1,4582.0,ACSTECH,2026-07-17 03:53:00,NSE:ACSTECH-EQ,42.53,42.53,42.53,42.53,0,43.22071160384526,43.243486890901565,43.2570648461529,43.249482579060405,SELL,-0.02277528705630516,-0.05266755457015906,0.0,-1.3453954998840167,2026-07-17 03:53:00,0.0,0.0,0.0,-1.3453954998840167,-100.0,0.0,-1,1.3453954998840167,1
NSE:RELIANCE-EQ,BUY,2026-07-17 03:55:00,1310.4,2026-07-20 07:21:00,1327.1,16.699999999999818,1,4526.0,RELIANCE,2026-07-17 03:55:00,NSE:RELIANCE-EQ,1309.8,1310.8,1309.4,1310.4,52854,1302.4486636471136,1302.2550124676964,1302.0301722601196,1302.1865671943158,BUY,0.193651179417202,0.014870449916736696,0.03053435114503955,0.10695187165776776,2026-07-17 03:55:00,0.10683760683759642,0.04580852038480199,0.03053435114503955,0.10695187165776776,34.3996338300361,1.0724242461133904,1,0.10695187165776776,1
NSE:ACMESOLAR-EQ,SELL,2026-07-17 04:01:00,390.2,2026-07-17 04:56:00,396.5,-6.300000000000011,0,55.0,ACMESOLAR,2026-07-17 04:01:00,NSE:ACMESOLAR-EQ,390.45,390.45,390.1,390.2,924,392.20656496277513,392.2109111231397,392.31217364502646,392.2278095359392,SELL,-0.004346160364548268,-0.001108118168386125,-0.06402868485081425,-0.2046035805626678,2026-07-17 04:01:00,0.0896975909789764,-0.06402868485081317,-0.06402868485081425,-0.2046035805626678,-80.3446075303127,0.29990262901655307,-1,0.2046035805626678,0
NSE:AASTHA-EQ,BUY,2026-07-17 04:03:00,124.8,2026-07-17 04:17:00,116.14,-8.659999999999997,0,14.0,AASTHA,2026-07-17 04:03:00,NSE:AASTHA-EQ,124.2,124.8,124.2,124.8,1708,122.49257594326804,122.44296995318275,122.37113257186108,122.42316297799944,BUY,0.04960599008528277,0.04051354692249796,0.48309178743961567,-0.9523809523809601,2026-07-17 04:03:00,0.4807692307692262,0.4830917874396089,0.48309178743961567,-0.9523809523809601,153.78900445765228,0.6687548942834769,1,-0.9523809523809601,0
NSE:ACL-EQ,BUY,2026-07-17 04:06:00,49.87,2026-07-17 05:19:00,49.38,-0.4899999999999949,0,73.0,ACL,2026-07-17 04:06:00,NSE:ACL-EQ,49.87,49.87,49.87,49.87,0,49.50305274599777,49.4975835587737,49.48373973262923,49.49445400884743,BUY,0.005469187224072414,0.011049402477553821,0.0,0.7474747474747412,2026-07-17 04:06:00,0.0,0.0,0.0,0.7474747474747412,-100.0,0.0,1,0.7474747474747412,0
NSE:AASTHA-EQ,SELL,2026-07-17 04:17:00,116.14,2026-07-20 03:49:00,118.99,-2.8499999999999943,0,4292.0,AASTHA,2026-07-17 04:17:00,NSE:AASTHA-EQ,119.0,120.0,116.14,116.14,21803,122.36034551038767,122.4712701358297,122.68773211619757,122.52447408655097,SELL,-0.1109246254420242,-0.09057195644251961,-2.4033613445378132,-7.266049185563716,2026-07-17 04:17:00,3.323574995694851,-2.4033613445378146,-2.4033613445378132,-7.266049185563716,34.081544800442785,0.9414319887389138,-1,7.266049185563716,0
NSE:ABCOTS-EQ,SELL,2026-07-17 04:33:00,206.4,2026-07-17 09:34:00,204.89,1.510000000000019,1,301.0,ABCOTS,2026-07-17 04:33:00,NSE:ABCOTS-EQ,206.9,206.9,206.4,206.4,30,208.01032407692688,208.01888544321807,208.0950779757125,208.03248952257283,SELL,-0.008561366291189643,-0.004115667802444119,-0.24166263895601947,-0.5684555352153398,2026-07-17 04:33:00,0.24224806201550386,-0.2416626389560174,-0.24166263895601947,-0.5684555352153398,inf,0.12942191544434856,-1,0.5684555352153398,1
NSE:ABSMARINE-ST,BUY,2026-07-17 04:35:00,223.7,2026-07-17 09:56:00,226.2,2.5,1,321.0,ABSMARINE-ST,2026-07-17 04:35:00,NSE:ABSMARINE-ST,223.7,223.7,223.7,223.7,0,220.83849741808223,220.7747733526245,220.6878920190339,220.75019161609197,BUY,0.06372406545773401,0.028863834617532624,0.0,1.7049329393043822,2026-07-17 04:35:00,0.0,0.0,0.0,1.7049329393043822,-100.0,0.0,1,1.7049329393043822,1
NSE:3PLAND-EQ,SELL,2026-07-17 04:36:00,31.5,2026-07-17 04:42:00,32.69,-1.1899999999999975,0,6.0,3PLAND,2026-07-17 04:36:00,NSE:3PLAND-EQ,31.5,31.5,31.5,31.5,0,32.42745101523667,32.447530915087775,32.476264226564915,32.45549335975238,SELL,-0.0200798998511047,-0.06188421517696358,0.0,-3.106736388803444,2026-07-17 04:36:00,0.0,0.0,0.0,-3.106736388803444,,0.0,-1,3.106736388803444,0
NSE:3PLAND-EQ,BUY,2026-07-17 04:42:00,32.69,2026-07-17 05:18:00,32.0,-0.6899999999999977,0,36.0,3PLAND,2026-07-17 04:42:00,NSE:3PLAND-EQ,32.69,32.69,32.69,32.69,0,32.4509624046274,32.44989428459686,32.43838147855515,32.447876589509434,BUY,0.0010681200305384664,0.003291597874466654,0.0,3.777777777777769,2026-07-17 04:42:00,0.0,0.0,0.0,3.777777777777769,,0.0,1,3.777777777777769,0
NSE:AARON-EQ,SELL,2026-07-17 04:51:00,117.0,2026-07-17 09:27:00,117.84,-0.8400000000000034,0,276.0,AARON,2026-07-17 04:51:00,NSE:AARON-EQ,117.0,117.0,117.0,117.0,0,117.55153957690254,117.55326158406588,117.58056797568688,117.5579108410748,SELL,-0.00172200716333748,-0.0014648739985032408,0.0,-0.569388969151019,2026-07-17 04:51:00,0.0,0.0,0.0,-0.569388969151019,,0.0,-1,0.569388969151019,0
NSE:ACMESOLAR-EQ,BUY,2026-07-17 04:56:00,396.5,2026-07-17 06:15:00,390.75,-5.75,0,79.0,ACMESOLAR,2026-07-17 04:56:00,NSE:ACMESOLAR-EQ,396.7,396.7,396.0,396.5,5807,391.6578106625829,391.61747855862046,391.4029585921925,391.5764489666761,BUY,0.04033210396244158,0.01029885185689033,0.03784533871578066,0.16420361247946325,2026-07-17 04:56:00,0.1765447667086983,-0.05041593143433039,0.03784533871578066,0.16420361247946325,-78.56562822973572,0.6310036075976877,1,0.16420361247946325,0
NSE:ABMKNO-EQ,BUY,2026-07-17 04:58:00,203.89,2026-07-17 05:37:00,198.0,-5.889999999999986,0,39.0,ABMKNO,2026-07-17 04:58:00,NSE:ABMKNO-EQ,203.89,203.89,203.89,203.89,0,200.93889905920489,200.84695893466213,200.7835779570578,200.82138716100383,BUY,0.09194012454275935,0.04577620942354848,0.0,0.0,2026-07-17 04:58:00,0.0,0.0,0.0,0.0,,,1,0.0,0
NSE:3PLAND-EQ,SELL,2026-07-17 05:18:00,32.0,2026-07-20 06:14:00,32.11,-0.1099999999999994,0,4376.0,3PLAND,2026-07-17 05:18:00,NSE:3PLAND-EQ,32.0,32.0,32.0,32.0,0,32.45047853502428,32.46995745565437,32.474187931604504,32.47390667797079,SELL,-0.019478920630085383,-0.059990594865079794,0.0,-1.8404907975460127,2026-07-17 05:18:00,0.0,0.0,0.0,-1.8404907975460127,,0.0,-1,1.8404907975460127,0
NSE:ACL-EQ,SELL,2026-07-17 05:19:00,49.38,2026-07-17 06:06:00,49.78,-0.3999999999999986,0,47.0,ACL,2026-07-17 05:19:00,NSE:ACL-EQ,49.38,49.38,49.38,49.38,0,49.60043928603626,49.60356393237651,49.61204135372238,49.60544262088388,SELL,-0.003124646340246784,-0.006299237579998381,0.0,0.0,2026-07-17 05:19:00,0.0,0.0,0.0,0.0,,,-1,-0.0,0
NSE:AARNAV-EQ,SELL,2026-07-17 05:23:00,31.35,2026-07-20 06:49:00,28.99,2.360000000000003,1,4406.0,AARNAV,2026-07-17 05:23:00,NSE:AARNAV-EQ,31.5,31.5,31.35,31.35,1962,31.99542976145031,31.99601274929628,32.02939974889506,32.0014414278618,SELL,-0.0005829878459699955,-0.0018220640507240007,-0.4761904761904745,-1.6316284907436418,2026-07-17 05:23:00,0.47846889952152655,-0.4761904761904716,-0.4761904761904745,-1.6316284907436418,-34.94694960212201,0.5766517752174936,-1,1.6316284907436418,1
NSE:ABMKNO-EQ,SELL,2026-07-17 05:37:00,198.0,2026-07-17 07:26:00,200.45,-2.4499999999999886,0,109.0,ABMKNO,2026-07-17 05:37:00,NSE:ABMKNO-EQ,198.0,198.0,198.0,198.0,0,201.12734757617412,201.2214813738573,201.2919448170254,201.24855264590653,SELL,-0.09413379768318464,-0.046781187098155666,0.0,0.0,2026-07-17 05:37:00,0.0,0.0,0.0,0.0,,,-1,-0.0,0
NSE:ACL-EQ,BUY,2026-07-17 06:06:00,49.78,2026-07-17 06:30:00,49.2,-0.5799999999999983,0,24.0,ACL,2026-07-17 06:06:00,NSE:ACL-EQ,49.78,49.78,49.78,49.78,1,49.5727614082895,49.57119802687205,49.56185411398895,49.5694433884424,BUY,0.0015633814174549343,0.0031538100342207607,0.0,-0.020084354288008033,2026-07-17 06:06:00,0.0,0.0,0.0,-0.020084354288008033,-50.0,1.6666666666666667,1,-0.020084354288008033,0
NSE:ACMESOLAR-EQ,SELL,2026-07-17 06:15:00,390.75,2026-07-20 04:50:00,391.8,-1.0500000000000114,0,4235.0,ACMESOLAR,2026-07-17 06:15:00,NSE:ACMESOLAR-EQ,391.05,391.05,390.65,390.75,740,392.9934723143993,393.06049243811015,393.1115498046309,393.07990834095136,SELL,-0.0670201237108472,-0.017050842045998795,-0.089491178726675,-0.44585987261146487,2026-07-17 06:15:00,0.10236724248241436,-0.07671653241273785,-0.089491178726675,-0.44585987261146487,19.935170178282014,0.20110881617567128,-1,0.44585987261146487,0
NSE:ABCAPITAL-EQ,BUY,2026-07-17 06:25:00,399.85,2026-07-17 08:24:00,399.0,-0.8500000000000227,0,119.0,ABCAPITAL,2026-07-17 06:25:00,NSE:ABCAPITAL-EQ,399.85,399.85,399.85,399.85,796,399.4677801866169,399.4615638501665,399.4476633543336,399.4582996808402,BUY,0.006216336450393101,0.001556178869996308,0.0,0.01250625312656517,2026-07-17 06:25:00,0.0,0.0,0.0,0.01250625312656517,55.16569200779726,0.23924020197162782,1,0.01250625312656517,0
NSE:ACL-EQ,SELL,2026-07-17 06:30:00,49.2,2026-07-17 08:33:00,49.48,-0.279999999999994,0,123.0,ACL,2026-07-17 06:30:00,NSE:ACL-EQ,49.2,49.2,49.2,49.2,0,49.58131731899024,49.58372445389831,49.60138665156867,49.58694902914116,SELL,-0.0024071349080756477,-0.004854687570542911,0.0,-1.1055276381909507,2026-07-17 06:30:00,0.0,0.0,0.0,-1.1055276381909507,,0.0,-1,1.1055276381909507,0
NSE:AAATECH-EQ,SELL,2026-07-17 06:30:00,94.51,2026-07-20 07:47:00,91.19,3.3200000000000074,1,4397.0,AAATECH,2026-07-17 06:30:00,NSE:AAATECH-EQ,94.51,94.51,94.51,94.51,0,94.61831409164714,94.62293099612738,94.62401483331276,94.62387999609484,SELL,-0.0046169044802439885,-0.004879265978806917,0.0,0.0,2026-07-17 06:30:00,0.0,0.0,0.0,0.0,,,-1,-0.0,1
NSE:AARVI-EQ,SELL,2026-07-17 06:52:00,154.88,2026-07-20 07:23:00,155.0,-0.1200000000000045,0,4351.0,AARVI,2026-07-17 06:52:00,NSE:AARVI-EQ,154.89,154.89,154.85,154.88,3,155.73966528724148,155.7418150405328,155.78491082867524,155.74905718373054,SELL,-0.0021497532913201667,-0.0013803314740878547,-0.006456194718829078,-0.006456194718829078,2026-07-17 06:52:00,0.025826446280986598,-0.006456194718826849,-0.006456194718829078,-0.006456194718829078,inf,5.0,-1,0.006456194718829078,0
NSE:ABMKNO-EQ,BUY,2026-07-17 07:26:00,200.45,2026-07-20 03:47:00,198.03,-2.4199999999999875,0,4101.0,ABMKNO,2026-07-17 07:26:00,NSE:ABMKNO-EQ,200.45,200.45,200.45,200.45,0,200.25825042574985,200.24988894543745,200.24815834289456,200.2482073399369,BUY,0.008361480312402136,0.004175523070916862,0.0,0.0,2026-07-17 07:26:00,0.0,0.0,0.0,0.0,,,1,0.0,0
NSE:AARTECH-BE,BUY,2026-07-17 07:37:00,48.45,2026-07-17 08:13:00,47.5,-0.9500000000000028,0,36.0,AARTECH-BE,2026-07-17 07:37:00,NSE:AARTECH-BE,48.45,48.45,48.45,48.45,0,48.06882586218595,48.05922074178657,48.0487640654589,48.05593688247385,BUY,0.009605120399385214,0.019986009450697867,0.0,0.0,2026-07-17 07:37:00,0.0,0.0,0.0,0.0,,,1,0.0,0
NSE:20MICRONS-EQ,BUY,2026-07-17 07:44:00,203.4,2026-07-20 06:49:00,205.07,1.6699999999999875,1,4265.0,20MICRONS,2026-07-17 07:44:00,NSE:20MICRONS-EQ,203.27,203.4,203.27,203.4,2241,201.3418701630241,201.30124455511057,201.23354754002537,201.28360795473333,BUY,0.04062560791354031,0.020181498630734082,0.19704433497538254,1.0131108462455352,2026-07-17 07:44:00,0.06391347099311477,0.06395434643577284,0.19704433497538254,1.0131108462455352,271.02649006622516,2.277902012604188,1,1.0131108462455352,1
NSE:ABLBL-EQ,BUY,2026-07-17 07:50:00,94.9,2026-07-17 08:02:00,94.53,-0.3700000000000045,0,12.0,ABLBL,2026-07-17 07:50:00,NSE:ABLBL-EQ,94.9,94.9,94.9,94.9,0,94.63706627774992,94.63196582888024,94.62322766078935,94.62971344088766,BUY,0.005100448869683305,0.005389773767255636,0.0,0.0,2026-07-17 07:50:00,0.0,0.0,0.0,0.0,-100.0,0.0,1,0.0,0
NSE:ABLBL-EQ,SELL,2026-07-17 08:02:00,94.53,2026-07-17 08:08:00,94.75,-0.2199999999999988,0,6.0,ABLBL,2026-07-17 08:02:00,NSE:ABLBL-EQ,94.63,94.63,94.53,94.53,10,94.6289506533903,94.63173257347869,94.63415858251612,94.63258746905412,SELL,-0.0027819200883811845,-0.002939732807091012,-0.10567473317129039,0.02116178182203221,2026-07-17 08:02:00,0.10578652279698965,-0.10567473317129274,-0.10567473317129039,0.02116178182203221,inf,0.1529051987767584,-1,-0.02116178182203221,0
NSE:ABLBL-EQ,BUY,2026-07-17 08:08:00,94.75,2026-07-17 08:19:00,94.52,-0.2300000000000039,0,11.0,ABLBL,2026-07-17 08:08:00,NSE:ABLBL-EQ,94.75,94.75,94.75,94.75,63,94.63688878850424,94.63283536778584,94.6309355668466,94.63185079104454,BUY,0.004053420718392431,0.004283313188957101,0.10565240359217132,0.23273035015338728,2026-07-17 08:08:00,0.0,0.0,0.10565240359217132,0.23273035015338728,142.3076923076923,0.28610354223433243,1,0.23273035015338728,0
NSE:AARTIDRUGS-EQ,BUY,2026-07-17 08:09:00,417.6,2026-07-17 08:19:00,415.85,-1.75,0,10.0,AARTIDRUGS,2026-07-17 08:09:00,NSE:AARTIDRUGS-EQ,417.6,417.6,417.6,417.6,0,416.49808398683655,416.4658570855772,416.4400884071964,416.45632647285095,BUY,0.03222690125932104,0.0077381856666100994,0.0,0.2280091203648249,2026-07-17 08:09:00,0.0,0.0,0.0,0.2280091203648249,-100.0,0.0,1,0.2280091203648249,0
NSE:AARTECH-BE,SELL,2026-07-17 08:13:00,47.5,2026-07-20 04:58:00,49.15,-1.6499999999999986,0,4125.0,AARTECH-BE,2026-07-17 08:13:00,NSE:AARTECH-BE,47.75,47.75,47.5,47.5,8785,48.096474501305,48.10259019427034,48.12786789611053,48.107653977415474,SELL,-0.006115692965337871,-0.012713853746001253,-0.5235602094240788,-0.5235602094240788,2026-07-17 08:13:00,0.5263157894736842,-0.5235602094240838,-0.5235602094240788,-0.5235602094240788,inf,5.0,-1,0.5235602094240788,0
NSE:ABLBL-EQ,SELL,2026-07-17 08:19:00,94.52,2026-07-17 08:43:00,94.72,-0.2000000000000028,0,24.0,ABLBL,2026-07-17 08:19:00,NSE:ABLBL-EQ,94.5,94.59,94.5,94.52,490,94.63044861051932,94.63293875135028,94.6362616952835,94.63388781648769,SELL,-0.0024901408309574435,-0.002631367961107424,0.021164021164010727,-0.09512736497199192,2026-07-17 08:19:00,0.0952179432924285,0.021164021164016954,0.021164021164010727,-0.09512736497199192,456.8181818181818,1.094238499330058,-1,0.09512736497199192,0
NSE:AARTIDRUGS-EQ,SELL,2026-07-17 08:19:00,415.85,2026-07-17 08:48:00,420.0,-4.149999999999977,0,29.0,AARTIDRUGS,2026-07-17 08:19:00,NSE:AARTIDRUGS-EQ,415.9,415.9,415.85,415.85,7,416.4664669214674,416.466523541174,416.4989125489131,416.4717044112679,SELL,-5.6619706640503864e-05,-1.3595259988503289e-05,-0.012022120702082084,-0.1440749189578483,2026-07-17 08:19:00,0.012023566189720938,-0.012022120702080917,-0.012022120702082084,-0.1440749189578483,0.0,0.02968617472434266,-1,0.1440749189578483,0
NSE:SBIN-EQ,SELL,2026-07-17 08:24:00,1038.9,2026-07-17 08:46:00,1047.0,-8.099999999999909,0,22.0,SBIN,2026-07-17 08:24:00,NSE:SBIN-EQ,1039.0,1039.0,1038.9,1038.9,6112,1039.660105376711,1039.6630376862854,1039.7001109228536,1039.6694497676829,SELL,-0.0029323095743620797,-0.00028204422664556566,-0.009624639076022401,0.0,2026-07-17 08:24:00,0.009625565501964485,-0.009624639076025895,-0.009624639076022401,0.0,-28.017901307266513,0.6304930885083557,-1,-0.0,0
NSE:ABCAPITAL-EQ,SELL,2026-07-17 08:24:00,399.0,2026-07-17 08:47:00,402.15,-3.1499999999999773,0,23.0,ABCAPITAL,2026-07-17 08:24:00,NSE:ABCAPITAL-EQ,398.95,399.0,398.95,399.0,2376,400.4484444274119,400.4779566585208,400.5246783446441,400.49037646237394,SELL,-0.02951223110886758,-0.007369252319181214,0.0,-0.22505626406601476,2026-07-17 08:24:00,0.012531328320804853,0.012532898859509055,0.0,-0.22505626406601476,-51.090983944009885,0.5162299569808368,-1,0.22505626406601476,0
NSE:ACL-EQ,BUY,2026-07-17 08:33:00,49.48,2026-07-17 08:43:00,49.4,-0.0799999999999983,0,10.0,ACL,2026-07-17 08:33:00,NSE:ACL-EQ,49.48,49.48,49.48,49.48,0,49.43366898918648,49.4318910556033,49.431230514933134,49.43148677875964,BUY,0.0017779335831775711,0.0035967339003431377,0.0,0.0,2026-07-17 08:33:00,0.0,0.0,0.0,0.0,,,1,0.0,0
NSE:ABLBL-EQ,BUY,2026-07-17 08:43:00,94.72,2026-07-20 04:00:00,94.53,-0.1899999999999977,0,4037.0,ABLBL,2026-07-17 08:43:00,NSE:ABLBL-EQ,94.65,94.72,94.65,94.72,5000,94.63128542477928,94.6300796078652,94.62661623660978,94.62932397431786,BUY,0.00120581691408006,0.0012742427345267058,0.07395668251453102,0.042247570764675224,2026-07-17 08:43:00,0.07390202702701983,0.07395668251451999,0.07395668251453102,0.042247570764675224,inf,2.4359349118191562,1,0.042247570764675224,0
NSE:ACL-EQ,SELL,2026-07-17 08:43:00,49.4,2026-07-20 03:54:00,49.78,-0.3800000000000025,0,4031.0,ACL,2026-07-17 08:43:00,NSE:ACL-EQ,49.4,49.4,49.4,49.4,0,49.43106726364368,49.431835499688255,49.43270238278283,49.43210302489572,SELL,-0.0007682360445713243,-0.0015541321433960695,0.0,0.0,2026-07-17 08:43:00,0.0,0.0,0.0,0.0,,0.0,-1,-0.0,0
NSE:SBIN-EQ,BUY,2026-07-17 08:46:00,1047.0,2026-07-20 05:14:00,1042.5,-4.5,0,4108.0,SBIN,2026-07-17 08:46:00,NSE:SBIN-EQ,1044.2,1047.0,1043.3,1047.0,298521,1039.9083968145972,1039.6752853187022,1039.535154541681,1039.6137330944896,BUY,0.23311149589494562,0.022421567501576957,0.2873563218390718,0.7796708056598156,2026-07-17 08:46:00,0.3533906399235956,0.2681478643937899,0.2873563218390718,0.7796708056598156,103.05617152107965,2.71141165143781,1,0.7796708056598156,0
NSE:ABCAPITAL-EQ,BUY,2026-07-17 08:47:00,402.15,2026-07-20 03:56:00,399.95,-2.1999999999999886,0,4029.0,ABCAPITAL,2026-07-17 08:47:00,NSE:ABCAPITAL-EQ,402.6,402.85,402.1,402.15,23315,400.463947820438,400.44257190094834,400.37520823204,400.42822376566215,BUY,0.021375919489685202,0.005338073668893689,-0.11177347242922187,0.44960659423003424,2026-07-17 08:47:00,0.1864975755315181,-0.11177347242922143,-0.11177347242922187,0.44960659423003424,26.14976734119685,1.2896463221709646,1,0.44960659423003424,0
NSE:AARTIDRUGS-EQ,BUY,2026-07-17 08:48:00,420.0,2026-07-20 03:56:00,412.8,-7.199999999999989,0,4028.0,AARTIDRUGS,2026-07-17 08:48:00,NSE:AARTIDRUGS-EQ,420.0,420.0,418.7,420.0,1562,416.47485147490727,416.4266887050007,416.2893173420076,416.3966608789923,BUY,0.048162769906582525,0.011565726024035251,0.0,1.0708699314161851,2026-07-17 08:48:00,0.3095238095238122,0.0,0.0,1.0708699314161851,-90.3562388096561,0.3618253416724577,1,1.0708699314161851,0
NSE:INFY-EQ,SELL,2026-07-17 08:58:00,1095.0,2026-07-17 09:18:00,1101.5,-6.5,0,20.0,INFY,2026-07-17 08:58:00,NSE:INFY-EQ,1096.9,1096.9,1094.1,1095.0,53507,1099.0797693726824,1099.1614764866015,1099.2944940765078,1099.196446877245,SELL,-0.08170711391903751,-0.00743358602597764,-0.1276906238599107,-0.2550555656768094,2026-07-17 08:58:00,0.2557077625570942,-0.17321542528946038,-0.1276906238599107,-0.2550555656768094,344.8166929919362,2.4337293501200787,-1,0.2550555656768094,0
NSE:INFY-EQ,BUY,2026-07-17 09:18:00,1101.5,2026-07-17 09:45:00,1094.4,-7.099999999999909,0,27.0,INFY,2026-07-17 09:18:00,NSE:INFY-EQ,1100.9,1101.6,1100.4,1101.5,12846,1099.1455022620803,1099.1235993008522,1099.0215813285056,1099.1036295470778,BUY,0.02190296122807922,0.0019927659857373273,0.054500862930328964,0.2822286962854914,2026-07-17 09:18:00,0.10894235133906656,0.05450086293032146,0.054500862930328964,0.2822286962854914,-88.23927930567254,0.0995482126113001,1,0.2822286962854914,0
NSE:AARON-EQ,BUY,2026-07-17 09:27:00,117.84,2026-07-17 09:40:00,116.5,-1.3400000000000034,0,13.0,AARON,2026-07-17 09:27:00,NSE:AARON-EQ,117.84,117.84,117.84,117.84,0,116.7943596984292,116.78896168259062,116.73932599834652,116.78012942782247,BUY,0.005398015838579795,0.004622025712712934,0.0,0.0,2026-07-17 09:27:00,0.0,0.0,0.0,0.0,,,1,0.0,0
NSE:ABCOTS-EQ,BUY,2026-07-17 09:34:00,204.89,2026-07-17 09:36:00,203.52,-1.369999999999976,0,2.0,ABCOTS,2026-07-17 09:34:00,NSE:ABCOTS-EQ,204.93,204.93,204.89,204.89,40,204.73182797300151,204.7250865137107,204.7235031294753,204.7237006860948,BUY,0.006741459290822149,0.0032929326862786135,-0.019518860098577395,-0.3065395095367962,2026-07-17 09:34:00,0.019522670701361933,-0.019518860098580226,-0.019518860098577395,-0.3065395095367962,-40.29850746268657,1.8348623853211008,1,-0.3065395095367962,0
NSE:ABCOTS-EQ,SELL,2026-07-17 09:36:00,203.52,2026-07-20 09:02:00,202.87,0.6500000000000057,1,4286.0,ABCOTS,2026-07-17 09:36:00,NSE:ABCOTS-EQ,204.79,204.79,203.52,203.52,670,204.67399974563384,204.7155805639345,204.73473657435144,204.72562745942977,SELL,-0.04158081830067317,-0.02031150642571004,-0.6201474681380881,-0.9731413001167755,2026-07-17 09:36:00,0.6240172955974753,-0.6201474681380839,-0.6201474681380881,-0.9731413001167755,5483.333333333334,4.235145385587864,-1,0.9731413001167755,1
NSE:AARON-EQ,SELL,2026-07-17 09:40:00,116.5,2026-07-17 09:49:00,117.2,-0.7000000000000028,0,9.0,AARON,2026-07-17 09:40:00,NSE:AARON-EQ,116.5,116.5,116.5,116.5,0,116.79186424694232,116.79674419417776,116.80722552309716,116.79923784286832,SELL,-0.004879947235437498,-0.004178153482878301,0.0,0.06012196169371542,2026-07-17 09:40:00,0.0,0.0,0.0,0.06012196169371542,,0.0,-1,-0.06012196169371542,0
NSE:AARON-EQ,BUY,2026-07-17 09:49:00,117.2,2026-07-20 04:25:00,116.59,-0.6099999999999994,0,3996.0,AARON,2026-07-17 09:49:00,NSE:AARON-EQ,117.2,117.2,117.2,117.2,0,116.80368489435509,116.79658635459528,116.78282620458432,116.79319632396162,BUY,0.007098539759809341,0.006077694546874961,0.0,0.6008583690987113,2026-07-17 09:49:00,0.0,0.0,0.0,0.6008583690987113,-100.0,0.0,1,0.6008583690987113,0
NSE:ABSMARINE-ST,SELL,2026-07-17 09:56:00,226.2,2026-07-20 05:12:00,230.75,-4.550000000000011,0,4036.0,ABSMARINE-ST,2026-07-17 09:56:00,NSE:ABSMARINE-ST,226.9,226.9,226.2,226.2,500,227.091396009553,227.11894474878133,227.1383115890032,227.126666973561,SELL,-0.02754873922833667,-0.01212965270634232,-0.30850594975760925,-0.30850594975760925,2026-07-17 09:56:00,0.30946065428824804,-0.30850594975761,-0.30850594975760925,-0.30850594975760925,inf,5.0,-1,0.30850594975760925,0
NSE:ABMKNO-EQ,SELL,2026-07-20 03:47:00,198.03,2026-07-20 07:30:00,199.0,-0.9699999999999988,0,223.0,ABMKNO,2026-07-20 03:47:00,NSE:ABMKNO-EQ,198.01,198.03,198.01,198.03,10,200.50455246947283,200.6060429768337,200.6347920731293,200.62769039680708,SELL,-0.10149050736086451,-0.05059194920293842,-1.2072836118732777,-1.2072836118732777,2026-07-20 03:47:00,0.010099479876791512,0.010100499974753917,-1.2072836118732777,-1.2072836118732777,inf,0.5434782608695653,-1,1.2072836118732777,0
NSE:AASTHA-EQ,BUY,2026-07-20 03:49:00,118.99,2026-07-20 04:04:00,111.86,-7.129999999999996,0,15.0,AASTHA,2026-07-20 03:49:00,NSE:AASTHA-EQ,120.52,120.52,118.44,118.99,10041,116.6327362762293,116.58935407455007,116.50866976445192,116.56918057937824,BUY,0.04338220167922202,0.03720940219934865,-1.334991708126032,2.453934906147759,2026-07-20 03:49:00,1.748046054290275,-1.2694988383670769,-1.334991708126032,2.453934906147759,-78.56685450819671,0.34045366697182383,1,2.453934906147759,0
NSE:ACL-EQ,BUY,2026-07-20 03:54:00,49.78,2026-07-20 04:06:00,49.05,-0.730000000000004,0,12.0,ACL,2026-07-20 03:54:00,NSE:ACL-EQ,49.78,49.78,49.78,49.78,0,49.38901819730649,49.38532422395162,49.36844020769104,49.38200762079155,BUY,0.00369397335487065,0.007479900988640452,0.0,-0.04016064257027496,2026-07-20 03:54:00,0.0,0.0,0.0,-0.04016064257027496,-100.0,0.0,1,-0.04016064257027496,0
NSE:ABCAPITAL-EQ,SELL,2026-07-20 03:56:00,399.95,2026-07-20 04:47:00,401.55,-1.6000000000000227,0,51.0,ABCAPITAL,2026-07-20 03:56:00,NSE:ABCAPITAL-EQ,400.3,400.35,399.7,399.95,6110,400.8229337947938,400.8595888035083,400.8688776787304,400.8672324068992,SELL,-0.03665500871449012,-0.009144101759895164,-0.08743442418186476,0.20042590504822932,2026-07-20 03:56:00,0.16252031503938846,-0.08743442418186928,-0.08743442418186476,0.20042590504822932,28.550389227856087,1.2245470578803912,-1,-0.20042590504822932,0
NSE:AARTIDRUGS-EQ,SELL,2026-07-20 03:56:00,412.8,2026-07-20 07:34:00,417.05,-4.25,0,218.0,AARTIDRUGS,2026-07-20 03:56:00,NSE:AARTIDRUGS-EQ,412.8,412.8,412.5,412.8,635,418.7437744156849,418.9950373153885,419.05660464808943,419.04709645249255,SELL,-0.2512628997035904,-0.059967989433358904,0.0,0.1941747572815622,2026-07-20 03:56:00,0.07267441860465391,0.0,0.0,0.1941747572815622,-59.96216897856242,0.7674643461445492,-1,-0.1941747572815622,0
NSE:ABLBL-EQ,SELL,2026-07-20 04:00:00,94.53,2026-07-20 04:09:00,94.92,-0.3900000000000005,0,9.0,ABLBL,2026-07-20 04:00:00,NSE:ABLBL-EQ,94.53,94.65,94.53,94.53,527,94.7356120889861,94.74220192699188,94.74643377788011,94.74398513646238,SELL,-0.00658983800578028,-0.006955546600931223,0.0,-0.031725888324873885,2026-07-20 04:00:00,0.1269438273563996,0.0,0.0,-0.031725888324873885,-84.27335123843629,0.6486952240275726,-1,0.031725888324873885,0
NSE:AASTHA-EQ,SELL,2026-07-20 04:04:00,111.86,2026-07-21 03:46:00,124.1,-12.239999999999997,0,1422.0,AASTHA,2026-07-20 04:04:00,NSE:AASTHA-EQ,111.62,112.0,110.01,111.86,68483,116.48008014171448,116.59201706341454,116.72324225443629,116.63178191268692,SELL,-0.11193692170006386,-0.09600736355661574,-0.12499999999999734,-5.131032143160031,2026-07-20 04:04:00,1.7790094761308735,0.21501523024547112,-0.12499999999999734,-5.131032143160031,79.74068922075537,0.4621059990175279,-1,5.131032143160031,0
NSE:ACL-EQ,SELL,2026-07-20 04:06:00,49.05,2026-07-20 04:25:00,49.72,-0.6700000000000017,0,19.0,ACL,2026-07-20 04:06:00,NSE:ACL-EQ,49.05,49.05,49.05,49.05,0,49.38318645338974,49.38675468012672,49.40072258251552,49.38958455138829,SELL,-0.003568226736980762,-0.0072250682598843045,0.0,-1.3872135102533267,2026-07-20 04:06:00,0.0,0.0,0.0,-1.3872135102533267,,0.0,-1,1.3872135102533267,0
NSE:ABLBL-EQ,BUY,2026-07-20 04:09:00,94.92,2026-07-20 06:55:00,94.84,-0.0799999999999983,0,166.0,ABLBL,2026-07-20 04:09:00,NSE:ABLBL-EQ,94.92,94.92,94.92,94.92,0,94.74856834569408,94.74348331221304,94.7395456270464,94.74199997870222,BUY,0.005085033481037726,0.005367159094500204,0.0,0.27466723008662264,2026-07-20 04:09:00,0.0,0.0,0.0,0.27466723008662264,-100.0,0.0,1,0.27466723008662264,0
NSE:ABFRL-EQ,BUY,2026-07-20 04:15:00,58.23,2026-07-20 05:38:00,57.85,-0.3799999999999954,0,83.0,ABFRL,2026-07-20 04:15:00,NSE:ABFRL-EQ,58.14,58.23,58.13,58.23,9410,57.94018904493042,57.93736383404586,57.92493583676886,57.93490470660088,BUY,0.002825210884559226,0.0048763193517946035,0.1375752364574323,0.1547987616099089,2026-07-20 04:15:00,0.17173278378841547,0.15479876160990075,0.1375752364574323,0.1547987616099089,-67.84225275100812,0.8764739852089193,1,0.1547987616099089,0
NSE:ACL-EQ,BUY,2026-07-20 04:25:00,49.72,2026-07-20 04:38:00,48.52,-1.1999999999999955,0,13.0,ACL,2026-07-20 04:25:00,NSE:ACL-EQ,49.69,49.72,49.69,49.72,27,49.391993197557056,49.37878897491768,49.37472968163901,49.37592165537917,BUY,0.013204222639373597,0.026740677350513352,0.06037432078889182,0.06037432078889182,2026-07-20 04:25:00,0.06033789219630156,0.06037432078889342,0.06037432078889182,0.06037432078889182,inf,5.0,1,0.06037432078889182,0
NSE:AARON-EQ,SELL,2026-07-20 04:25:00,116.59,2026-07-20 04:28:00,117.64,-1.0499999999999972,0,3.0,AARON,2026-07-20 04:25:00,NSE:AARON-EQ,116.59,116.59,116.59,116.59,0,116.88376442781188,116.88729027044953,116.89922571348616,116.88978850801632,SELL,-0.003525842637642995,-0.0030164465524737806,0.0,0.0,2026-07-20 04:25:00,0.0,0.0,0.0,0.0,,,-1,-0.0,0
NSE:AARON-EQ,BUY,2026-07-20 04:28:00,117.64,2026-07-20 07:12:00,117.08,-0.5600000000000023,0,164.0,AARON,2026-07-20 04:28:00,NSE:AARON-EQ,116.59,117.64,116.59,117.64,100,116.8943662762952,116.88866977711832,116.85512239610024,116.88235607776636,BUY,0.005696499176877978,0.00487343999015472,0.9005918174800565,0.9005918174800565,2026-07-20 04:28:00,0.8925535532131904,0.9005918174800559,0.9005918174800565,0.9005918174800565,inf,5.0,1,0.9005918174800565,0
NSE:ACL-EQ,SELL,2026-07-20 04:38:00,48.52,2026-07-20 08:02:00,49.0,-0.4799999999999969,0,204.0,ACL,2026-07-20 04:38:00,NSE:ACL-EQ,48.51,48.52,48.51,48.52,100,49.36075020893536,49.38040443180167,49.40500021993197,49.38763472114453,SELL,-0.019654222866314797,-0.039801664430389315,0.020614306328603504,-2.4135156878519637,2026-07-20 04:38:00,0.020610057708172126,0.020614306328602592,0.020614306328603504,-2.4135156878519637,733.3333333333334,0.14757969303423848,-1,2.4135156878519637,0
NSE:ABCAPITAL-EQ,BUY,2026-07-20 04:47:00,401.55,2026-07-20 05:38:00,399.9,-1.650000000000034,0,51.0,ABCAPITAL,2026-07-20 04:47:00,NSE:ABCAPITAL-EQ,401.2,401.7,400.9,401.55,7340,400.6680685022531,400.6417227103292,400.62165105500327,400.634090128063,BUY,0.02634579192391584,0.006575898222902835,0.09971332419296264,0.24965672200722988,2026-07-20 04:47:00,0.19922799153281318,0.08723828514457196,0.09971332419296264,0.24965672200722988,147.97297297297297,1.9304613118720741,1,0.24965672200722988,0
NSE:ACMESOLAR-EQ,BUY,2026-07-20 04:50:00,391.8,2026-07-20 05:48:00,383.8,-8.0,0,58.0,ACMESOLAR,2026-07-20 04:50:00,NSE:ACMESOLAR-EQ,391.0,391.8,390.95,391.8,4507,387.1958162923573,387.0230997171144,386.9534908340604,386.9829576979304,BUY,0.1727165752428732,0.04462694225980734,0.10219724067450642,0.4100461301896452,2026-07-20 04:50:00,0.21694742215416607,0.20460358056266273,0.10219724067450642,0.4100461301896452,42.943228671106894,0.3967988449077335,1,0.4100461301896452,0
NSE:AARTECH-BE,BUY,2026-07-20 04:58:00,49.15,2026-07-20 06:50:00,47.6,-1.5499999999999972,0,112.0,AARTECH-BE,2026-07-20 04:58:00,NSE:AARTECH-BE,49.15,49.15,49.15,49.15,0,47.62085531377228,47.58146950194438,47.54037401449713,47.568288573389296,BUY,0.039385811827898465,0.0827755263554628,0.0,3.29970575872216,2026-07-20 04:58:00,0.0,0.0,0.0,3.29970575872216,-100.0,0.0,1,3.29970575872216,0
NSE:5PAISA-EQ,BUY,2026-07-20 05:07:00,368.1,2026-07-20 05:59:00,366.05,-2.050000000000012,0,52.0,5PAISA,2026-07-20 05:07:00,NSE:5PAISA-EQ,367.8,368.1,367.8,368.1,21,367.1393812303376,367.1142174760959,367.0888223477237,367.10593358934034,BUY,0.025163754241702918,0.006854475540256465,0.08156606851550396,0.1496395048292687,2026-07-20 05:07:00,0.08149959250204057,0.08156606851550065,0.08156606851550396,0.1496395048292687,-51.162790697674424,1.640625,1,0.1496395048292687,0
NSE:ABSMARINE-ST,BUY,2026-07-20 05:12:00,230.75,2026-07-20 09:07:00,228.5,-2.25,0,235.0,ABSMARINE-ST,2026-07-20 05:12:00,NSE:ABSMARINE-ST,230.75,230.75,230.75,230.75,0,225.85801247231944,225.76657032718973,225.6005394445468,225.724692766914,BUY,0.09144214512971871,0.04050296064523511,0.0,2.214839424141757,2026-07-20 05:12:00,0.0,0.0,0.0,2.214839424141757,,0.0,1,2.214839424141757,0
NSE:SBIN-EQ,SELL,2026-07-20 05:14:00,1042.5,2026-07-20 05:34:00,1044.3,-1.7999999999999543,0,20.0,SBIN,2026-07-20 05:14:00,NSE:SBIN-EQ,1042.8,1043.2,1042.5,1042.5,11431,1043.4738808816742,1043.4927913550457,1043.5251377701834,1043.5011341395418,SELL,-0.018910473371533953,-0.0018122284627359456,-0.009591406100128985,-0.01918097247530781,2026-07-20 05:14:00,0.06714628297362547,-0.028768699654771246,-0.009591406100128985,-0.01918097247530781,144.3565626336041,1.0574468085106383,-1,0.01918097247530781,0
NSE:SBIN-EQ,BUY,2026-07-20 05:34:00,1044.3,2026-07-20 05:44:00,1040.9,-3.399999999999864,0,10.0,SBIN,2026-07-20 05:34:00,NSE:SBIN-EQ,1044.4,1045.1,1044.3,1044.3,26465,1043.4943777849671,1043.4680511410068,1043.451976615755,1043.4610599741245,BUY,0.026326643960373985,0.0025229947319984013,0.0,-0.019147917663953073,2026-07-20 05:34:00,0.07660633917456235,-0.009574875526631216,0.0,-0.019147917663953073,121.9287211740042,1.2342023037821201,1,-0.019147917663953073,0
NSE:ABFRL-EQ,SELL,2026-07-20 05:38:00,57.85,2026-07-21 03:50:00,57.6,0.25,1,1332.0,ABFRL,2026-07-20 05:38:00,NSE:ABFRL-EQ,57.9,57.9,57.85,57.85,252,57.99548117535721,58.00021420482046,58.00313807932339,58.00147650906264,SELL,-0.004733029463245941,-0.00816036548853396,-0.08635578583764403,-0.155333103210209,2026-07-20 05:38:00,0.08643042350907028,-0.08635578583764622,-0.08635578583764403,-0.155333103210209,-85.54216867469879,0.338436744560838,-1,0.155333103210209,1
NSE:ABCAPITAL-EQ,SELL,2026-07-20 05:38:00,399.9,2026-07-20 08:21:00,399.2,0.6999999999999886,1,163.0,ABCAPITAL,2026-07-20 05:38:00,NSE:ABCAPITAL-EQ,400.2,400.2,399.85,399.9,625,400.7843183533424,400.7850515883663,400.83086142457097,400.7924889966719,SELL,-0.0007332350238584695,-0.00018294969359574623,-0.07496251874062887,-0.1373454863278889,2026-07-20 05:38:00,0.087521880470109,-0.07496251874063252,-0.07496251874062887,-0.1373454863278889,-80.57196145477153,0.14816043997724257,-1,0.1373454863278889,1
NSE:SBIN-EQ,SELL,2026-07-20 05:44:00,1040.9,2026-07-20 06:44:00,1046.0,-5.099999999999909,0,60.0,SBIN,2026-07-20 05:44:00,NSE:SBIN-EQ,1041.0,1041.2,1040.7,1040.9,21624,1043.3698886869624,1043.458471080722,1043.4998828283815,1043.4799708377027,SELL,-0.08858239375945232,-0.008489307070142093,-0.009606147934670961,-0.3064840532515878,2026-07-20 05:44:00,0.048035354020559126,-0.009606147934669457,-0.009606147934670961,-0.3064840532515878,-79.51283290225393,0.37976951095718636,-1,0.3064840532515878,0
NSE:5PAISA-EQ,SELL,2026-07-20 05:59:00,366.05,2026-07-20 07:48:00,368.3,-2.25,0,109.0,5PAISA,2026-07-20 05:59:00,NSE:5PAISA-EQ,367.2,367.25,366.0,366.05,551,367.1057971162571,367.14491674362114,367.1613653855338,367.15411772466,SELL,-0.039119627364016196,-0.01065509164909223,-0.3131808278867054,-0.10915541001500495,2026-07-20 05:59:00,0.34148340390657017,-0.31318082788670404,-0.3131808278867054,-0.10915541001500495,55000.0,4.84182776801406,-1,0.10915541001500495,0
NSE:3PLAND-EQ,BUY,2026-07-20 06:14:00,32.11,2026-07-20 07:44:00,31.9,-0.2100000000000008,0,90.0,3PLAND,2026-07-20 06:14:00,NSE:3PLAND-EQ,32.11,32.11,32.11,32.11,0,32.08934771379491,32.08912053359085,32.08826075136306,32.08894507588993,BUY,0.00022718020405676498,0.0007079664393386943,0.0,0.0,2026-07-20 06:14:00,0.0,0.0,0.0,0.0,,,1,0.0,0
NSE:21STCENMGM-EQ,SELL,2026-07-20 06:24:00,33.89,2026-07-20 07:00:00,34.38,-0.490000000000002,0,36.0,21STCENMGM,2026-07-20 06:24:00,NSE:21STCENMGM-EQ,33.89,33.89,33.89,33.89,0,34.0524705295852,34.05704324101874,34.06102161008969,34.05844696573318,SELL,-0.004572711433539212,-0.013426624857532493,0.0,0.0,2026-07-20 06:24:00,0.0,0.0,0.0,0.0,,0.0,-1,-0.0,0
NSE:SBIN-EQ,BUY,2026-07-20 06:44:00,1046.0,2026-07-21 05:16:00,1053.8,7.799999999999954,1,1352.0,SBIN,2026-07-20 06:44:00,NSE:SBIN-EQ,1045.1,1046.1,1045.0,1046.0,51111,1043.239056709724,1043.203267224166,1043.0937439049726,1043.1797652680664,BUY,0.03578948555809802,0.0034307298186794784,0.08611616113292087,0.25879421067767083,2026-07-20 06:44:00,0.10516252390056491,0.08611616113291465,0.08611616113292087,0.25879421067767083,-68.02584907194826,0.6856597820312625,1,0.25879421067767083,1
NSE:20MICRONS-EQ,SELL,2026-07-20 06:49:00,205.07,2026-07-20 07:06:00,205.8,-0.7300000000000182,0,17.0,20MICRONS,2026-07-20 06:49:00,NSE:20MICRONS-EQ,205.13,205.13,205.07,205.07,350,205.5943227360925,205.60275131976232,205.62191866957104,205.60722822160903,SELL,-0.008428583669825684,-0.004099450817521982,-0.029249744064741012,-0.014627011214041197,2026-07-20 06:49:00,0.029258302043205866,-0.02924974406474054,-0.029249744064741012,-0.014627011214041197,-10.025706940874034,1.152073732718894,-1,0.014627011214041197,0
NSE:AARTECH-BE,SELL,2026-07-20 06:50:00,47.6,2026-07-20 07:55:00,48.44,-0.8399999999999963,0,65.0,AARTECH-BE,2026-07-20 06:50:00,NSE:AARTECH-BE,47.6,47.6,47.6,47.6,0,48.01719772269409,48.01988557998068,48.03915549757273,48.023414030232615,SELL,-0.002687857286588269,-0.0055973837799164336,0.0,0.0,2026-07-20 06:50:00,0.0,0.0,0.0,0.0,-100.0,0.0,-1,-0.0,0
NSE:ABLBL-EQ,SELL,2026-07-20 06:55:00,94.84,2026-07-20 07:44:00,95.03,-0.1899999999999977,0,49.0,ABLBL,2026-07-20 06:55:00,NSE:ABLBL-EQ,94.84,94.84,94.84,94.84,109,94.92521018081598,94.92571960944947,94.92969492717472,94.92643994230198,SELL,-0.0005094286334923481,-0.0005366602808893919,-0.06322444678609207,-0.07375408281529161,2026-07-20 06:55:00,0.0,0.0,-0.06322444678609207,-0.07375408281529161,inf,0.8934426229508197,-1,0.07375408281529161,0
NSE:21STCENMGM-EQ,BUY,2026-07-20 07:00:00,34.38,2026-07-21 06:05:00,33.8,-0.5800000000000054,0,1385.0,21STCENMGM,2026-07-20 07:00:00,NSE:21STCENMGM-EQ,34.38,34.38,34.38,34.38,0,34.04543944617792,34.03758844299346,34.02783099597676,34.034711034951385,BUY,0.007851003184462968,0.02306568574213745,0.0,0.0,2026-07-20 07:00:00,0.0,0.0,0.0,0.0,,,1,0.0,0
NSE:20MICRONS-EQ,BUY,2026-07-20 07:06:00,205.8,2026-07-20 07:10:00,205.35,-0.450000000000017,0,4.0,20MICRONS,2026-07-20 07:06:00,NSE:20MICRONS-EQ,205.64,205.8,205.32,205.8,212,205.6021980295987,205.6007570312943,205.5917873995776,205.5990827206329,BUY,0.0014409983043890406,0.0007008720810155906,0.07780587434351727,0.07780587434351727,2026-07-20 07:06:00,0.23323615160350739,0.07780587434352511,0.07780587434351727,0.07780587434351727,inf,5.0,1,0.07780587434351727,0
NSE:20MICRONS-EQ,SELL,2026-07-20 07:10:00,205.35,2026-07-20 07:14:00,205.76,-0.4099999999999966,0,4.0,20MICRONS,2026-07-20 07:10:00,NSE:20MICRONS-EQ,205.35,205.35,205.35,205.35,0,205.58883193384585,205.59870395020144,205.6014020356272,205.6007938993628,SELL,-0.009872016355586766,-0.0048015946433095655,0.0,-0.14102314724760978,2026-07-20 07:10:00,0.0,0.0,0.0,-0.14102314724760978,-100.0,0.0,-1,0.14102314724760978,0
NSE:AARON-EQ,SELL,2026-07-20 07:12:00,117.08,2026-07-20 07:38:00,117.43,-0.3500000000000085,0,26.0,AARON,2026-07-20 07:12:00,NSE:AARON-EQ,117.08,117.08,117.08,117.08,0,117.20643976136088,117.2113751850002,117.21309448564304,117.21247917815144,SELL,-0.004935423639309988,-0.004210703638209328,0.0,0.0,2026-07-20 07:12:00,0.0,0.0,0.0,0.0,,,-1,-0.0,0
NSE:20MICRONS-EQ,BUY,2026-07-20 07:14:00,205.76,2026-07-20 07:19:00,205.02,-0.7399999999999807,0,5.0,20MICRONS,2026-07-20 07:14:00,NSE:20MICRONS-EQ,205.76,205.76,205.76,205.76,0,205.601652602817,205.60043584057715,205.59331852928108,205.5990949652879,BUY,0.0012167622398635558,0.0005918091734042018,0.0,0.19965911857804386,2026-07-20 07:14:00,0.0,0.0,0.0,0.19965911857804386,-100.0,0.0,1,0.19965911857804386,0
NSE:20MICRONS-EQ,SELL,2026-07-20 07:19:00,205.02,2026-07-20 08:03:00,206.2,-1.1799999999999784,0,44.0,20MICRONS,2026-07-20 07:19:00,NSE:20MICRONS-EQ,205.6,205.6,204.92,205.02,2929,205.5899406775571,205.59898703887455,205.61993755532325,205.6038524761761,SELL,-0.009046361317444962,-0.0044000028636981955,-0.282101167315163,-0.3596423017107164,2026-07-20 07:19:00,0.3316749585406335,-0.2821011673151674,-0.282101167315163,-0.3596423017107164,inf,4.260983415769567,-1,0.3596423017107164,0
NSE:RELIANCE-EQ,SELL,2026-07-20 07:21:00,1327.1,2026-07-20 07:22:00,1329.8,-2.700000000000045,0,1.0,RELIANCE,2026-07-20 07:21:00,NSE:RELIANCE-EQ,1328.7,1328.7,1327.1,1327.1,32993,1328.892093985454,1328.920690812712,1328.9864147215308,1328.935990735508,SELL,-0.028596827258070334,-0.0021518836643729063,-0.10538200978548184,-0.04519093168638966,2026-07-20 07:21:00,0.12056363499360534,-0.1204184541281054,-0.10538200978548184,-0.04519093168638966,-28.642183579894454,1.4983741461996802,-1,0.04519093168638966,0
NSE:RELIANCE-EQ,BUY,2026-07-20 07:22:00,1329.8,2026-07-20 07:23:00,1328.5,-1.2999999999999543,0,1.0,RELIANCE,2026-07-20 07:22:00,NSE:RELIANCE-EQ,1327.2,1329.8,1327.0,1329.8,81554,1328.9374892861813,1328.928018389273,1328.892093985454,1328.920690812712,BUY,0.009470896908396753,0.0007126719263452623,0.2034511340516909,0.18080458038269853,2026-07-20 07:22:00,0.21055797864340162,0.19590114526822702,0.2034511340516909,0.18080458038269853,147.18576667778015,2.2258066276930806,1,0.18080458038269853,0
NSE:RELIANCE-EQ,SELL,2026-07-20 07:23:00,1328.5,2026-07-20 07:28:00,1330.0,-1.5,0,5.0,RELIANCE,2026-07-20 07:23:00,NSE:RELIANCE-EQ,1329.5,1329.9,1328.2,1328.5,11650,1328.9156148218722,1328.9244515693622,1328.9374892861813,1328.928018389273,SELL,-0.00883674749002239,-0.000664954842209942,-0.09775906151300306,0.03765060240963347,2026-07-20 07:23:00,0.12796386902521983,-0.07521624670928921,-0.09775906151300306,0.03765060240963347,-85.71498638938617,0.3283114365104863,-1,-0.03765060240963347,0
NSE:AARVI-EQ,BUY,2026-07-20 07:23:00,155.0,2026-07-21 07:13:00,156.1,1.0999999999999943,1,1430.0,AARVI,2026-07-20 07:23:00,NSE:AARVI-EQ,155.76,155.76,155.0,155.0,361,150.15177909494548,149.95000964419117,149.89660957362682,149.90757275044487,BUY,0.20176945075431263,0.13455781112190737,-0.5134788189987249,1.3071895424836555,2026-07-20 07:23:00,0.49032258064515544,-0.4879301489470923,-0.5134788189987249,1.3071895424836555,-91.6551086453999,0.21272834413671185,1,1.3071895424836555,1
NSE:RELIANCE-EQ,BUY,2026-07-20 07:28:00,1330.0,2026-07-20 08:34:00,1327.6,-2.400000000000091,0,66.0,RELIANCE,2026-07-20 07:28:00,NSE:RELIANCE-EQ,1329.0,1330.5,1329.0,1330.0,33254,1328.968448670257,1328.932657292964,1328.914156495007,1328.9236880265182,BUY,0.03579137729298054,0.002693242362324633,0.0677149951094691,0.11290929619871548,2026-07-20 07:28:00,0.11278195488721805,0.07524454477050413,0.0677149951094691,0.11290929619871548,70.75224646983311,2.298547078258706,1,0.11290929619871548,0
NSE:ABMKNO-EQ,BUY,2026-07-20 07:30:00,199.0,2026-07-20 08:57:00,193.01,-5.990000000000009,0,87.0,ABMKNO,2026-07-20 07:30:00,NSE:ABMKNO-EQ,199.0,199.0,199.0,199.0,0,197.25300883399632,197.19217913726865,197.16106193052244,197.1769873653129,BUY,0.060829696727665805,0.030847925609322098,0.0,0.0,2026-07-20 07:30:00,0.0,0.0,0.0,0.0,,,1,0.0,0
NSE:AARON-EQ,BUY,2026-07-20 07:38:00,117.43,2026-07-20 07:39:00,116.25,-1.1800000000000068,0,1.0,AARON,2026-07-20 07:38:00,NSE:AARON-EQ,117.43,117.43,117.43,117.43,0,117.21035264235444,117.20377368818548,117.19879225510996,117.20187262674168,BUY,0.006578954168958262,0.0056132613839390754,0.0,-0.017028522775641708,2026-07-20 07:38:00,0.0,0.0,0.0,-0.017028522775641708,,0.0,1,-0.017028522775641708,0
NSE:AARON-EQ,SELL,2026-07-20 07:39:00,116.25,2026-07-20 07:50:00,117.45,-1.2000000000000028,0,11.0,AARON,2026-07-20 07:39:00,NSE:AARON-EQ,117.43,117.43,116.25,116.25,167,117.16233501023672,117.19582557411728,117.21035264235444,117.20377368818548,SELL,-0.03349056388056226,-0.028576584290864588,-1.0048539555479907,-1.0217113665389577,2026-07-20 07:39:00,1.015053763440866,-1.0048539555479918,-1.0048539555479907,-1.0217113665389577,inf,4.940828402366864,-1,1.0217113665389577,0
NSE:ABLBL-EQ,BUY,2026-07-20 07:44:00,95.03,2026-07-21 05:13:00,95.09,0.0600000000000022,1,1289.0,ABLBL,2026-07-20 07:44:00,NSE:ABLBL-EQ,95.0,95.03,95.0,95.03,171,94.9177476915445,94.91564475089422,94.91183967531,94.91468378241431,BUY,0.0021029406502890424,0.0022155890694397144,0.031578947368426924,0.05264266161297826,2026-07-20 07:44:00,0.03156897821740622,0.031578947368422254,0.031578947368426924,0.05264266161297826,8450.0,2.5598802395209583,1,0.05264266161297826,1
NSE:3PLAND-EQ,SELL,2026-07-20 07:44:00,31.9,2026-07-21 04:55:00,32.47,-0.5700000000000003,0,1271.0,3PLAND,2026-07-20 07:44:00,NSE:3PLAND-EQ,31.9,31.9,31.9,31.9,0,32.08932078266193,32.0966827665514,32.099285034380976,32.09833556290898,SELL,-0.007361983889474288,-0.02293689956379654,0.0,-0.6540018685767701,2026-07-20 07:44:00,0.0,0.0,0.0,-0.6540018685767701,-100.0,0.0,-1,0.6540018685767701,0
NSE:AAATECH-EQ,BUY,2026-07-20 07:47:00,91.19,2026-07-21 05:42:00,91.53,0.3400000000000034,1,1315.0,AAATECH,2026-07-20 07:47:00,NSE:AAATECH-EQ,93.7,93.7,91.13,91.19,1721,89.96217495737014,89.92275896758449,89.89755258670542,89.91210988327846,BUY,0.03941598978565253,0.04383316330392095,-2.6787620064034234,2.1736694677871204,2026-07-20 07:47:00,2.818291479328882,-2.6787620064034208,-2.6787620064034234,2.1736694677871204,82.30932203389831,0.5748162992651971,1,2.1736694677871204,1
NSE:5PAISA-EQ,BUY,2026-07-20 07:48:00,368.3,2026-07-21 05:29:00,373.05,4.75,1,1301.0,5PAISA,2026-07-20 07:48:00,NSE:5PAISA-EQ,368.3,368.3,368.3,368.3,0,366.4460494291477,366.3736147025753,366.3484730833133,366.3574265908322,BUY,0.07243472657239636,0.019770726838830733,0.0,0.3815753611338346,2026-07-20 07:48:00,0.0,0.0,0.0,0.3815753611338346,,0.0,1,0.3815753611338346,1
NSE:AARON-EQ,BUY,2026-07-20 07:50:00,117.45,2026-07-20 07:59:00,116.3,-1.1500000000000057,0,9.0,AARON,2026-07-20 07:50:00,NSE:AARON-EQ,117.45,117.45,117.45,117.45,0,117.19824455927878,117.1965489847328,117.18499427292504,117.19441914426838,BUY,0.0016955745459767968,0.0014467785618821245,0.0,0.03406864832637968,2026-07-20 07:50:00,0.0,0.0,0.0,0.03406864832637968,,0.0,1,0.03406864832637968,0
NSE:AARTECH-BE,BUY,2026-07-20 07:55:00,48.44,2026-07-20 08:23:00,47.6,-0.8399999999999963,0,28.0,AARTECH-BE,2026-07-20 07:55:00,NSE:AARTECH-BE,48.44,48.44,48.44,48.44,0,47.91290207856076,47.90417563497861,47.88516008269554,47.899672909222126,BUY,0.008726443582155241,0.01821645705512022,0.0,0.0,2026-07-20 07:55:00,0.0,0.0,0.0,0.0,,,1,0.0,0
NSE:AARON-EQ,SELL,2026-07-20 07:59:00,116.3,2026-07-20 08:05:00,117.29,-0.9900000000000092,0,6.0,AARON,2026-07-20 07:59:00,NSE:AARON-EQ,116.3,116.3,116.3,116.3,766,117.1705624577155,117.1938106615132,117.21638153443736,117.20132167547553,SELL,-0.023248203797692213,-0.01983739897735657,-0.5982905982905962,-0.9454049910569751,2026-07-20 07:59:00,0.0,0.0,-0.5982905982905962,-0.9454049910569751,549.1525423728813,4.2555555555555555,-1,0.9454049910569751,0
NSE:20MICRONS-EQ,BUY,2026-07-20 08:03:00,206.2,2026-07-20 08:40:00,205.42,-0.7800000000000011,0,37.0,20MICRONS,2026-07-20 08:03:00,NSE:20MICRONS-EQ,206.1,206.2,206.1,206.2,677,205.60833596658705,205.59115066765972,205.57719575430212,205.5860342867157,BUY,0.01718529892733045,0.0083589682102177,0.04852013585636694,0.3406326034063101,2026-07-20 08:03:00,0.048496605237630615,0.04852013585637764,0.04852013585636694,0.3406326034063101,34.59244532803181,2.451122375090514,1,0.3406326034063101,0
NSE:AARON-EQ,BUY,2026-07-20 08:05:00,117.29,2026-07-20 08:06:00,117.06,-0.2300000000000039,0,1.0,AARON,2026-07-20 08:05:00,NSE:AARON-EQ,117.29,117.29,117.29,117.29,0,117.20220243123048,117.1985210375776,117.1975815065584,117.19775230680092,BUY,0.003681393652868792,0.0031411605029456123,0.0,0.0,2026-07-20 08:05:00,0.0,0.0,0.0,0.0,,0.0,1,0.0,0
NSE:AARON-EQ,SELL,2026-07-20 08:06:00,117.06,2026-07-21 04:16:00,116.99,0.0700000000000073,1,1210.0,AARON,2026-07-20 08:06:00,NSE:AARON-EQ,117.29,117.29,117.06,117.06,1,117.19509230966896,117.19736669559778,117.20220243123048,117.1985210375776,SELL,-0.0022743859288141266,-0.0019406459316799293,-0.19609514877654277,-0.19609514877654277,2026-07-20 08:06:00,0.19648043738254226,-0.19609514877654016,-0.19609514877654277,-0.19609514877654277,inf,5.0,-1,0.19609514877654277,1
NSE:AARTECH-BE,SELL,2026-07-20 08:23:00,47.6,2026-07-20 09:48:00,48.49,-0.8900000000000006,0,85.0,AARTECH-BE,2026-07-20 08:23:00,NSE:AARTECH-BE,47.6,47.6,47.6,47.6,0,47.921387128295954,47.93363138210832,47.93830224031153,47.93643500716806,SELL,-0.01224425381236216,-0.025544181526235134,0.0,0.0,2026-07-20 08:23:00,0.0,0.0,0.0,0.0,,,-1,-0.0,0
NSE:20MICRONS-EQ,SELL,2026-07-20 08:40:00,205.42,2026-07-20 09:19:00,206.49,-1.0700000000000216,0,39.0,20MICRONS,2026-07-20 08:40:00,NSE:20MICRONS-EQ,205.42,205.42,205.42,205.42,0,205.6470497418161,205.65249251051955,205.65899972822743,205.65444622909536,SELL,-0.005442768703460388,-0.002646585332867764,0.0,0.1267303567946909,2026-07-20 08:40:00,0.0,0.0,0.0,0.1267303567946909,-100.0,0.0,-1,-0.1267303567946909,0
NSE:ABCOTS-EQ,BUY,2026-07-20 09:02:00,202.87,2026-07-20 09:25:00,202.13,-0.7400000000000091,0,23.0,ABCOTS,2026-07-20 09:02:00,NSE:ABCOTS-EQ,202.87,202.87,202.87,202.87,0,202.3812121185302,202.38073476467764,202.3554864405581,202.37662329211196,BUY,0.00047735385254554785,0.00023586921605981957,0.0,0.0,2026-07-20 09:02:00,0.0,0.0,0.0,0.0,,,1,0.0,0
NSE:20MICRONS-EQ,BUY,2026-07-20 09:19:00,206.49,2026-07-21 04:39:00,205.02,-1.4699999999999989,0,1160.0,20MICRONS,2026-07-20 09:19:00,NSE:20MICRONS-EQ,206.49,206.49,206.49,206.49,2,205.646064010212,205.62623042533104,205.60164632653897,205.61897185747665,BUY,0.019833584880956323,0.0096454546873379,0.0,0.6041412911084176,2026-07-20 09:19:00,0.0,0.0,0.0,0.6041412911084176,-99.81024667931689,0.0005213764337851929,1,0.6041412911084176,0
NSE:ABCOTS-EQ,SELL,2026-07-20 09:25:00,202.13,2026-07-21 03:45:00,207.49,-5.360000000000014,0,1100.0,ABCOTS,2026-07-20 09:25:00,NSE:ABCOTS-EQ,202.13,202.13,202.13,202.13,0,202.3995705958742,202.40101648238,202.4137585219728,202.4032939318118,SELL,-0.0014458865057918047,-0.0007143672156002618,0.0,0.0,2026-07-20 09:25:00,0.0,0.0,0.0,0.0,,,-1,-0.0,0
NSE:AAKAAR-SM,SELL,2026-07-20 09:32:00,69.0,2026-07-21 09:03:00,72.35,-3.3499999999999943,0,1411.0,AAKAAR-SM,2026-07-20 09:32:00,NSE:AAKAAR-SM,69.0,69.0,69.0,69.0,0,71.70749981248801,71.82030926900856,71.84999980261895,71.8440093468994,SELL,-0.11280945652055152,-0.15707180555017514,0.0,-4.1666666666666625,2026-07-20 09:32:00,0.0,0.0,0.0,-4.1666666666666625,-100.0,0.0,-1,4.1666666666666625,0
NSE:AARTECH-BE,BUY,2026-07-20 09:48:00,48.49,2026-07-21 05:36:00,48.1,-0.3900000000000005,0,1188.0,AARTECH-BE,2026-07-20 09:48:00,NSE:AARTECH-BE,48.49,48.49,48.49,48.49,0,47.84007944737371,47.837511466440944,47.80587310249864,47.83202836952028,BUY,0.002567980932767,0.005368132358992994,0.0,1.8697478991596572,2026-07-20 09:48:00,0.0,0.0,0.0,1.8697478991596572,,0.0,1,1.8697478991596572,0
NSE:ABCOTS-EQ,BUY,2026-07-21 03:45:00,207.49,2026-07-21 09:49:00,203.3,-4.189999999999998,0,364.0,ABCOTS,2026-07-21 03:45:00,NSE:ABCOTS-EQ,209.0,209.0,202.1,207.49,1148,202.38556182426905,202.35181396186724,202.11690718344104,202.30863592793327,BUY,0.03374786240181038,0.016677815602962713,2.666996536368149,2.7178217821782313,2026-07-21 03:45:00,3.325461468022558,-0.7224880382775076,2.666996536368149,2.7178217821782313,156.8232662192394,2.394659991656237,1,2.7178217821782313,0
NSE:ABFRL-EQ,BUY,2026-07-21 03:50:00,57.6,2026-07-21 04:28:00,57.28,-0.3200000000000003,0,38.0,ABFRL,2026-07-21 03:50:00,NSE:ABFRL-EQ,57.65,57.65,57.57,57.6,9693,57.36321528662712,57.35318187703152,57.35075293329171,57.35110777515783,BUY,0.010033409595600062,0.017494076644452374,-0.08673026886383273,0.10427528675704956,2026-07-21 03:50:00,0.13888888888888593,-0.08673026886382855,-0.08673026886383273,0.10427528675704956,-61.90307746727981,0.6396162170722695,1,0.10427528675704956,0
NSE:AARON-EQ,BUY,2026-07-21 04:16:00,116.99,2026-07-21 04:35:00,116.28,-0.7099999999999937,0,19.0,AARON,2026-07-21 04:16:00,NSE:AARON-EQ,116.99,116.99,116.99,116.99,0,116.5289913417769,116.52733296732346,116.5047277281862,116.52344500906568,BUY,0.0016583744534415246,0.00142316348552023,0.0,0.0,2026-07-21 04:16:00,0.0,0.0,0.0,0.0,,,1,0.0,0
NSE:ABFRL-EQ,SELL,2026-07-21 04:28:00,57.28,2026-07-21 06:50:00,57.35,-0.0700000000000002,0,142.0,ABFRL,2026-07-21 04:28:00,NSE:ABFRL-EQ,57.27,57.29,57.25,57.28,1687,57.36827729881945,57.371783255098414,57.37292347244153,57.37255454295639,SELL,-0.0035059562789641063,-0.006110941790627617,0.01746114894358719,0.01746114894358719,2026-07-21 04:28:00,0.06983240223463538,0.017461148943597012,0.01746114894358719,0.01746114894358719,-61.26291618828932,0.47451620162016206,-1,-0.01746114894358719,0
NSE:AARON-EQ,SELL,2026-07-21 04:35:00,116.28,2026-07-21 05:40:00,116.99,-0.7099999999999937,0,65.0,AARON,2026-07-21 04:35:00,NSE:AARON-EQ,116.28,116.28,116.28,116.28,0,116.53113994887886,116.5383489102924,116.54435784092507,116.54051990953856,SELL,-0.007208961413539328,-0.006185913461918499,0.0,0.0,2026-07-21 04:35:00,0.0,0.0,0.0,0.0,-100.0,0.0,-1,-0.0,0
NSE:20MICRONS-EQ,SELL,2026-07-21 04:39:00,205.02,2026-07-21 05:35:00,207.34,-2.319999999999993,0,56.0,20MICRONS,2026-07-21 04:39:00,NSE:20MICRONS-EQ,205.0,205.02,205.0,205.02,5,206.0381809689542,206.0810476550612,206.0917694410044,206.0899640219104,SELL,-0.04286668610700417,-0.020800887124154423,0.009756097560975618,-0.23357664233576436,2026-07-21 04:39:00,0.00975514583943529,0.0097560975609806,0.009756097560975618,-0.23357664233576436,400.0,0.015664160401002505,-1,0.23357664233576436,0
NSE:3PLAND-EQ,BUY,2026-07-21 04:55:00,32.47,2026-07-21 07:35:00,32.0,-0.4699999999999988,0,160.0,3PLAND,2026-07-21 04:55:00,NSE:3PLAND-EQ,32.47,32.47,32.47,32.47,0,31.969509266147337,31.960271591408564,31.943167648576143,31.9559881594036,BUY,0.009237674738773904,0.028903617769184226,0.0,2.0106817467797633,2026-07-21 04:55:00,0.0,0.0,0.0,2.0106817467797633,-100.0,0.0,1,2.0106817467797633,0
NSE:ABLBL-EQ,SELL,2026-07-21 05:13:00,95.09,2026-07-21 09:19:00,95.18,-0.0900000000000034,0,246.0,ABLBL,2026-07-21 05:13:00,NSE:ABLBL-EQ,95.23,95.23,95.09,95.09,76,95.34815552320032,95.35725106967108,95.36174265600036,95.35949687697924,SELL,-0.009095546470760496,-0.009538389969017666,-0.14701249606217104,-0.20988561234127623,2026-07-21 05:13:00,0.14722894100326067,-0.14701249606216588,-0.14701249606217104,-0.20988561234127623,-53.086419753086425,0.27556200145032633,-1,0.20988561234127623,0
NSE:5PAISA-EQ,SELL,2026-07-21 05:29:00,373.05,2026-07-21 06:33:00,375.1,-2.050000000000012,0,64.0,5PAISA,2026-07-21 05:29:00,NSE:5PAISA-EQ,373.05,373.05,373.05,373.05,0,374.17140567798265,374.1831520488449,374.2304270294554,374.1926743349696,SELL,-0.01174637086222674,-0.003139203568602522,0.0,0.0,2026-07-21 05:29:00,0.0,0.0,0.0,0.0,-100.0,0.0,-1,-0.0,0
NSE:AARTECH-BE,SELL,2026-07-21 05:36:00,48.1,2026-07-21 05:41:00,48.4,-0.2999999999999971,0,5.0,AARTECH-BE,2026-07-21 05:36:00,NSE:AARTECH-BE,47.65,48.1,47.65,48.1,20,48.2772014804965,48.27855452613148,48.28652787420684,48.28005498433426,SELL,-0.0013530456349784004,-0.0028025810802724932,0.9443861490031624,-0.619834710743794,2026-07-21 05:36:00,0.9355509355509415,0.9443861490031539,0.9443861490031624,-0.619834710743794,inf,1.4084507042253522,-1,0.619834710743794,0
NSE:AARON-EQ,BUY,2026-07-21 05:40:00,116.99,2026-07-21 05:41:00,116.03,-0.9599999999999936,0,1.0,AARON,2026-07-21 05:40:00,NSE:AARON-EQ,116.69,116.99,116.69,116.99,14,116.43976808141674,116.43763157073376,116.41080850675448,116.43298981922732,BUY,0.0021365106829875913,0.0018348970639184632,0.2570914388550838,0.2570914388550838,2026-07-21 05:40:00,0.25643217369005655,0.2570914388550837,0.2570914388550838,0.2570914388550838,inf,5.0,1,0.2570914388550838,0
NSE:AARON-EQ,SELL,2026-07-21 05:41:00,116.03,2026-07-21 05:42:00,116.99,-0.9599999999999936,0,1.0,AARON,2026-07-21 05:41:00,NSE:AARON-EQ,116.99,116.99,116.03,116.03,39,116.41927967734593,116.43423464097764,116.43976808141674,116.43763157073376,SELL,-0.014954963631709006,-0.012844129287079786,-0.8205829558081801,-0.5656011654811888,2026-07-21 05:41:00,0.8273722313194809,-0.8205829558081834,-0.8205829558081801,-0.5656011654811888,178.57142857142856,3.679245283018868,-1,0.5656011654811888,0
NSE:AARTECH-BE,BUY,2026-07-21 05:41:00,48.4,2026-07-21 06:20:00,47.58,-0.8200000000000003,0,39.0,AARTECH-BE,2026-07-21 05:41:00,NSE:AARTECH-BE,48.4,48.4,48.4,48.4,0,48.27990262770497,48.27867539501573,48.27358171337365,48.27765586052007,BUY,0.0012272326892386332,0.0025419767199440025,0.0,0.6237006237006071,2026-07-21 05:41:00,0.0,0.0,0.0,0.6237006237006071,,0.0,1,0.6237006237006071,0
NSE:AAATECH-EQ,SELL,2026-07-21 05:42:00,91.53,2026-07-21 07:36:00,91.96,-0.4299999999999926,0,114.0,AAATECH,2026-07-21 05:42:00,NSE:AAATECH-EQ,91.53,91.53,91.53,91.53,20,92.1699428276479,92.1765765234852,92.20362402910304,92.18200993964896,SELL,-0.00663369583729434,-0.007196726204736162,0.0,-0.7051421132566738,2026-07-21 05:42:00,0.0,0.0,0.0,-0.7051421132566738,1900.0,0.32894736842105265,-1,0.7051421132566738,0
NSE:21STCENMGM-EQ,SELL,2026-07-21 06:05:00,33.8,2026-07-21 07:02:00,35.06,-1.2600000000000051,0,57.0,21STCENMGM,2026-07-21 06:05:00,NSE:21STCENMGM-EQ,33.8,33.8,33.8,33.8,0,34.27238697985378,34.28748265581522,34.297249452477665,34.291579148721226,SELL,-0.015095675961440236,-0.04402678409778206,0.0,-1.6870273414776205,2026-07-21 06:05:00,0.0,0.0,0.0,-1.6870273414776205,,0.0,-1,1.6870273414776205,0
NSE:AARTECH-BE,SELL,2026-07-21 06:20:00,47.58,2026-07-21 07:03:00,48.4,-0.8200000000000003,0,43.0,AARTECH-BE,2026-07-21 06:20:00,NSE:AARTECH-BE,47.58,47.58,47.58,47.58,0,48.26680121335638,48.29212930213602,48.302948645638295,48.2981135819859,SELL,-0.02532808877963788,-0.05244765378054595,0.0,-1.6942148760330622,2026-07-21 06:20:00,0.0,0.0,0.0,-1.6942148760330622,,0.0,-1,1.6942148760330622,0
NSE:5PAISA-EQ,BUY,2026-07-21 06:33:00,375.1,2026-07-21 07:20:00,373.5,-1.6000000000000227,0,47.0,5PAISA,2026-07-21 06:33:00,NSE:5PAISA-EQ,375.1,375.1,375.1,375.1,0,374.03216933124565,374.0179181907115,373.9759677171007,374.0088250662637,BUY,0.014251140534156548,0.003810282834334664,0.0,0.33435870001337076,2026-07-21 06:33:00,0.0,0.0,0.0,0.33435870001337076,-100.0,0.0,1,0.33435870001337076,0
NSE:ABFRL-EQ,BUY,2026-07-21 06:50:00,57.35,2026-07-21 07:31:00,57.11,-0.240000000000002,0,41.0,ABFRL,2026-07-21 06:50:00,NSE:ABFRL-EQ,57.33,57.35,57.33,57.35,10967,57.246869121611255,57.24603425806362,57.24144118064344,57.245160596366674,BUY,0.000834863547638065,0.0014583779618244333,0.03488574917147602,0.05233775296580312,2026-07-21 06:50:00,0.03487358326068549,0.03488574917146891,0.03488574917147602,0.05233775296580312,289.453125,2.219681023316062,1,0.05233775296580312,0
NSE:AARTECH-BE,BUY,2026-07-21 07:03:00,48.4,2026-07-21 07:10:00,47.6,-0.7999999999999972,0,7.0,AARTECH-BE,2026-07-21 07:03:00,NSE:AARTECH-BE,48.4,48.4,48.4,48.4,0,48.223641262266256,48.22048406326848,48.214359223438166,48.21897552598502,BUY,0.0031571989977763337,0.006547422862105404,0.0,0.0,2026-07-21 07:03:00,0.0,0.0,0.0,0.0,,,1,0.0,0
NSE:AARTECH-BE,SELL,2026-07-21 07:10:00,47.6,2026-07-21 08:07:00,48.4,-0.7999999999999972,0,57.0,AARTECH-BE,2026-07-21 07:10:00,NSE:AARTECH-BE,47.6,47.6,47.6,47.6,0,48.19884211594851,48.21741986027195,48.23036012205106,48.222608262459104,SELL,-0.01857774432344428,-0.0385291132899277,0.0,-1.6528925619834656,2026-07-21 07:10:00,0.0,0.0,0.0,-1.6528925619834656,-100.0,0.0,-1,1.6528925619834656,0
NSE:AARVI-EQ,SELL,2026-07-21 07:13:00,156.1,2026-07-21 08:37:00,158.69,-2.5900000000000034,0,84.0,AARVI,2026-07-21 07:13:00,NSE:AARVI-EQ,156.3,156.3,156.1,156.1,30,156.68022918979406,156.6814907988265,156.7107675682043,156.6863772761276,SELL,-0.001261609032439992,-0.0008052061708168539,-0.1279590531030217,-0.1279590531030217,2026-07-21 07:13:00,0.12812299807816596,-0.12795905310301794,-0.1279590531030217,-0.1279590531030217,inf,3.75,-1,0.1279590531030217,0
NSE:5PAISA-EQ,SELL,2026-07-21 07:20:00,373.5,2026-07-21 07:54:00,375.55,-2.050000000000012,0,34.0,5PAISA,2026-07-21 07:20:00,NSE:5PAISA-EQ,373.5,373.5,373.5,373.5,0,374.1276877671702,374.134718243787,374.1607239654423,374.1400520105415,SELL,-0.0070304766168192145,-0.0018791297022154841,0.0,-0.2004008016032066,2026-07-21 07:20:00,0.0,0.0,0.0,-0.2004008016032066,,0.0,-1,0.2004008016032066,0
NSE:ABFRL-EQ,SELL,2026-07-21 07:31:00,57.11,2026-07-21 08:06:00,57.35,-0.240000000000002,0,35.0,ABFRL,2026-07-21 07:31:00,NSE:ABFRL-EQ,57.11,57.15,57.11,57.11,2343,57.25290128709012,57.25528874306547,57.26042240746328,57.25650965687275,SELL,-0.0023874559753522817,-0.004169843568628305,-0.052502625131256586,-0.15734265734266284,2026-07-21 07:31:00,0.07004027315706382,0.0,-0.052502625131256586,-0.15734265734266284,-83.54634831460675,0.6197101142615319,-1,0.15734265734266284,0
NSE:3PLAND-EQ,SELL,2026-07-21 07:35:00,32.0,2026-07-21 09:34:00,32.43,-0.4299999999999997,0,119.0,3PLAND,2026-07-21 07:35:00,NSE:3PLAND-EQ,32.0,32.0,32.0,32.0,540,32.51872922063832,32.528452171143776,32.54603075856666,32.5328929456912,SELL,-0.009722950505455685,-0.02989060301516893,0.0,-2.379499694935938,2026-07-21 07:35:00,0.0,0.0,0.0,-2.379499694935938,inf,4.21875,-1,2.379499694935938,0
NSE:AAATECH-EQ,BUY,2026-07-21 07:36:00,91.96,2026-07-21 08:05:00,91.52,-0.4399999999999977,0,29.0,AAATECH,2026-07-21 07:36:00,NSE:AAATECH-EQ,91.96,91.96,91.96,91.96,0,91.92562062436282,91.92499272264048,91.9238111835398,91.92469854383914,BUY,0.0006279017223391747,0.0006830587675255012,0.0,0.0,2026-07-21 07:36:00,0.0,0.0,0.0,0.0,,,1,0.0,0
NSE:AARTECH-BE,BUY,2026-07-21 08:07:00,48.4,2026-07-21 09:26:00,47.76,-0.6400000000000006,0,79.0,AARTECH-BE,2026-07-21 08:07:00,NSE:AARTECH-BE,48.4,48.4,48.4,48.4,0,48.10091816310918,48.09115341004015,48.08517701379914,48.08855806054469,BUY,0.009764753069028131,0.02030467638355605,0.0,0.0,2026-07-21 08:07:00,0.0,0.0,0.0,0.0,,0.0,1,0.0,0
NSE:ABLBL-EQ,BUY,2026-07-21 09:19:00,95.18,2026-07-21 09:49:00,94.85,-0.3300000000000125,0,30.0,ABLBL,2026-07-21 09:19:00,NSE:ABLBL-EQ,95.02,95.18,95.02,95.18,253,95.02993033162988,95.02787934417456,95.02203192803144,95.02660101933569,BUY,0.0020509874553198415,0.002158300773914484,0.16838560303096273,0.10517458981911254,2026-07-21 09:19:00,0.16810254255096743,0.16838560303095224,0.16838560303096273,0.10517458981911254,-24.925816023738868,0.6023809523809524,1,0.10517458981911254,0
NSE:3PLAND-EQ,BUY,2026-07-21 09:34:00,32.43,2026-07-21 09:55:00,31.75,-0.6799999999999997,0,21.0,3PLAND,2026-07-21 09:34:00,NSE:3PLAND-EQ,32.43,32.43,32.43,32.43,0,32.40939940096372,32.40873814261418,32.40831515890918,32.40855947154372,BUY,0.0006612583495382296,0.0020403705526218633,0.0,0.0,2026-07-21 09:34:00,0.0,0.0,0.0,0.0,,,1,0.0,0
