token,symbol,name,expiry,strike,lotsize,instrumenttype,exch_seg,tick_size
14747,011NSETEST-EQ,011NSETEST,,-1.000000,1,,NSE,5.000000
14751,021NSETEST-EQ,021NSETEST,,-1.000000,1,,NSE,5.000000
14753,031NSETEST-EQ,031NSETEST,,-1.000000,1,,NSE,5.000000
14755,041NSETEST-EQ,041NSETEST,,-1.000000,1,,NSE,5.000000
14758,051NSETEST-EQ,051NSETEST,,-1.000000,1,,NSE,5.000000
14762,061NSETEST-EQ,061NSETEST,,-1.000000,1,,NSE,5.000000
14764,071NSETEST-EQ,071NSETEST,,-1.000000,1,,NSE,5.000000
14767,081NSETEST-EQ,081NSETEST,,-1.000000,1,,NSE,5.000000
14769,091NSETEST-EQ,091NSETEST,,-1.000000,1,,NSE,5.000000
14772,101NSETEST-EQ,101NSETEST,,-1.000000,1,,NSE,5.000000
14774,111NSETEST-EQ,111NSETEST,,-1.000000,1,,NSE,5.000000
12841,11NSETEST-EQ,11NSETEST,,-1.000000,1,,NSE,5.000000
14777,121NSETEST-EQ,121NSETEST,,-1.000000,1,,NSE,5.000000
14778,131NSETEST-EQ,131NSETEST,,-1.000000,1,,NSE,5.000000
14781,141NSETEST-EQ,141NSETEST,,-1.000000,1,,NSE,5.000000
14782,151NSETEST-EQ,151NSETEST,,-1.000000,1,,NSE,5.000000
14784,161NSETEST-EQ,161NSETEST,,-1.000000,1,,NSE,5.000000
23446,171NSETEST-EQ,171NSETEST,,-1.000000,1,,NSE,5.000000
23447,181NSETEST-EQ,181NSETEST,,-1.000000,1,,NSE,5.000000
16921,20MICRONS-EQ,20MICRONS,,-1.000000,1,,NSE,1.000000
4,21STCENMGM-EQ,21STCENMGM,,-1.000000,1,,NSE,1.000000
13061,360ONE-EQ,360ONE,,-1.000000,1,,NSE,10.000000
762518,3BBLACKBIO-EQ,3BBLACKBIO,,-1.000000,1,,NSE,10.000000
474,3MINDIA-EQ,3MINDIA,,-1.000000,1,,NSE,500.000000
2595,3PLAND-EQ,3PLAND,,-1.000000,1,,NSE,1.000000
445,5PAISA-EQ,5PAISA,,-1.000000,1,,NSE,5.000000
11868,63MOONS-EQ,63MOONS,,-1.000000,1,,NSE,5.000000
20906,A2ZINFRA-EQ,A2ZINFRA,,-1.000000,1,,NSE,1.000000
12533,AAATECH-EQ,AAATECH,,-1.000000,1,,NSE,1.000000
23729,AADHARHFC-EQ,AADHARHFC,,-1.000000,1,,NSE,5.000000
235,AAKASH-EQ,AAKASH,,-1.000000,1,,NSE,1.000000
5245,AAREYDRUGS-EQ,AAREYDRUGS,,-1.000000,1,,NSE,1.000000
761821,AARNAV-EQ,AARNAV,,-1.000000,1,,NSE,1.000000
1030,AARON-EQ,AARON,,-1.000000,1,,NSE,1.000000
4481,AARTIDRUGS-EQ,AARTIDRUGS,,-1.000000,1,,NSE,5.000000
7,AARTIIND-EQ,AARTIIND,,-1.000000,1,,NSE,5.000000
13868,AARTIPHARM-EQ,AARTIPHARM,,-1.000000,1,,NSE,5.000000
19073,AARVI-EQ,AARVI,,-1.000000,1,,NSE,1.000000
763800,AASTHA-EQ,AASTHA,,-1.000000,1,,NSE,1.000000
5385,AAVAS-EQ,AAVAS,,-1.000000,1,,NSE,10.000000
762523,ABANSENT-EQ,ABANSENT,,-1.000000,1,,NSE,1.000000
13,ABB-EQ,ABB,,-1.000000,1,,NSE,50.000000
17903,ABBOTINDIA-EQ,ABBOTINDIA,,-1.000000,1,,NSE,500.000000
21614,ABCAPITAL-EQ,ABCAPITAL,,-1.000000,1,,NSE,5.000000
759130,ABCOTS-EQ,ABCOTS,,-1.000000,1,,NSE,1.000000
24308,ABDL-EQ,ABDL,,-1.000000,1,,NSE,5.000000
30108,ABFRL-EQ,ABFRL,,-1.000000,1,,NSE,1.000000
24404,ABGSEC-EQ,ABGSEC,,-1.000000,1,,NSE,1.000000
27020,ABINFRA-EQ,ABINFRA,,-1.000000,1,,NSE,1.000000
756843,ABLBL-EQ,ABLBL,,-1.000000,1,,NSE,1.000000
5549,ABMINTLLTD-EQ,ABMINTLLTD,,-1.000000,1,,NSE,1.000000
762528,ABMKNO-EQ,ABMKNO,,-1.000000,1,,NSE,1.000000
625,ABREL-EQ,ABREL,,-1.000000,1,,NSE,10.000000
760247,ABSL10BANK-EQ,ABSL10BANK,,-1.000000,1,,NSE,1.000000
6018,ABSLAMC-EQ,ABSLAMC,,-1.000000,1,,NSE,10.000000
13987,ABSLBANETF-EQ,ABSLBANETF,,-1.000000,1,,NSE,1.000000
14518,ABSLLIQUID-EQ,ABSLLIQUID,,-1.000000,1,,NSE,1.000000
761066,ABSLMSCIN-EQ,ABSLMSCIN,,-1.000000,1,,NSE,1.000000
7339,ABSLNN50ET-EQ,ABSLNN50ET,,-1.000000,1,,NSE,1.000000
23806,ABSLPSE-EQ,ABSLPSE,,-1.000000,1,,NSE,1.000000
22,ACC-EQ,ACC,,-1.000000,1,,NSE,10.000000
7053,ACCELYA-EQ,ACCELYA,,-1.000000,1,,NSE,10.000000
13587,ACE-EQ,ACE,,-1.000000,1,,NSE,10.000000
11779,ACEINTEG-EQ,ACEINTEG,,-1.000000,1,,NSE,1.000000
764558,ACGL-EQ,ACGL,,-1.000000,1,,NSE,10.000000
12024,ACI-EQ,ACI,,-1.000000,1,,NSE,5.000000
15420,ACL-EQ,ACL,,-1.000000,1,,NSE,1.000000
27061,ACMESOLAR-EQ,ACMESOLAR,,-1.000000,1,,NSE,5.000000
762533,ACSTECH-EQ,ACSTECH,,-1.000000,1,,NSE,1.000000
5578,ACUTAAS-EQ,ACUTAAS,,-1.000000,1,,NSE,10.000000
10217,ADANIENSOL-EQ,ADANIENSOL,,-1.000000,1,,NSE,10.000000
25,ADANIENT-EQ,ADANIENT,,-1.000000,1,,NSE,10.000000
3563,ADANIGREEN-EQ,ADANIGREEN,,-1.000000,1,,NSE,10.000000
15083,ADANIPORTS-EQ,ADANIPORTS,,-1.000000,1,,NSE,10.000000
17388,ADANIPOWER-EQ,ADANIPOWER,,-1.000000,1,,NSE,1.000000
764563,ADDIND-EQ,ADDIND,,-1.000000,1,,NSE,1.000000
19761,ADFFOODS-EQ,ADFFOODS,,-1.000000,1,,NSE,5.000000
245,ADL-EQ,ADL,,-1.000000,1,,NSE,1.000000
34,ADOR-EQ,ADOR,,-1.000000,1,,NSE,10.000000
4953,ADROITINFO-EQ,ADROITINFO,,-1.000000,1,,NSE,1.000000
14813,ADSL-EQ,ADSL,,-1.000000,1,,NSE,1.000000
760657,ADVAIT-EQ,ADVAIT,,-1.000000,1,,NSE,10.000000
759402,ADVANCE-EQ,ADVANCE,,-1.000000,1,,NSE,1.000000
14745,ADVANIHOTR-EQ,ADVANIHOTR,,-1.000000,1,,NSE,1.000000
759769,ADVENTHTL-EQ,ADVENTHTL,,-1.000000,1,,NSE,1.000000
18039,ADVENZYMES-EQ,ADVENZYMES,,-1.000000,1,,NSE,5.000000
765015,ADVIKCA-EQ,ADVIKCA,,-1.000000,1,,NSE,1.000000
40,AEGISLOG-EQ,AEGISLOG,,-1.000000,1,,NSE,10.000000
757336,AEGISVOPAK-EQ,AEGISVOPAK,,-1.000000,1,,NSE,5.000000
761330,AEPL-EQ,AEPL,,-1.000000,1,,NSE,1.000000
760234,AEQUS-EQ,AEQUS,,-1.000000,1,,NSE,1.000000
12015,AEROENTER-EQ,AEROENTER,,-1.000000,1,,NSE,1.000000
18268,AEROFLEX-EQ,AEROFLEX,,-1.000000,1,,NSE,5.000000
13689,AERONEU-EQ,AERONEU,,-1.000000,1,,NSE,1.000000
761670,AEROPLANE-EQ,AEROPLANE,,-1.000000,1,,NSE,1.000000
9810,AETHER-EQ,AETHER,,-1.000000,1,,NSE,10.000000
25977,AFCONS-EQ,AFCONS,,-1.000000,1,,NSE,5.000000
11343,AFFLE-EQ,AFFLE,,-1.000000,1,,NSE,10.000000
24159,AFIL-EQ,AFIL,,-1.000000,1,,NSE,1.000000
13288,AFSL-EQ,AFSL,,-1.000000,1,,NSE,1.000000
3389,AGARIND-EQ,AGARIND,,-1.000000,1,,NSE,5.000000
29452,AGARWALEYE-EQ,AGARWALEYE,,-1.000000,1,,NSE,5.000000
1412,AGI-EQ,AGI,,-1.000000,1,,NSE,5.000000
24445,AGIIL-EQ,AGIIL,,-1.000000,1,,NSE,5.000000
763784,AGL-EQ,AGL,,-1.000000,1,,NSE,1.000000
11072,AGRITECH-EQ,AGRITECH,,-1.000000,1,,NSE,1.000000
9046,AGROPHOS-EQ,AGROPHOS,,-1.000000,1,,NSE,1.000000
758968,AHCL-EQ,AHCL,,-1.000000,1,,NSE,1.000000
2004,AHLADA-EQ,AHLADA,,-1.000000,1,,NSE,1.000000
19438,AHLEAST-EQ,AHLEAST,,-1.000000,1,,NSE,1.000000
17833,AHLUCONT-EQ,AHLUCONT,,-1.000000,1,,NSE,5.000000
13086,AIAENG-EQ,AIAENG,,-1.000000,1,,NSE,10.000000
23553,AIIL-EQ,AIIL,,-1.000000,1,,NSE,5.000000
9897,AIRAN-EQ,AIRAN,,-1.000000,1,,NSE,1.000000
6068,AIROLAM-EQ,AIROLAM,,-1.000000,1,,NSE,1.000000
8124,AJANTPHARM-EQ,AJANTPHARM,,-1.000000,1,,NSE,10.000000
29624,AJAXENGG-EQ,AJAXENGG,,-1.000000,1,,NSE,5.000000
17307,AJMERA-EQ,AJMERA,,-1.000000,1,,NSE,1.000000
3403,AJOONI-EQ,AJOONI,,-1.000000,1,,NSE,1.000000
13510,AKASH-EQ,AKASH,,-1.000000,1,,NSE,1.000000
762538,AKCAPIT-EQ,AKCAPIT,,-1.000000,1,,NSE,10.000000
2176,AKG-EQ,AKG,,-1.000000,1,,NSE,1.000000
14890,AKI-EQ,AKI,,-1.000000,1,,NSE,1.000000
9558,AKSHAR-EQ,AKSHAR,,-1.000000,1,,NSE,1.000000
24715,AKUMS-EQ,AKUMS,,-1.000000,1,,NSE,5.000000
9921,ALANKIT-EQ,ALANKIT,,-1.000000,1,,NSE,1.000000
17256,ALBERTDAVD-EQ,ALBERTDAVD,,-1.000000,1,,NSE,5.000000
79,ALEMBICLTD-EQ,ALEMBICLTD,,-1.000000,1,,NSE,1.000000
764573,ALFREDHE-EQ,ALFREDHE,,-1.000000,1,,NSE,10.000000
761270,ALGOQUANT-EQ,ALGOQUANT,,-1.000000,1,,NSE,1.000000
13656,ALICON-EQ,ALICON,,-1.000000,1,,NSE,5.000000
5265,ALIVUS-EQ,ALIVUS,,-1.000000,1,,NSE,10.000000
11703,ALKEM-EQ,ALKEM,,-1.000000,1,,NSE,50.000000
4487,ALKYLAMINE-EQ,ALKYLAMINE,,-1.000000,1,,NSE,10.000000
13501,ALLCARGO-EQ,ALLCARGO,,-1.000000,1,,NSE,1.000000
11798,ALLDIGI-EQ,ALLDIGI,,-1.000000,1,,NSE,5.000000
758448,ALLTIME-EQ,ALLTIME,,-1.000000,1,,NSE,1.000000
16719,ALMONDZ-EQ,ALMONDZ,,-1.000000,1,,NSE,1.000000
17675,ALOKINDS-EQ,ALOKINDS,,-1.000000,1,,NSE,1.000000
14848,ALPA-EQ,ALPA,,-1.000000,1,,NSE,1.000000
7412,ALPHA-EQ,ALPHA,,-1.000000,1,,NSE,1.000000
19640,ALPHAETF-EQ,ALPHAETF,,-1.000000,1,,NSE,1.000000
14597,ALPHAGEO-EQ,ALPHAGEO,,-1.000000,1,,NSE,1.000000
764186,ALPINETEX-EQ,ALPINETEX,,-1.000000,1,,NSE,1.000000
22344,ALPL30IETF-EQ,ALPL30IETF,,-1.000000,1,,NSE,1.000000
764578,ALUFLUOR-EQ,ALUFLUOR,,-1.000000,1,,NSE,5.000000
760740,AMAGI-EQ,AMAGI,,-1.000000,1,,NSE,5.000000
764583,AMAL-EQ,AMAL,,-1.000000,1,,NSE,5.000000
764588,AMARJOTHI-EQ,AMARJOTHI,,-1.000000,1,,NSE,1.000000
762543,AMBALALSA-EQ,AMBALALSA,,-1.000000,1,,NSE,1.000000
1185,AMBER-EQ,AMBER,,-1.000000,1,,NSE,50.000000
11496,AMBICAAGAR-EQ,AMBICAAGAR,,-1.000000,1,,NSE,1.000000
15234,AMBIKCO-EQ,AMBIKCO,,-1.000000,1,,NSE,10.000000
1270,AMBUJACEM-EQ,AMBUJACEM,,-1.000000,1,,NSE,5.000000
14398,AMDIND-EQ,AMDIND,,-1.000000,1,,NSE,1.000000
2598,AMJLAND-EQ,AMJLAND,,-1.000000,1,,NSE,1.000000
19867,AMNPLST-EQ,AMNPLST,,-1.000000,1,,NSE,1.000000
17547,AMRUTANJAN-EQ,AMRUTANJAN,,-1.000000,1,,NSE,5.000000
7145,ANANDRATHI-EQ,ANANDRATHI,,-1.000000,1,,NSE,10.000000
13620,ANANTRAJ-EQ,ANANTRAJ,,-1.000000,1,,NSE,5.000000
166,ANDHRAPAP-EQ,ANDHRAPAP,,-1.000000,1,,NSE,1.000000
136,ANDHRSUGAR-EQ,ANDHRSUGAR,,-1.000000,1,,NSE,1.000000
5206,ANDREWYU-EQ,ANDREWYU,,-1.000000,1,,NSE,1.000000
324,ANGELONE-EQ,ANGELONE,,-1.000000,1,,NSE,5.000000
16657,ANIKINDS-EQ,ANIKINDS,,-1.000000,1,,NSE,1.000000
3727,ANMOL-EQ,ANMOL,,-1.000000,1,,NSE,1.000000
764471,ANNAPURNA-EQ,ANNAPURNA,,-1.000000,1,,NSE,5.000000
765020,ANSALBU-EQ,ANSALBU,,-1.000000,1,,NSE,1.000000
13598,ANTELOPUS-EQ,ANTELOPUS,,-1.000000,1,,NSE,5.000000
5194,ANTGRAPHIC-EQ,ANTGRAPHIC,,-1.000000,1,,NSE,1.000000
757885,ANTHEM-EQ,ANTHEM,,-1.000000,1,,NSE,5.000000
28314,ANUHPHR-EQ,ANUHPHR,,-1.000000,1,,NSE,1.000000
9014,ANUP-EQ,ANUP,,-1.000000,1,,NSE,10.000000
2829,ANURAS-EQ,ANURAS,,-1.000000,1,,NSE,10.000000
758904,AONEGOLD-EQ,AONEGOLD,,-1.000000,1,,NSE,1.000000
30472,AONELIQUID-EQ,AONELIQUID,,-1.000000,1,,NSE,1.000000
757096,AONENIFTY-EQ,AONENIFTY,,-1.000000,1,,NSE,1.000000
760193,AONESILVER-EQ,AONESILVER,,-1.000000,1,,NSE,1.000000
759992,AONETMMQ50-EQ,AONETMMQ50,,-1.000000,1,,NSE,1.000000
29975,AONETOTAL-EQ,AONETOTAL,,-1.000000,1,,NSE,1.000000
11491,APARINDS-EQ,APARINDS,,-1.000000,1,,NSE,100.000000
20453,APCL-EQ,APCL,,-1.000000,1,,NSE,1.000000
154,APCOTEXIND-EQ,APCOTEXIND,,-1.000000,1,,NSE,5.000000
21623,APEX-EQ,APEX,,-1.000000,1,,NSE,5.000000
25780,APLAPOLLO-EQ,APLAPOLLO,,-1.000000,1,,NSE,10.000000
25328,APLLTD-EQ,APLLTD,,-1.000000,1,,NSE,5.000000
1134,APOLLO-EQ,APOLLO,,-1.000000,1,,NSE,5.000000
157,APOLLOHOSP-EQ,APOLLOHOSP,,-1.000000,1,,NSE,50.000000
14361,APOLLOPIPE-EQ,APOLLOPIPE,,-1.000000,1,,NSE,5.000000
163,APOLLOTYRE-EQ,APOLLOTYRE,,-1.000000,1,,NSE,5.000000
6302,APOLSINHOT-EQ,APOLSINHOT,,-1.000000,1,,NSE,10.000000
764593,APOORVA-EQ,APOORVA,,-1.000000,1,,NSE,1.000000
5435,APTUS-EQ,APTUS,,-1.000000,1,,NSE,5.000000
23365,AQYLON-EQ,AQYLON,,-1.000000,1,,NSE,1.000000
16795,ARCHIDPLY-EQ,ARCHIDPLY,,-1.000000,1,,NSE,1.000000
5688,ARCHIES-EQ,ARCHIES,,-1.000000,1,,NSE,1.000000
764598,ARCL-EQ,ARCL,,-1.000000,1,,NSE,1.000000
764480,ARDEE-EQ,ARDEE,,-1.000000,1,,NSE,1.000000
100,ARE&M-EQ,ARE&M,,-1.000000,1,,NSE,5.000000
181,ARENTERP-EQ,ARENTERP,,-1.000000,1,,NSE,1.000000
758700,ARFIN-EQ,ARFIN,,-1.000000,1,,NSE,1.000000
15204,ARIES-EQ,ARIES,,-1.000000,1,,NSE,5.000000
13885,ARIHANT-EQ,ARIHANT,,-1.000000,1,,NSE,10.000000
3813,ARIHANTCAP-EQ,ARIHANTCAP,,-1.000000,1,,NSE,1.000000
20159,ARIHANTSUP-EQ,ARIHANTSUP,,-1.000000,1,,NSE,5.000000
757614,ARIS-EQ,ARIS,,-1.000000,1,,NSE,1.000000
25398,ARKADE-EQ,ARKADE,,-1.000000,1,,NSE,1.000000
17263,ARMANFIN-EQ,ARMANFIN,,-1.000000,1,,NSE,10.000000
14557,AROGRANITE-EQ,AROGRANITE,,-1.000000,1,,NSE,1.000000
759956,ARSSBL-EQ,ARSSBL,,-1.000000,1,,NSE,5.000000
16913,ARTEMISMED-EQ,ARTEMISMED,,-1.000000,1,,NSE,5.000000
6156,ARTNIRMAN-EQ,ARTNIRMAN,,-1.000000,1,,NSE,1.000000
2814,ARVEE-EQ,ARVEE,,-1.000000,1,,NSE,1.000000
193,ARVIND-EQ,ARVIND,,-1.000000,1,,NSE,5.000000
9111,ARVINDFASN-EQ,ARVINDFASN,,-1.000000,1,,NSE,5.000000
10457,ARVSMART-EQ,ARVSMART,,-1.000000,1,,NSE,5.000000
764603,ARYAMAN-EQ,ARYAMAN,,-1.000000,1,,NSE,5.000000
5378,ASAHIINDIA-EQ,ASAHIINDIA,,-1.000000,1,,NSE,5.000000
10634,ASAL-EQ,ASAL,,-1.000000,1,,NSE,5.000000
17598,ASALCBR-EQ,ASALCBR,,-1.000000,1,,NSE,5.000000
203,ASHAPURMIN-EQ,ASHAPURMIN,,-1.000000,1,,NSE,5.000000
24403,ASHIANA-EQ,ASHIANA,,-1.000000,1,,NSE,5.000000
206,ASHIMASYN-EQ,ASHIMASYN,,-1.000000,1,,NSE,1.000000
20182,ASHOKA-EQ,ASHOKA,,-1.000000,1,,NSE,1.000000
16943,ASHOKAMET-EQ,ASHOKAMET,,-1.000000,1,,NSE,1.000000
212,ASHOKLEY-EQ,ASHOKLEY,,-1.000000,1,,NSE,1.000000
7030,ASIANENE-EQ,ASIANENE,,-1.000000,1,,NSE,5.000000
18422,ASIANHOTNR-EQ,ASIANHOTNR,,-1.000000,1,,NSE,5.000000
236,ASIANPAINT-EQ,ASIANPAINT,,-1.000000,1,,NSE,10.000000
14889,ASIANTILES-EQ,ASIANTILES,,-1.000000,1,,NSE,1.000000
765025,ASIANTNE-EQ,ASIANTNE,,-1.000000,1,,NSE,1.000000
20152,ASKAUTOLTD-EQ,ASKAUTOLTD,,-1.000000,1,,NSE,5.000000
17270,ASPINWALL-EQ,ASPINWALL,,-1.000000,1,,NSE,1.000000
765237,ASSAMENT-EQ,ASSAMENT,,-1.000000,1,,NSE,5.000000
762553,ASTAR-EQ,ASTAR,,-1.000000,1,,NSE,5.000000
17728,ASTEC-EQ,ASTEC,,-1.000000,1,,NSE,5.000000
1508,ASTERDM-EQ,ASTERDM,,-1.000000,1,,NSE,5.000000
14418,ASTRAL-EQ,ASTRAL,,-1.000000,1,,NSE,10.000000
11618,ASTRAMICRO-EQ,ASTRAMICRO,,-1.000000,1,,NSE,10.000000
5610,ASTRAZEN-EQ,ASTRAZEN,,-1.000000,1,,NSE,50.000000
15649,ATALREAL-EQ,ATALREAL,,-1.000000,1,,NSE,1.000000
15404,ATAM-EQ,ATAM,,-1.000000,1,,NSE,1.000000
6066,ATGL-EQ,ATGL,,-1.000000,1,,NSE,5.000000
757645,ATHERENERG-EQ,ATHERENERG,,-1.000000,1,,NSE,10.000000
17778,ATL-EQ,ATL,,-1.000000,1,,NSE,1.000000
13585,ATLANTAA-EQ,ATLANTAA,,-1.000000,1,,NSE,1.000000
759007,ATLANTAELE-EQ,ATLANTAELE,,-1.000000,1,,NSE,10.000000
4568,ATLASCYCLE-EQ,ATLASCYCLE,,-1.000000,1,,NSE,1.000000
263,ATUL-EQ,ATUL,,-1.000000,1,,NSE,50.000000
30023,ATULAUTO-EQ,ATULAUTO,,-1.000000,1,,NSE,5.000000
21238,AUBANK-EQ,AUBANK,,-1.000000,1,,NSE,10.000000
12022,AURIONPRO-EQ,AURIONPRO,,-1.000000,1,,NSE,5.000000
275,AUROPHARMA-EQ,AUROPHARMA,,-1.000000,1,,NSE,10.000000
10310,AURUM-EQ,AURUM,,-1.000000,1,,NSE,1.000000
31468,AURUS-EQ,AURUS,,-1.000000,1,,NSE,1.000000
4037,AUSOMENT-EQ,AUSOMENT,,-1.000000,1,,NSE,1.000000
764608,AUSTENG-EQ,AUSTENG,,-1.000000,1,,NSE,1.000000
278,AUTOAXLES-EQ,AUTOAXLES,,-1.000000,1,,NSE,10.000000
7880,AUTOBEES-EQ,AUTOBEES,,-1.000000,1,,NSE,1.000000
7844,AUTOIETF-EQ,AUTOIETF,,-1.000000,1,,NSE,1.000000
21406,AVADHSUGAR-EQ,AVADHSUGAR,,-1.000000,1,,NSE,5.000000
15058,AVALON-EQ,AVALON,,-1.000000,1,,NSE,10.000000
765030,AVANCE-EQ,AVANCE,,-1.000000,1,,NSE,1.000000
24610,AVANTEL-EQ,AVANTEL,,-1.000000,1,,NSE,1.000000
7936,AVANTIFEED-EQ,AVANTIFEED,,-1.000000,1,,NSE,5.000000
25984,AVL-EQ,AVL,,-1.000000,1,,NSE,5.000000
13557,AVONMORE-EQ,AVONMORE,,-1.000000,1,,NSE,1.000000
8827,AVROIND-EQ,AVROIND,,-1.000000,1,,NSE,1.000000
14008,AVTNPL-EQ,AVTNPL,,-1.000000,1,,NSE,1.000000
23864,AWFIS-EQ,AWFIS,,-1.000000,1,,NSE,5.000000
1797,AWHCL-EQ,AWHCL,,-1.000000,1,,NSE,5.000000
8110,AWL-EQ,AWL,,-1.000000,1,,NSE,1.000000
5900,AXISBANK-EQ,AXISBANK,,-1.000000,1,,NSE,10.000000
9436,AXISCADES-EQ,AXISCADES,,-1.000000,1,,NSE,10.000000
9902,AXITA-EQ,AXITA,,-1.000000,1,,NSE,1.000000
764613,AXTEL-EQ,AXTEL,,-1.000000,1,,NSE,5.000000
760981,AYE-EQ,AYE,,-1.000000,1,,NSE,1.000000
10285,AYMSYNTEX-EQ,AYMSYNTEX,,-1.000000,1,,NSE,5.000000
20905,AZAD-EQ,AZAD,,-1.000000,1,,NSE,10.000000
765035,AZADIND-EQ,AZADIND,,-1.000000,1,,NSE,1.000000
11226,BAGFILMS-EQ,BAGFILMS,,-1.000000,1,,NSE,1.000000
13794,BAIDFIN-EQ,BAIDFIN,,-1.000000,1,,NSE,1.000000
16669,BAJAJ-AUTO-EQ,BAJAJ-AUTO,,-1.000000,1,,NSE,100.000000
19531,BAJAJCON-EQ,BAJAJCON,,-1.000000,1,,NSE,5.000000
15034,BAJAJELEC-EQ,BAJAJELEC,,-1.000000,1,,NSE,5.000000
16675,BAJAJFINSV-EQ,BAJAJFINSV,,-1.000000,1,,NSE,10.000000
6863,BAJAJHCARE-EQ,BAJAJHCARE,,-1.000000,1,,NSE,5.000000
25270,BAJAJHFL-EQ,BAJAJHFL,,-1.000000,1,,NSE,1.000000
308,BAJAJHIND-EQ,BAJAJHIND,,-1.000000,1,,NSE,1.000000
305,BAJAJHLDNG-EQ,BAJAJHLDNG,,-1.000000,1,,NSE,100.000000
29678,BAJAJINDEF-EQ,BAJAJINDEF,,-1.000000,1,,NSE,1.000000
762563,BAJAJST-EQ,BAJAJST,,-1.000000,1,,NSE,5.000000
20531,BAJEL-EQ,BAJEL,,-1.000000,1,,NSE,1.000000
317,BAJFINANCE-EQ,BAJFINANCE,,-1.000000,1,,NSE,10.000000
25203,BALAJEE-EQ,BALAJEE,,-1.000000,1,,NSE,1.000000
9158,BALAJITELE-EQ,BALAJITELE,,-1.000000,1,,NSE,1.000000
14501,BALAMINES-EQ,BALAMINES,,-1.000000,1,,NSE,10.000000
11309,BALAXI-EQ,BALAXI,,-1.000000,1,,NSE,1.000000
10181,BALKRISHNA-EQ,BALKRISHNA,,-1.000000,1,,NSE,1.000000
335,BALKRISIND-EQ,BALKRISIND,,-1.000000,1,,NSE,10.000000
338,BALMLAWRIE-EQ,BALMLAWRIE,,-1.000000,1,,NSE,1.000000
13441,BALPHARMA-EQ,BALPHARMA,,-1.000000,1,,NSE,1.000000
341,BALRAMCHIN-EQ,BALRAMCHIN,,-1.000000,1,,NSE,5.000000
23607,BALUFORGE-EQ,BALUFORGE,,-1.000000,1,,NSE,5.000000
347,BANARBEADS-EQ,BANARBEADS,,-1.000000,1,,NSE,1.000000
350,BANARISUG-EQ,BANARISUG,,-1.000000,1,,NSE,10.000000
13880,BANCOINDIA-EQ,BANCOINDIA,,-1.000000,1,,NSE,5.000000
2263,BANDHANBNK-EQ,BANDHANBNK,,-1.000000,1,,NSE,1.000000
15303,BANG-EQ,BANG,,-1.000000,1,,NSE,1.000000
761364,BANK10ADD-EQ,BANK10ADD,,-1.000000,1,,NSE,1.000000
764183,BANK10BETF-EQ,BANK10BETF,,-1.000000,1,,NSE,1.000000
822,BANKA-EQ,BANKA,,-1.000000,1,,NSE,1.000000
13644,BANKADD-EQ,BANKADD,,-1.000000,1,,NSE,1.000000
4668,BANKBARODA-EQ,BANKBARODA,,-1.000000,1,,NSE,1.000000
11439,BANKBEES-EQ,BANKBEES,,-1.000000,1,,NSE,1.000000
22440,BANKBETA-EQ,BANKBETA,,-1.000000,1,,NSE,1.000000
21986,BANKBETF-EQ,BANKBETF,,-1.000000,1,,NSE,1.000000
17419,BANKETF-EQ,BANKETF,,-1.000000,1,,NSE,1.000000
11037,BANKIETF-EQ,BANKIETF,,-1.000000,1,,NSE,1.000000
4745,BANKINDIA-EQ,BANKINDIA,,-1.000000,1,,NSE,1.000000
5851,BANKNIFTY1-EQ,BANKNIFTY1,,-1.000000,1,,NSE,1.000000
25725,BANKPSU-EQ,BANKPSU,,-1.000000,1,,NSE,1.000000
24386,BANSALWIRE-EQ,BANSALWIRE,,-1.000000,1,,NSE,5.000000
14511,BANSWRAS-EQ,BANSWRAS,,-1.000000,1,,NSE,1.000000
368,BASF-EQ,BASF,,-1.000000,1,,NSE,10.000000
371,BATAINDIA-EQ,BATAINDIA,,-1.000000,1,,NSE,5.000000
762568,BATLIBOI-EQ,BATLIBOI,,-1.000000,1,,NSE,1.000000
17927,BAYERCROP-EQ,BAYERCROP,,-1.000000,1,,NSE,10.000000
7196,BBETF0432-EQ,BBETF0432,,-1.000000,1,,NSE,1.000000
13761,BBL-EQ,BBL,,-1.000000,1,,NSE,10.000000
24117,BBNPNBETF-EQ,BBNPNBETF,,-1.000000,1,,NSE,1.000000
20547,BBNPPGOLD-EQ,BBNPPGOLD,,-1.000000,1,,NSE,5.000000
3435,BBOX-EQ,BBOX,,-1.000000,1,,NSE,5.000000
380,BBTC-EQ,BBTC,,-1.000000,1,,NSE,10.000000
12153,BBTCL-EQ,BBTCL,,-1.000000,1,,NSE,1.000000
8833,BCG-EQ,BCG,,-1.000000,1,,NSE,1.000000
2513,BCLIND-EQ,BCLIND,,-1.000000,1,,NSE,1.000000
7780,BCONCEPTS-EQ,BCONCEPTS,,-1.000000,1,,NSE,1.000000
761494,BCPL-EQ,BCPL,,-1.000000,1,,NSE,1.000000
2144,BDL-EQ,BDL,,-1.000000,1,,NSE,10.000000
17933,BEARDSELL-EQ,BEARDSELL,,-1.000000,1,,NSE,1.000000
1628,BECTORFOOD-EQ,BECTORFOOD,,-1.000000,1,,NSE,1.000000
20196,BEDMUTHA-EQ,BEDMUTHA,,-1.000000,1,,NSE,1.000000
762573,BEEKAY-EQ,BEEKAY,,-1.000000,1,,NSE,5.000000
383,BEL-EQ,BEL,,-1.000000,1,,NSE,5.000000
757938,BELLACASA-EQ,BELLACASA,,-1.000000,1,,NSE,1.000000
757102,BELRISE-EQ,BELRISE,,-1.000000,1,,NSE,1.000000
395,BEML-EQ,BEML,,-1.000000,1,,NSE,10.000000
764618,BENARAS-EQ,BENARAS,,-1.000000,1,,NSE,100.000000
762578,BENGALASM-EQ,BENGALASM,,-1.000000,1,,NSE,50.000000
419,BEPL-EQ,BEPL,,-1.000000,1,,NSE,1.000000
404,BERGEPAINT-EQ,BERGEPAINT,,-1.000000,1,,NSE,5.000000
2306,BESTAGRO-EQ,BESTAGRO,,-1.000000,1,,NSE,1.000000
759842,BETA-EQ,BETA,,-1.000000,1,,NSE,10.000000
21113,BFINVEST-EQ,BFINVEST,,-1.000000,1,,NSE,5.000000
5220,BFSI-EQ,BFSI,,-1.000000,1,,NSE,1.000000
14567,BFUTILITIE-EQ,BFUTILITIE,,-1.000000,1,,NSE,5.000000
6164,BHAGCHEM-EQ,BHAGCHEM,,-1.000000,1,,NSE,5.000000
20776,BHAGYANGR-EQ,BHAGYANGR,,-1.000000,1,,NSE,5.000000
19556,BHANDARI-EQ,BHANDARI,,-1.000000,1,,NSE,1.000000
760726,BHARATCOAL-EQ,BHARATCOAL,,-1.000000,1,,NSE,1.000000
422,BHARATFORG-EQ,BHARATFORG,,-1.000000,1,,NSE,10.000000
3834,BHARATRAS-EQ,BHARATRAS,,-1.000000,1,,NSE,10.000000
30244,BHARATSE-EQ,BHARATSE,,-1.000000,1,,NSE,1.000000
16123,BHARATWIRE-EQ,BHARATWIRE,,-1.000000,1,,NSE,1.000000
10604,BHARTIARTL-EQ,BHARTIARTL,,-1.000000,1,,NSE,10.000000
23489,BHARTIHEXA-EQ,BHARTIHEXA,,-1.000000,1,,NSE,10.000000
438,BHEL-EQ,BHEL,,-1.000000,1,,NSE,5.000000
762583,BI-EQ,BI,,-1.000000,1,,NSE,1.000000
18431,BIGBLOC-EQ,BIGBLOC,,-1.000000,1,,NSE,1.000000
11966,BIKAJI-EQ,BIKAJI,,-1.000000,1,,NSE,5.000000
7848,BIL-EQ,BIL,,-1.000000,1,,NSE,5.000000
762588,BIMETAL-EQ,BIMETAL,,-1.000000,1,,NSE,5.000000
11373,BIOCON-EQ,BIOCON,,-1.000000,1,,NSE,5.000000
4136,BIOFILCHEM-EQ,BIOFILCHEM,,-1.000000,1,,NSE,1.000000
480,BIRLACORPN-EQ,BIRLACORPN,,-1.000000,1,,NSE,5.000000
15239,BIRLAMONEY-EQ,BIRLAMONEY,,-1.000000,1,,NSE,1.000000
1455,BIRLANU-EQ,BIRLANU,,-1.000000,1,,NSE,10.000000
762593,BIRLAPREC-EQ,BIRLAPREC,,-1.000000,1,,NSE,1.000000
27144,BLACKBUCK-EQ,BLACKBUCK,,-1.000000,1,,NSE,5.000000
15067,BLAL-EQ,BLAL,,-1.000000,1,,NSE,1.000000
8132,BLBLIMITED-EQ,BLBLIMITED,,-1.000000,1,,NSE,1.000000
762603,BLIL-EQ,BLIL,,-1.000000,1,,NSE,1.000000
13290,BLKASHYAP-EQ,BLKASHYAP,,-1.000000,1,,NSE,1.000000
17279,BLS-EQ,BLS,,-1.000000,1,,NSE,1.000000
22566,BLSE-EQ,BLSE,,-1.000000,1,,NSE,5.000000
4681,BLUECHIP-EQ,BLUECHIP,,-1.000000,1,,NSE,1.000000
765040,BLUECLOUDS-EQ,BLUECLOUDS,,-1.000000,1,,NSE,1.000000
495,BLUEDART-EQ,BLUEDART,,-1.000000,1,,NSE,50.000000
19686,BLUEJET-EQ,BLUEJET,,-1.000000,1,,NSE,5.000000
8311,BLUESTARCO-EQ,BLUESTARCO,,-1.000000,1,,NSE,10.000000
759291,BLUESTONE-EQ,BLUESTONE,,-1.000000,1,,NSE,5.000000
757520,BLUSPRING-EQ,BLUSPRING,,-1.000000,1,,NSE,1.000000
759256,BMWVENTLTD-EQ,BMWVENTLTD,,-1.000000,1,,NSE,1.000000
762608,BNAGROCHEM-EQ,BNAGROCHEM,,-1.000000,1,,NSE,5.000000
1044,BNKETFAXIS-EQ,BNKETFAXIS,,-1.000000,1,,NSE,1.000000
11640,BOHRAIND-EQ,BOHRAIND,,-1.000000,1,,NSE,1.000000
513,BOMDYEING-EQ,BOMDYEING,,-1.000000,1,,NSE,1.000000
761056,BONLON-EQ,BONLON,,-1.000000,1,,NSE,1.000000
757919,BORANA-EQ,BORANA,,-1.000000,1,,NSE,5.000000
19401,BOROLTD-EQ,BOROLTD,,-1.000000,1,,NSE,1.000000
3149,BORORENEW-EQ,BORORENEW,,-1.000000,1,,NSE,5.000000
24014,BOROSCI-EQ,BOROSCI,,-1.000000,1,,NSE,1.000000
4491,BOSCH-HCIL-EQ,BOSCH-HCIL,,-1.000000,1,,NSE,10.000000
2181,BOSCHLTD-EQ,BOSCHLTD,,-1.000000,1,,NSE,500.000000
526,BPCL-EQ,BPCL,,-1.000000,1,,NSE,5.000000
530,BPL-EQ,BPL,,-1.000000,1,,NSE,1.000000
764623,BPLPHARMA-EQ,BPLPHARMA,,-1.000000,1,,NSE,10.000000
764628,BRAHMINFRA-EQ,BRAHMINFRA,,-1.000000,1,,NSE,1.000000
15184,BRIGADE-EQ,BRIGADE,,-1.000000,1,,NSE,5.000000
757794,BRIGHOTEL-EQ,BRIGHOTEL,,-1.000000,1,,NSE,1.000000
764633,BRIGHTBR-EQ,BRIGHTBR,,-1.000000,1,,NSE,1.000000
547,BRITANNIA-EQ,BRITANNIA,,-1.000000,1,,NSE,50.000000
21683,BRNL-EQ,BRNL,,-1.000000,1,,NSE,1.000000
19585,BSE-EQ,BSE,,-1.000000,1,,NSE,10.000000
3001,BSE500IETF-EQ,BSE500IETF,,-1.000000,1,,NSE,1.000000
809,BSHSL-EQ,BSHSL,,-1.000000,1,,NSE,1.000000
559,BSL-EQ,BSL,,-1.000000,1,,NSE,1.000000
23804,BSLGOLDETF-EQ,BSLGOLDETF,,-1.000000,1,,NSE,1.000000
24781,BSLNIFTY-EQ,BSLNIFTY,,-1.000000,1,,NSE,1.000000
5957,BSLSENETFG-EQ,BSLSENETFG,,-1.000000,1,,NSE,1.000000
6994,BSOFT-EQ,BSOFT,,-1.000000,1,,NSE,5.000000
14150,BTML-EQ,BTML,,-1.000000,1,,NSE,1.000000
760594,BUILDPRO-EQ,BUILDPRO,,-1.000000,1,,NSE,10.000000
2716,BUTTERFLY-EQ,BUTTERFLY,,-1.000000,1,,NSE,5.000000
15073,BVCL-EQ,BVCL,,-1.000000,1,,NSE,1.000000
8341,CALSOFT-EQ,CALSOFT,,-1.000000,1,,NSE,1.000000
6216,CAMLINFINE-EQ,CAMLINFINE,,-1.000000,1,,NSE,1.000000
9362,CAMPUS-EQ,CAMPUS,,-1.000000,1,,NSE,1.000000
342,CAMS-EQ,CAMS,,-1.000000,1,,NSE,5.000000
10794,CANBK-EQ,CANBK,,-1.000000,1,,NSE,1.000000
583,CANFINHOME-EQ,CANFINHOME,,-1.000000,1,,NSE,5.000000
759477,CANHLIFE-EQ,CANHLIFE,,-1.000000,1,,NSE,1.000000
20160,CANTABIL-EQ,CANTABIL,,-1.000000,1,,NSE,1.000000
21749,CAPACITE-EQ,CAPACITE,,-1.000000,1,,NSE,1.000000
759867,CAPILLARY-EQ,CAPILLARY,,-1.000000,1,,NSE,5.000000
22675,CAPITALSFB-EQ,CAPITALSFB,,-1.000000,1,,NSE,5.000000
3906,CAPLIPOINT-EQ,CAPLIPOINT,,-1.000000,1,,NSE,10.000000
595,CARBORUNIV-EQ,CARBORUNIV,,-1.000000,1,,NSE,10.000000
29113,CARERATING-EQ,CARERATING,,-1.000000,1,,NSE,10.000000
28879,CARRARO-EQ,CARRARO,,-1.000000,1,,NSE,5.000000
5407,CARTRADE-EQ,CARTRADE,,-1.000000,1,,NSE,10.000000
1879,CARYSIL-EQ,CARYSIL,,-1.000000,1,,NSE,10.000000
30139,CASHIETF-EQ,CASHIETF,,-1.000000,1,,NSE,1.000000
1250,CASTROLIND-EQ,CASTROLIND,,-1.000000,1,,NSE,1.000000
16249,CCAVENUE-EQ,CCAVENUE,,-1.000000,1,,NSE,1.000000
14992,CCCL-EQ,CCCL,,-1.000000,1,,NSE,1.000000
6385,CCHHL-EQ,CCHHL,,-1.000000,1,,NSE,1.000000
11452,CCL-EQ,CCL,,-1.000000,1,,NSE,10.000000
21174,CDSL-EQ,CDSL,,-1.000000,1,,NSE,10.000000
15254,CEATLTD-EQ,CEATLTD,,-1.000000,1,,NSE,10.000000
24742,CEIGALL-EQ,CEIGALL,,-1.000000,1,,NSE,5.000000
761037,CEINSYS-EQ,CEINSYS,,-1.000000,1,,NSE,5.000000
13162,CELEBRITY-EQ,CELEBRITY,,-1.000000,1,,NSE,1.000000
19795,CELLO-EQ,CELLO,,-1.000000,1,,NSE,5.000000
764285,CEMNTGROWW-EQ,CEMNTGROWW,,-1.000000,1,,NSE,1.000000
5622,CEMPRO-EQ,CEMPRO,,-1.000000,1,,NSE,10.000000
619,CENTENKA-EQ,CENTENKA,,-1.000000,1,,NSE,5.000000
11511,CENTEXT-EQ,CENTEXT,,-1.000000,1,,NSE,1.000000
14894,CENTRALBK-EQ,CENTRALBK,,-1.000000,1,,NSE,1.000000
2454,CENTRUM-EQ,CENTRUM,,-1.000000,1,,NSE,1.000000
14982,CENTUM-EQ,CENTUM,,-1.000000,1,,NSE,10.000000
13305,CENTURYPLY-EQ,CENTURYPLY,,-1.000000,1,,NSE,5.000000
15039,CERA-EQ,CERA,,-1.000000,1,,NSE,50.000000
628,CESC-EQ,CESC,,-1.000000,1,,NSE,1.000000
28764,CEWATER-EQ,CEWATER,,-1.000000,1,,NSE,5.000000
764638,CFEL-EQ,CFEL,,-1.000000,1,,NSE,1.000000
20329,CGCL-EQ,CGCL,,-1.000000,1,,NSE,1.000000
760,CGPOWER-EQ,CGPOWER,,-1.000000,1,,NSE,5.000000
764643,CGVAK-EQ,CGVAK,,-1.000000,1,,NSE,1.000000
8546,CHALET-EQ,CHALET,,-1.000000,1,,NSE,5.000000
637,CHAMBLFERT-EQ,CHAMBLFERT,,-1.000000,1,,NSE,5.000000
14618,CHEMBOND-EQ,CHEMBOND,,-1.000000,1,,NSE,1.000000
765045,CHEMCRUX-EQ,CHEMCRUX,,-1.000000,1,,NSE,1.000000
2799,CHEMFAB-EQ,CHEMFAB,,-1.000000,1,,NSE,5.000000
759885,CHEMICAL-EQ,CHEMICAL,,-1.000000,1,,NSE,1.000000
5449,CHEMPLASTS-EQ,CHEMPLASTS,,-1.000000,1,,NSE,1.000000
2049,CHENNPETRO-EQ,CHENNPETRO,,-1.000000,1,,NSE,10.000000
9879,CHEVIOT-EQ,CHEVIOT,,-1.000000,1,,NSE,10.000000
759610,CHOICEGOLD-EQ,CHOICEGOLD,,-1.000000,1,,NSE,1.000000
8866,CHOICEIN-EQ,CHOICEIN,,-1.000000,1,,NSE,5.000000
685,CHOLAFIN-EQ,CHOLAFIN,,-1.000000,1,,NSE,10.000000
21740,CHOLAHLDNG-EQ,CHOLAHLDNG,,-1.000000,1,,NSE,10.000000
14937,CIEINDIA-EQ,CIEINDIA,,-1.000000,1,,NSE,5.000000
756015,CIFL-EQ,CIFL,,-1.000000,1,,NSE,1.000000
27161,CINELINE-EQ,CINELINE,,-1.000000,1,,NSE,1.000000
8024,CINEVISTA-EQ,CINEVISTA,,-1.000000,1,,NSE,1.000000
694,CIPLA-EQ,CIPLA,,-1.000000,1,,NSE,10.000000
5049,CLEAN-EQ,CLEAN,,-1.000000,1,,NSE,5.000000
760183,CLEANMAX-EQ,CLEANMAX,,-1.000000,1,,NSE,10.000000
3482,CLSEL-EQ,CLSEL,,-1.000000,1,,NSE,5.000000
764255,CMLL-EQ,CMLL,,-1.000000,1,,NSE,5.000000
761581,CMPDI-EQ,CMPDI,,-1.000000,1,,NSE,1.000000
30893,CMRGREEN-EQ,CMRGREEN,,-1.000000,1,,NSE,1.000000
7603,CMSINFO-EQ,CMSINFO,,-1.000000,1,,NSE,5.000000
11155,CNL-EQ,CNL,,-1.000000,1,,NSE,5.000000
20374,COALINDIA-EQ,COALINDIA,,-1.000000,1,,NSE,5.000000
6006,COASTCORP-EQ,COASTCORP,,-1.000000,1,,NSE,1.000000
21508,COCHINSHIP-EQ,COCHINSHIP,,-1.000000,1,,NSE,10.000000
762623,COCKERILL-EQ,COCKERILL,,-1.000000,1,,NSE,50.000000
11543,COFORGE-EQ,COFORGE,,-1.000000,1,,NSE,10.000000
17945,COHANCE-EQ,COHANCE,,-1.000000,1,,NSE,5.000000
15141,COLPAL-EQ,COLPAL,,-1.000000,1,,NSE,10.000000
762628,COMFINTE-EQ,COMFINTE,,-1.000000,1,,NSE,1.000000
13198,COMMOIETF-EQ,COMMOIETF,,-1.000000,1,,NSE,1.000000
764648,COMPEAU-EQ,COMPEAU,,-1.000000,1,,NSE,5.000000
31138,COMPUSOFT-EQ,COMPUSOFT,,-1.000000,1,,NSE,1.000000
21578,COMSYN-EQ,COMSYN,,-1.000000,1,,NSE,1.000000
4749,CONCOR-EQ,CONCOR,,-1.000000,1,,NSE,5.000000
18060,CONCORDBIO-EQ,CONCORDBIO,,-1.000000,1,,NSE,10.000000
10238,CONFIPET-EQ,CONFIPET,,-1.000000,1,,NSE,1.000000
10512,CONS-EQ,CONS,,-1.000000,1,,NSE,1.000000
5732,CONSUMAXIS-EQ,CONSUMAXIS,,-1.000000,1,,NSE,1.000000
2435,CONSUMBEES-EQ,CONSUMBEES,,-1.000000,1,,NSE,1.000000
28969,CONSUMER-EQ,CONSUMER,,-1.000000,1,,NSE,1.000000
6446,CONSUMIETF-EQ,CONSUMIETF,,-1.000000,1,,NSE,1.000000
17477,CONTROLPR-EQ,CONTROLPR,,-1.000000,1,,NSE,5.000000
4007,CORALFINAC-EQ,CORALFINAC,,-1.000000,1,,NSE,1.000000
762163,CORDELIA-EQ,CORDELIA,,-1.000000,1,,NSE,5.000000
739,COROMANDEL-EQ,COROMANDEL,,-1.000000,1,,NSE,10.000000
760254,CORONA-EQ,CORONA,,-1.000000,1,,NSE,10.000000
742,COSMOFIRST-EQ,COSMOFIRST,,-1.000000,1,,NSE,5.000000
20086,CPCAP-EQ,CPCAP,,-1.000000,1,,NSE,1.000000
758941,CPEDU-EQ,CPEDU,,-1.000000,1,,NSE,1.000000
764203,CPL-EQ,CPL,,-1.000000,1,,NSE,1.000000
758858,CPPLUS-EQ,CPPLUS,,-1.000000,1,,NSE,10.000000
2328,CPSEETF-EQ,CPSEETF,,-1.000000,1,,NSE,1.000000
2854,CRAFTSMAN-EQ,CRAFTSMAN,,-1.000000,1,,NSE,50.000000
759311,CRAMC-EQ,CRAMC,,-1.000000,1,,NSE,5.000000
764653,CRAVATEX-EQ,CRAVATEX,,-1.000000,1,,NSE,5.000000
9384,CREATIVEYE-EQ,CREATIVEYE,,-1.000000,1,,NSE,1.000000
4421,CREDITACC-EQ,CREDITACC,,-1.000000,1,,NSE,10.000000
13900,CREST-EQ,CREST,,-1.000000,1,,NSE,5.000000
757,CRISIL-EQ,CRISIL,,-1.000000,1,,NSE,10.000000
757850,CRIZAC-EQ,CRIZAC,,-1.000000,1,,NSE,1.000000
17094,CROMPTON-EQ,CROMPTON,,-1.000000,1,,NSE,5.000000
8083,CROWN-EQ,CROWN,,-1.000000,1,,NSE,1.000000
765050,CRSL-EQ,CRSL,,-1.000000,1,,NSE,1.000000
14966,CSBBANK-EQ,CSBBANK,,-1.000000,1,,NSE,5.000000
10350,CSLFINANCE-EQ,CSLFINANCE,,-1.000000,1,,NSE,1.000000
763753,CSM-EQ,CSM,,-1.000000,1,,NSE,1.000000
14218,CTE-EQ,CTE,,-1.000000,1,,NSE,1.000000
5701,CUB-EQ,CUB,,-1.000000,1,,NSE,1.000000
4064,CUBEXTUB-EQ,CUBEXTUB,,-1.000000,1,,NSE,1.000000
1901,CUMMINSIND-EQ,CUMMINSIND,,-1.000000,1,,NSE,50.000000
18520,CUPID-EQ,CUPID,,-1.000000,1,,NSE,1.000000
30189,CURAA-EQ,CURAA,,-1.000000,1,,NSE,1.000000
11842,CYBERMEDIA-EQ,CYBERMEDIA,,-1.000000,1,,NSE,1.000000
5748,CYIENT-EQ,CYIENT,,-1.000000,1,,NSE,5.000000
17187,CYIENTDLM-EQ,CYIENTDLM,,-1.000000,1,,NSE,5.000000
772,DABUR-EQ,DABUR,,-1.000000,1,,NSE,5.000000
762633,DAICHI-EQ,DAICHI,,-1.000000,1,,NSE,5.000000
8075,DALBHARAT-EQ,DALBHARAT,,-1.000000,1,,NSE,10.000000
781,DALMIASUG-EQ,DALMIASUG,,-1.000000,1,,NSE,5.000000
28662,DAMCAPITAL-EQ,DAMCAPITAL,,-1.000000,1,,NSE,1.000000
1110,DANGEE-EQ,DANGEE,,-1.000000,1,,NSE,1.000000
11423,DATAMATICS-EQ,DATAMATICS,,-1.000000,1,,NSE,5.000000
7358,DATAPATTNS-EQ,DATAPATTNS,,-1.000000,1,,NSE,10.000000
21794,DAVANGERE-EQ,DAVANGERE,,-1.000000,1,,NSE,1.000000
17881,DBCORP-EQ,DBCORP,,-1.000000,1,,NSE,1.000000
18086,DBL-EQ,DBL,,-1.000000,1,,NSE,5.000000
10893,DBOL-EQ,DBOL,,-1.000000,1,,NSE,1.000000
18124,DBREALTY-EQ,DBREALTY,,-1.000000,1,,NSE,1.000000
21704,DCAL-EQ,DCAL,,-1.000000,1,,NSE,1.000000
13725,DCBBANK-EQ,DCBBANK,,-1.000000,1,,NSE,1.000000
11566,DCI-EQ,DCI,,-1.000000,1,,NSE,5.000000
4775,DCMFINSERV-EQ,DCMFINSERV,,-1.000000,1,,NSE,1.000000
11039,DCMNVL-EQ,DCMNVL,,-1.000000,1,,NSE,1.000000
811,DCMSHRIRAM-EQ,DCMSHRIRAM,,-1.000000,1,,NSE,10.000000
760896,DCMSIL-EQ,DCMSIL,,-1.000000,1,,NSE,1.000000
7325,DCMSRIND-EQ,DCMSRIND,,-1.000000,1,,NSE,1.000000
817,DCW-EQ,DCW,,-1.000000,1,,NSE,1.000000
11895,DCXINDIA-EQ,DCXINDIA,,-1.000000,1,,NSE,1.000000
29098,DDEVPLSTIK-EQ,DDEVPLSTIK,,-1.000000,1,,NSE,5.000000
14838,DECCANCE-EQ,DECCANCE,,-1.000000,1,,NSE,5.000000
762638,DECNGOLD-EQ,DECNGOLD,,-1.000000,1,,NSE,1.000000
24154,DEEDEV-EQ,DEEDEV,,-1.000000,1,,NSE,5.000000
765055,DEEP-EQ,DEEP,,-1.000000,1,,NSE,1.000000
827,DEEPAKFERT-EQ,DEEPAKFERT,,-1.000000,1,,NSE,10.000000
19943,DEEPAKNTR-EQ,DEEPAKNTR,,-1.000000,1,,NSE,10.000000
3292,DEEPINDS-EQ,DEEPINDS,,-1.000000,1,,NSE,5.000000
761046,DEFENCE-EQ,DEFENCE,,-1.000000,1,,NSE,1.000000
9599,DELHIVERY-EQ,DELHIVERY,,-1.000000,1,,NSE,5.000000
15044,DELTACORP-EQ,DELTACORP,,-1.000000,1,,NSE,1.000000
1214,DELTAMAGNT-EQ,DELTAMAGNT,,-1.000000,1,,NSE,1.000000
17722,DEN-EQ,DEN,,-1.000000,1,,NSE,1.000000
4279,DENORA-EQ,DENORA,,-1.000000,1,,NSE,5.000000
29256,DENTA-EQ,DENTA,,-1.000000,1,,NSE,5.000000
8146,DEVIT-EQ,DEVIT,,-1.000000,1,,NSE,1.000000
759079,DEVX-EQ,DEVX,,-1.000000,1,,NSE,1.000000
5373,DEVYANI-EQ,DEVYANI,,-1.000000,1,,NSE,1.000000
10346,DGCONTENT-EQ,DGCONTENT,,-1.000000,1,,NSE,1.000000
764658,DHABRIYA-EQ,DHABRIYA,,-1.000000,1,,NSE,5.000000
857,DHAMPURSUG-EQ,DHAMPURSUG,,-1.000000,1,,NSE,1.000000
11359,DHANBANK-EQ,DHANBANK,,-1.000000,1,,NSE,1.000000
24409,DHANUKA-EQ,DHANUKA,,-1.000000,1,,NSE,10.000000
13001,DHARMAJ-EQ,DHARMAJ,,-1.000000,1,,NSE,5.000000
765060,DHATRE-EQ,DHATRE,,-1.000000,1,,NSE,1.000000
764553,DHOOTTRANS-EQ,DHOOTTRANS,,-1.000000,1,,NSE,5.000000
6858,DHRUV-EQ,DHRUV,,-1.000000,1,,NSE,1.000000
22233,DHUNINV-EQ,DHUNINV,,-1.000000,1,,NSE,5.000000
18644,DIAMINESQ-EQ,DIAMINESQ,,-1.000000,1,,NSE,1.000000
21840,DIAMONDYD-EQ,DIAMONDYD,,-1.000000,1,,NSE,10.000000
703,DICIND-EQ,DICIND,,-1.000000,1,,NSE,5.000000
25672,DIFFNKG-EQ,DIFFNKG,,-1.000000,1,,NSE,5.000000
21247,DIGIDRIVE-EQ,DIGIDRIVE,,-1.000000,1,,NSE,1.000000
16683,DIGISPICE-EQ,DIGISPICE,,-1.000000,1,,NSE,1.000000
757515,DIGITIDE-EQ,DIGITIDE,,-1.000000,1,,NSE,1.000000
6127,DIGJAMLMTD-EQ,DIGJAMLMTD,,-1.000000,1,,NSE,1.000000
762643,DISAQ-EQ,DISAQ,,-1.000000,1,,NSE,100.000000
14537,DISHTV-EQ,DISHTV,,-1.000000,1,,NSE,1.000000
14479,DIVGIITTS-EQ,DIVGIITTS,,-1.000000,1,,NSE,5.000000
760412,DIVIDEND-EQ,DIVIDEND,,-1.000000,1,,NSE,1.000000
10940,DIVISLAB-EQ,DIVISLAB,,-1.000000,1,,NSE,50.000000
2636,DIVOPPBEES-EQ,DIVOPPBEES,,-1.000000,1,,NSE,1.000000
21690,DIXON-EQ,DIXON,,-1.000000,1,,NSE,100.000000
12749,DJML-EQ,DJML,,-1.000000,1,,NSE,1.000000
14732,DLF-EQ,DLF,,-1.000000,1,,NSE,5.000000
17851,DLINKINDIA-EQ,DLINKINDIA,,-1.000000,1,,NSE,5.000000
19913,DMART-EQ,DMART,,-1.000000,1,,NSE,10.000000
6973,DMCC-EQ,DMCC,,-1.000000,1,,NSE,5.000000
641,DNAMEDIA-EQ,DNAMEDIA,,-1.000000,1,,NSE,1.000000
4822,DODLA-EQ,DODLA,,-1.000000,1,,NSE,10.000000
12124,DOLATALGO-EQ,DOLATALGO,,-1.000000,1,,NSE,1.000000
20560,DOLLAR-EQ,DOLLAR,,-1.000000,1,,NSE,5.000000
18139,DOLPHIN-EQ,DOLPHIN,,-1.000000,1,,NSE,5.000000
20551,DOMS-EQ,DOMS,,-1.000000,1,,NSE,10.000000
13839,DONEAR-EQ,DONEAR,,-1.000000,1,,NSE,1.000000
936,DPABHUSHAN-EQ,DPABHUSHAN,,-1.000000,1,,NSE,10.000000
762648,DRAGARWQ-EQ,DRAGARWQ,,-1.000000,1,,NSE,50.000000
2645,DRCSYSTEMS-EQ,DRCSYSTEMS,,-1.000000,1,,NSE,1.000000
10859,DREAMFOLKS-EQ,DREAMFOLKS,,-1.000000,1,,NSE,1.000000
11271,DREDGECORP-EQ,DREDGECORP,,-1.000000,1,,NSE,10.000000
881,DRREDDY-EQ,DRREDDY,,-1.000000,1,,NSE,10.000000
25690,DSSL-EQ,DSSL,,-1.000000,1,,NSE,10.000000
6227,DTIL-EQ,DTIL,,-1.000000,1,,NSE,1.000000
28952,DUCON-EQ,DUCON,,-1.000000,1,,NSE,1.000000
15214,DVL-EQ,DVL,,-1.000000,1,,NSE,1.000000
11667,DWARKESH-EQ,DWARKESH,,-1.000000,1,,NSE,1.000000
10417,DYCL-EQ,DYCL,,-1.000000,1,,NSE,5.000000
4525,DYNAMATECH-EQ,DYNAMATECH,,-1.000000,1,,NSE,100.000000
21314,DYNPRO-EQ,DYNPRO,,-1.000000,1,,NSE,5.000000
2792,EASEMYTRIP-EQ,EASEMYTRIP,,-1.000000,1,,NSE,1.000000
765065,EASTWEST-EQ,EASTWEST,,-1.000000,1,,NSE,1.000000
764378,EBANK10-EQ,EBANK10,,-1.000000,1,,NSE,1.000000
25258,EBANKNIFTY-EQ,EBANKNIFTY,,-1.000000,1,,NSE,1.000000
16253,EBBETF0430-EQ,EBBETF0430,,-1.000000,1,,NSE,1.000000
22239,EBBETF0431-EQ,EBBETF0431,,-1.000000,1,,NSE,1.000000
13139,EBBETF0433-EQ,EBBETF0433,,-1.000000,1,,NSE,1.000000
757862,EBGNG-EQ,EBGNG,,-1.000000,1,,NSE,5.000000
765070,EBIX-EQ,EBIX,,-1.000000,1,,NSE,1.000000
29019,ECAPINSURE-EQ,ECAPINSURE,,-1.000000,1,,NSE,1.000000
15179,ECLERX-EQ,ECLERX,,-1.000000,1,,NSE,10.000000
764663,ECORECO-EQ,ECORECO,,-1.000000,1,,NSE,5.000000
15119,EDELWEISS-EQ,EDELWEISS,,-1.000000,1,,NSE,1.000000
758675,EFCIL-EQ,EFCIL,,-1.000000,1,,NSE,1.000000
19933,EGOLD-EQ,EGOLD,,-1.000000,1,,NSE,5.000000
910,EICHERMOT-EQ,EICHERMOT,,-1.000000,1,,NSE,50.000000
916,EIDPARRY-EQ,EIDPARRY,,-1.000000,1,,NSE,5.000000
27213,EIEL-EQ,EIEL,,-1.000000,1,,NSE,1.000000
15399,EIHAHOTELS-EQ,EIHAHOTELS,,-1.000000,1,,NSE,5.000000
919,EIHOTEL-EQ,EIHOTEL,,-1.000000,1,,NSE,5.000000
4040,EIMCOELECO-EQ,EIMCOELECO,,-1.000000,1,,NSE,10.000000
13091,EKC-EQ,EKC,,-1.000000,1,,NSE,1.000000
764668,EKI-EQ,EKI,,-1.000000,1,,NSE,1.000000
762653,ELANTAS-EQ,ELANTAS,,-1.000000,1,,NSE,50.000000
762658,ELCIDIN-EQ,ELCIDIN,,-1.000000,1,,NSE,500.000000
8953,ELDEHSG-EQ,ELDEHSG,,-1.000000,1,,NSE,5.000000
13643,ELECON-EQ,ELECON,,-1.000000,1,,NSE,5.000000
928,ELECTCAST-EQ,ELECTCAST,,-1.000000,1,,NSE,1.000000
4469,ELECTHERM-EQ,ELECTHERM,,-1.000000,1,,NSE,10.000000
937,ELGIEQUIP-EQ,ELGIEQUIP,,-1.000000,1,,NSE,5.000000
24924,ELGIRUBCO-EQ,ELGIRUBCO,,-1.000000,1,,NSE,1.000000
13423,ELIN-EQ,ELIN,,-1.000000,1,,NSE,1.000000
759466,ELIQUID-EQ,ELIQUID,,-1.000000,1,,NSE,1.000000
762663,ELITECON-EQ,ELITECON,,-1.000000,1,,NSE,1.000000
758563,ELLEN-EQ,ELLEN,,-1.000000,1,,NSE,5.000000
758952,ELM250-EQ,ELM250,,-1.000000,1,,NSE,1.000000
764367,ELMDIV-EQ,ELMDIV,,-1.000000,1,,NSE,1.000000
4471,ELPROINTL-EQ,ELPROINTL,,-1.000000,1,,NSE,1.000000
13517,EMAMILTD-EQ,EMAMILTD,,-1.000000,1,,NSE,5.000000
19277,EMAMIREAL-EQ,EMAMIREAL,,-1.000000,1,,NSE,1.000000
14450,EMBDL-EQ,EMBDL,,-1.000000,1,,NSE,1.000000
24398,EMCURE-EQ,EMCURE,,-1.000000,1,,NSE,10.000000
764288,EMETAL-EQ,EMETAL,,-1.000000,1,,NSE,1.000000
11530,EMIL-EQ,EMIL,,-1.000000,1,,NSE,1.000000
13421,EMKAY-EQ,EMKAY,,-1.000000,1,,NSE,1.000000
759728,EMMVEE-EQ,EMMVEE,,-1.000000,1,,NSE,5.000000
764673,EMPIND-EQ,EMPIND,,-1.000000,1,,NSE,10.000000
762670,EMPOWER-EQ,EMPOWER,,-1.000000,1,,NSE,1.000000
18593,EMSLIMITED-EQ,EMSLIMITED,,-1.000000,1,,NSE,5.000000
9756,EMUDHRA-EQ,EMUDHRA,,-1.000000,1,,NSE,5.000000
25996,EMULTIMQ-EQ,EMULTIMQ,,-1.000000,1,,NSE,1.000000
18822,ENDURANCE-EQ,ENDURANCE,,-1.000000,1,,NSE,10.000000
759780,ENERGY-EQ,ENERGY,,-1.000000,1,,NSE,1.000000
15049,ENERGYDEV-EQ,ENERGYDEV,,-1.000000,1,,NSE,1.000000
763540,ENEXT50-EQ,ENEXT50,,-1.000000,1,,NSE,1.000000
4907,ENGINERSIN-EQ,ENGINERSIN,,-1.000000,1,,NSE,1.000000
759998,ENIFTY-EQ,ENIFTY,,-1.000000,1,,NSE,1.000000
13192,ENIL-EQ,ENIL,,-1.000000,1,,NSE,1.000000
764678,ENKEIWHEL-EQ,ENKEIWHEL,,-1.000000,1,,NSE,5.000000
756871,ENRIN-EQ,ENRIN,,-1.000000,1,,NSE,10.000000
22717,ENTERO-EQ,ENTERO,,-1.000000,1,,NSE,10.000000
22463,EPACK-EQ,EPACK,,-1.000000,1,,NSE,1.000000
759251,EPACKPEB-EQ,EPACKPEB,,-1.000000,1,,NSE,5.000000
5382,EPIGRAL-EQ,EPIGRAL,,-1.000000,1,,NSE,10.000000
981,EPL-EQ,EPL,,-1.000000,1,,NSE,1.000000
30121,EQUAL200-EQ,EQUAL200,,-1.000000,1,,NSE,1.000000
757142,EQUAL50-EQ,EQUAL50,,-1.000000,1,,NSE,1.000000
6606,EQUAL50ADD-EQ,EQUAL50ADD,,-1.000000,1,,NSE,1.000000
913,EQUITASBNK-EQ,EQUITASBNK,,-1.000000,1,,NSE,1.000000
21154,ERIS-EQ,ERIS,,-1.000000,1,,NSE,10.000000
955,ESABINDIA-EQ,ESABINDIA,,-1.000000,1,,NSE,50.000000
958,ESCORTS-EQ,ESCORTS,,-1.000000,1,,NSE,10.000000
759995,ESENSEX-EQ,ESENSEX,,-1.000000,1,,NSE,1.000000
1200,ESG-EQ,ESG,,-1.000000,1,,NSE,1.000000
20257,ESILVER-EQ,ESILVER,,-1.000000,1,,NSE,1.000000
25634,ESSARSHPNG-EQ,ESSARSHPNG,,-1.000000,1,,NSE,1.000000
30323,ESSENTIA-EQ,ESSENTIA,,-1.000000,1,,NSE,1.000000
24265,ESTER-EQ,ESTER,,-1.000000,1,,NSE,1.000000
5097,ETERNAL-EQ,ETERNAL,,-1.000000,1,,NSE,5.000000
9750,ETHOSLTD-EQ,ETHOSLTD,,-1.000000,1,,NSE,10.000000
25162,EUREKAFORB-EQ,EUREKAFORB,,-1.000000,1,,NSE,5.000000
757953,EUROBOND-EQ,EUROBOND,,-1.000000,1,,NSE,1.000000
759797,EUROPRATIK-EQ,EUROPRATIK,,-1.000000,1,,NSE,5.000000
11782,EVEREADY-EQ,EVEREADY,,-1.000000,1,,NSE,5.000000
755881,EVIETF-EQ,EVIETF,,-1.000000,1,,NSE,1.000000
24461,EVINDIA-EQ,EVINDIA,,-1.000000,1,,NSE,1.000000
11471,EXCELINDUS-EQ,EXCELINDUS,,-1.000000,1,,NSE,5.000000
760007,EXCELSOFT-EQ,EXCELSOFT,,-1.000000,1,,NSE,1.000000
22947,EXICOM-EQ,EXICOM,,-1.000000,1,,NSE,1.000000
676,EXIDEIND-EQ,EXIDEIND,,-1.000000,1,,NSE,5.000000
17486,EXPLEOSOL-EQ,EXPLEOSOL,,-1.000000,1,,NSE,5.000000
5352,EXXARO-EQ,EXXARO,,-1.000000,1,,NSE,1.000000
760125,FABTECH-EQ,FABTECH,,-1.000000,1,,NSE,1.000000
1008,FACT-EQ,FACT,,-1.000000,1,,NSE,5.000000
12000,FAZE3Q-EQ,FAZE3Q,,-1.000000,1,,NSE,5.000000
6198,FCL-EQ,FCL,,-1.000000,1,,NSE,1.000000
11999,FCSSOFT-EQ,FCSSOFT,,-1.000000,1,,NSE,1.000000
4898,FDC-EQ,FDC,,-1.000000,1,,NSE,5.000000
762675,FEDDERSHOL-EQ,FEDDERSHOL,,-1.000000,1,,NSE,1.000000
1023,FEDERALBNK-EQ,FEDERALBNK,,-1.000000,1,,NSE,5.000000
20322,FEDFINA-EQ,FEDFINA,,-1.000000,1,,NSE,1.000000
762680,FERMENTA-EQ,FERMENTA,,-1.000000,1,,NSE,5.000000
8159,FIBERWEB-EQ,FIBERWEB,,-1.000000,1,,NSE,1.000000
13710,FIEMIND-EQ,FIEMIND,,-1.000000,1,,NSE,10.000000
24532,FILATEX-EQ,FILATEX,,-1.000000,1,,NSE,1.000000
23647,FILATFASH-EQ,FILATFASH,,-1.000000,1,,NSE,1.000000
1038,FINCABLES-EQ,FINCABLES,,-1.000000,1,,NSE,5.000000
3744,FINEORG-EQ,FINEORG,,-1.000000,1,,NSE,10.000000
12578,FINIETF-EQ,FINIETF,,-1.000000,1,,NSE,1.000000
759239,FINKURVE-EQ,FINKURVE,,-1.000000,1,,NSE,1.000000
6579,FINOPB-EQ,FINOPB,,-1.000000,1,,NSE,1.000000
1041,FINPIPE-EQ,FINPIPE,,-1.000000,1,,NSE,1.000000
24814,FIRSTCRY-EQ,FIRSTCRY,,-1.000000,1,,NSE,1.000000
757658,FISCHER-EQ,FISCHER,,-1.000000,1,,NSE,1.000000
12032,FIVESTAR-EQ,FIVESTAR,,-1.000000,1,,NSE,5.000000
20372,FLAIR-EQ,FLAIR,,-1.000000,1,,NSE,5.000000
759368,FLEXIADD-EQ,FLEXIADD,,-1.000000,1,,NSE,1.000000
13750,FLUOROCHEM-EQ,FLUOROCHEM,,-1.000000,1,,NSE,10.000000
763530,FMCGADD-EQ,FMCGADD,,-1.000000,1,,NSE,1.000000
5306,FMCGIETF-EQ,FMCGIETF,,-1.000000,1,,NSE,1.000000
1190,FMGOETZE-EQ,FMGOETZE,,-1.000000,1,,NSE,5.000000
6673,FOODSIN-EQ,FOODSIN,,-1.000000,1,,NSE,1.000000
11573,FORCEMOT-EQ,FORCEMOT,,-1.000000,1,,NSE,100.000000
14592,FORTIS-EQ,FORTIS,,-1.000000,1,,NSE,5.000000
1073,FOSECOIND-EQ,FOSECOIND,,-1.000000,1,,NSE,50.000000
760961,FRACTAL-EQ,FRACTAL,,-1.000000,1,,NSE,5.000000
764683,FREDUN-EQ,FREDUN,,-1.000000,1,,NSE,10.000000
762685,FRONTSP-EQ,FRONTSP,,-1.000000,1,,NSE,10.000000
14304,FSL-EQ,FSL,,-1.000000,1,,NSE,5.000000
11932,FUSION-EQ,FUSION,,-1.000000,1,,NSE,1.000000
12842,G1NSETEST-EQ,G1NSETEST,,-1.000000,1,,NSE,5.000000
1085,GABRIEL-EQ,GABRIEL,,-1.000000,1,,NSE,10.000000
8828,GAEL-EQ,GAEL,,-1.000000,1,,NSE,1.000000
4717,GAIL-EQ,GAIL,,-1.000000,1,,NSE,1.000000
25134,GALAPREC-EQ,GALAPREC,,-1.000000,1,,NSE,10.000000
1315,GALAXYSURF-EQ,GALAXYSURF,,-1.000000,1,,NSE,10.000000
13337,GALLANTT-EQ,GALLANTT,,-1.000000,1,,NSE,5.000000
20303,GANDHAR-EQ,GANDHAR,,-1.000000,1,,NSE,1.000000
14116,GANDHITUBE-EQ,GANDHITUBE,,-1.000000,1,,NSE,5.000000
6944,GANECOS-EQ,GANECOS,,-1.000000,1,,NSE,10.000000
759012,GANESHCP-EQ,GANESHCP,,-1.000000,1,,NSE,1.000000
14339,GANESHHOU-EQ,GANESHHOU,,-1.000000,1,,NSE,5.000000
4957,GANGAFORGE-EQ,GANGAFORGE,,-1.000000,1,,NSE,1.000000
21399,GANGESSECU-EQ,GANGESSECU,,-1.000000,1,,NSE,1.000000
1100,GARFIBRES-EQ,GARFIBRES,,-1.000000,1,,NSE,5.000000
25800,GARUDA-EQ,GARUDA,,-1.000000,1,,NSE,1.000000
8510,GATEWAY-EQ,GATEWAY,,-1.000000,1,,NSE,1.000000
3693,GAYAHWS-EQ,GAYAHWS,,-1.000000,1,,NSE,1.000000
758986,GCSL-EQ,GCSL,,-1.000000,1,,NSE,5.000000
17922,GEEKAYWIRE-EQ,GEEKAYWIRE,,-1.000000,1,,NSE,1.000000
759461,GEMAROMA-EQ,GEMAROMA,,-1.000000,1,,NSE,1.000000
2188,GENCON-EQ,GENCON,,-1.000000,1,,NSE,1.000000
10905,GENESYS-EQ,GENESYS,,-1.000000,1,,NSE,5.000000
6600,GENUSPAPER-EQ,GENUSPAPER,,-1.000000,1,,NSE,1.000000
11905,GENUSPOWER-EQ,GENUSPOWER,,-1.000000,1,,NSE,5.000000
11896,GEOJITFSL-EQ,GEOJITFSL,,-1.000000,1,,NSE,1.000000
13776,GESHIP-EQ,GESHIP,,-1.000000,1,,NSE,10.000000
1289,GFLLIMITED-EQ,GFLLIMITED,,-1.000000,1,,NSE,1.000000
1127,GHCL-EQ,GHCL,,-1.000000,1,,NSE,5.000000
16696,GHCLTEXTIL-EQ,GHCLTEXTIL,,-1.000000,1,,NSE,1.000000
1139,GICHSGFIN-EQ,GICHSGFIN,,-1.000000,1,,NSE,1.000000
761025,GICL-EQ,GICL,,-1.000000,1,,NSE,1.000000
277,GICRE-EQ,GICRE,,-1.000000,1,,NSE,5.000000
17839,GILLANDERS-EQ,GILLANDERS,,-1.000000,1,,NSE,1.000000
1576,GILLETTE-EQ,GILLETTE,,-1.000000,1,,NSE,50.000000
22524,GILT10BETA-EQ,GILT10BETA,,-1.000000,1,,NSE,1.000000
22521,GILT5BETA-EQ,GILT5BETA,,-1.000000,1,,NSE,1.000000
3172,GILT5YBEES-EQ,GILT5YBEES,,-1.000000,1,,NSE,1.000000
1145,GIPCL-EQ,GIPCL,,-1.000000,1,,NSE,1.000000
764688,GKB-EQ,GKB,,-1.000000,1,,NSE,1.000000
759048,GKENERGY-EQ,GKENERGY,,-1.000000,1,,NSE,1.000000
761197,GKSL-EQ,GKSL,,-1.000000,1,,NSE,1.000000
17357,GKWLIMITED-EQ,GKWLIMITED,,-1.000000,1,,NSE,10.000000
1186,GLAND-EQ,GLAND,,-1.000000,1,,NSE,10.000000
1153,GLAXO-EQ,GLAXO,,-1.000000,1,,NSE,10.000000
7406,GLENMARK-EQ,GLENMARK,,-1.000000,1,,NSE,10.000000
1156,GLFL-EQ,GLFL,,-1.000000,1,,NSE,1.000000
1415,GLOBAL-EQ,GLOBAL,,-1.000000,1,,NSE,1.000000
24932,GLOBALE-EQ,GLOBALE,,-1.000000,1,,NSE,1.000000
13735,GLOBALVECT-EQ,GLOBALVECT,,-1.000000,1,,NSE,1.000000
393,GLOBE-EQ,GLOBE,,-1.000000,1,,NSE,1.000000
758572,GLOBECIVIL-EQ,GLOBECIVIL,,-1.000000,1,,NSE,1.000000
17424,GLOBUSSPR-EQ,GLOBUSSPR,,-1.000000,1,,NSE,5.000000
23590,GLOSTERLTD-EQ,GLOSTERLTD,,-1.000000,1,,NSE,5.000000
1168,GMBREW-EQ,GMBREW,,-1.000000,1,,NSE,5.000000
5204,GMDCLTD-EQ,GMDCLTD,,-1.000000,1,,NSE,5.000000
1570,GMMPFAUDLR-EQ,GMMPFAUDLR,,-1.000000,1,,NSE,5.000000
13528,GMRAIRPORT-EQ,GMRAIRPORT,,-1.000000,1,,NSE,1.000000
8529,GMRP&UI-EQ,GMRP&UI,,-1.000000,1,,NSE,1.000000
18571,GNA-EQ,GNA,,-1.000000,1,,NSE,5.000000
1174,GNFC-EQ,GNFC,,-1.000000,1,,NSE,5.000000
762690,GNRL-EQ,GNRL,,-1.000000,1,,NSE,1.000000
14687,GOACARBON-EQ,GOACARBON,,-1.000000,1,,NSE,5.000000
3963,GOCLCORP-EQ,GOCLCORP,,-1.000000,1,,NSE,5.000000
6964,GOCOLORS-EQ,GOCOLORS,,-1.000000,1,,NSE,5.000000
25941,GODAVARIB-EQ,GODAVARIB,,-1.000000,1,,NSE,5.000000
1181,GODFRYPHLP-EQ,GODFRYPHLP,,-1.000000,1,,NSE,10.000000
23799,GODIGIT-EQ,GODIGIT,,-1.000000,1,,NSE,5.000000
144,GODREJAGRO-EQ,GODREJAGRO,,-1.000000,1,,NSE,5.000000
10099,GODREJCP-EQ,GODREJCP,,-1.000000,1,,NSE,10.000000
10925,GODREJIND-EQ,GODREJIND,,-1.000000,1,,NSE,10.000000
17875,GODREJPROP-EQ,GODREJPROP,,-1.000000,1,,NSE,10.000000
11778,GOKEX-EQ,GOKEX,,-1.000000,1,,NSE,5.000000
16705,GOKUL-EQ,GOKUL,,-1.000000,1,,NSE,1.000000
14480,GOKULAGRO-EQ,GOKULAGRO,,-1.000000,1,,NSE,1.000000
14858,GOLD1-EQ,GOLD1,,-1.000000,1,,NSE,1.000000
30105,GOLD360-EQ,GOLD360,,-1.000000,1,,NSE,5.000000
15356,GOLDADD-EQ,GOLDADD,,-1.000000,1,,NSE,1.000000
20532,GOLDAXIS-EQ,GOLDAXIS,,-1.000000,1,,NSE,1.000000
14428,GOLDBEES-EQ,GOLDBEES,,-1.000000,1,,NSE,1.000000
14535,GOLDBETA-EQ,GOLDBETA,,-1.000000,1,,NSE,5.000000
760325,GOLDBND-EQ,GOLDBND,,-1.000000,1,,NSE,1.000000
22901,GOLDCASE-EQ,GOLDCASE,,-1.000000,1,,NSE,1.000000
14286,GOLDETF-EQ,GOLDETF,,-1.000000,1,,NSE,1.000000
11971,GOLDIAM-EQ,GOLDIAM,,-1.000000,1,,NSE,5.000000
19679,GOLDIETF-EQ,GOLDIETF,,-1.000000,1,,NSE,1.000000
6125,GOODLUCK-EQ,GOODLUCK,,-1.000000,1,,NSE,10.000000
1205,GOODYEAR-EQ,GOODYEAR,,-1.000000,1,,NSE,5.000000
23066,GOPAL-EQ,GOPAL,,-1.000000,1,,NSE,5.000000
11787,GOYALALUM-EQ,GOYALALUM,,-1.000000,1,,NSE,1.000000
13409,GPIL-EQ,GPIL,,-1.000000,1,,NSE,1.000000
19731,GPPL-EQ,GPPL,,-1.000000,1,,NSE,1.000000
22846,GPTHEALTH-EQ,GPTHEALTH,,-1.000000,1,,NSE,1.000000
17685,GPTINFRA-EQ,GPTINFRA,,-1.000000,1,,NSE,1.000000
763299,GRADIENTE-EQ,GRADIENTE,,-1.000000,1,,NSE,1.000000
762695,GRANDOAK-EQ,GRANDOAK,,-1.000000,1,,NSE,1.000000
11872,GRANULES-EQ,GRANULES,,-1.000000,1,,NSE,5.000000
592,GRAPHITE-EQ,GRAPHITE,,-1.000000,1,,NSE,5.000000
1232,GRASIM-EQ,GRASIM,,-1.000000,1,,NSE,10.000000
5200,GRAUWEIL-EQ,GRAUWEIL,,-1.000000,1,,NSE,1.000000
762700,GRAVISSHO-EQ,GRAVISSHO,,-1.000000,1,,NSE,1.000000
20534,GRAVITA-EQ,GRAVITA,,-1.000000,1,,NSE,10.000000
1235,GREAVESCOT-EQ,GREAVESCOT,,-1.000000,1,,NSE,1.000000
6848,GREENLAM-EQ,GREENLAM,,-1.000000,1,,NSE,5.000000
13810,GREENPANEL-EQ,GREENPANEL,,-1.000000,1,,NSE,1.000000
3987,GREENPLY-EQ,GREENPLY,,-1.000000,1,,NSE,5.000000
20110,GREENPOWER-EQ,GREENPOWER,,-1.000000,1,,NSE,1.000000
13560,GRINDWELL-EQ,GRINDWELL,,-1.000000,1,,NSE,10.000000
5054,GRINFRA-EQ,GRINFRA,,-1.000000,1,,NSE,5.000000
10871,GRMOVER-EQ,GRMOVER,,-1.000000,1,,NSE,1.000000
17770,GROBTEA-EQ,GROBTEA,,-1.000000,1,,NSE,5.000000
759806,GROWW-EQ,GROWW,,-1.000000,1,,NSE,1.000000
760051,GROWWCAPM-EQ,GROWWCAPM,,-1.000000,1,,NSE,1.000000
760673,GROWWCHEM-EQ,GROWWCHEM,,-1.000000,1,,NSE,1.000000
25758,GROWWDEFNC-EQ,GROWWDEFNC,,-1.000000,1,,NSE,1.000000
24798,GROWWEV-EQ,GROWWEV,,-1.000000,1,,NSE,1.000000
25872,GROWWGOLD-EQ,GROWWGOLD,,-1.000000,1,,NSE,1.000000
760874,GROWWHOSPI-EQ,GROWWHOSPI,,-1.000000,1,,NSE,1.000000
25447,GROWWLIQID-EQ,GROWWLIQID,,-1.000000,1,,NSE,1.000000
758300,GROWWLOVOL-EQ,GROWWLOVOL,,-1.000000,1,,NSE,1.000000
759719,GROWWMC150-EQ,GROWWMC150,,-1.000000,1,,NSE,1.000000
760438,GROWWMETAL-EQ,GROWWMETAL,,-1.000000,1,,NSE,1.000000
756086,GROWWMOM50-EQ,GROWWMOM50,,-1.000000,1,,NSE,1.000000
29872,GROWWN200-EQ,GROWWN200,,-1.000000,1,,NSE,1.000000
757814,GROWWNET-EQ,GROWWNET,,-1.000000,1,,NSE,1.000000
758697,GROWWNIFTY-EQ,GROWWNIFTY,,-1.000000,1,,NSE,1.000000
759458,GROWWNXT50-EQ,GROWWNXT50,,-1.000000,1,,NSE,1.000000
758165,GROWWPOWER-EQ,GROWWPOWER,,-1.000000,1,,NSE,1.000000
760976,GROWWPSE-EQ,GROWWPSE,,-1.000000,1,,NSE,1.000000
761514,GROWWPSUBK-EQ,GROWWPSUBK,,-1.000000,1,,NSE,1.000000
29527,GROWWRAIL-EQ,GROWWRAIL,,-1.000000,1,,NSE,1.000000
759428,GROWWRLTY-EQ,GROWWRLTY,,-1.000000,1,,NSE,1.000000
759522,GROWWSC250-EQ,GROWWSC250,,-1.000000,1,,NSE,1.000000
756827,GROWWSLVR-EQ,GROWWSLVR,,-1.000000,1,,NSE,1.000000
6543,GRPLTD-EQ,GRPLTD,,-1.000000,1,,NSE,10.000000
5475,GRSE-EQ,GRSE,,-1.000000,1,,NSE,10.000000
7982,GRWRHITECH-EQ,GRWRHITECH,,-1.000000,1,,NSE,50.000000
24847,GSEC10ABSL-EQ,GSEC10ABSL,,-1.000000,1,,NSE,1.000000
13143,GSEC10IETF-EQ,GSEC10IETF,,-1.000000,1,,NSE,1.000000
14938,GSEC10YEAR-EQ,GSEC10YEAR,,-1.000000,1,,NSE,1.000000
8342,GSEC5IETF-EQ,GSEC5IETF,,-1.000000,1,,NSE,1.000000
1247,GSFC-EQ,GSFC,,-1.000000,1,,NSE,1.000000
14599,GSLSU-EQ,GSLSU,,-1.000000,1,,NSE,1.000000
762239,GSPCROP-EQ,GSPCROP,,-1.000000,1,,NSE,5.000000
15347,GSS-EQ,GSS,,-1.000000,1,,NSE,1.000000
1162,GTL-EQ,GTL,,-1.000000,1,,NSE,1.000000
13745,GTLINFRA-EQ,GTLINFRA,,-1.000000,1,,NSE,1.000000
21195,GTPL-EQ,GTPL,,-1.000000,1,,NSE,1.000000
11606,GUFICBIO-EQ,GUFICBIO,,-1.000000,1,,NSE,5.000000
1267,GUJALKALI-EQ,GUJALKALI,,-1.000000,1,,NSE,5.000000
14677,GUJAPOLLO-EQ,GUJAPOLLO,,-1.000000,1,,NSE,5.000000
10599,GUJENERGY-EQ,GUJENERGY,,-1.000000,1,,NSE,5.000000
4548,GUJRAFFIA-EQ,GUJRAFFIA,,-1.000000,1,,NSE,1.000000
29731,GUJTHEM-EQ,GUJTHEM,,-1.000000,1,,NSE,5.000000
4391,GULFOILLUB-EQ,GULFOILLUB,,-1.000000,1,,NSE,10.000000
6286,GULPOLY-EQ,GULPOLY,,-1.000000,1,,NSE,1.000000
7862,GVPIL-EQ,GVPIL,,-1.000000,1,,NSE,5.000000
10865,GVPTECH-EQ,GVPTECH,,-1.000000,1,,NSE,1.000000
16783,GVT&D-EQ,GVT&D,,-1.000000,1,,NSE,10.000000
764050,GYFTR-EQ,GYFTR,,-1.000000,1,,NSE,1.000000
2303,HAL-EQ,HAL,,-1.000000,1,,NSE,10.000000
760715,HALDER-EQ,HALDER,,-1.000000,1,,NSE,1.000000
21551,HALEOSLABS-EQ,HALEOSLABS,,-1.000000,1,,NSE,10.000000
765075,HAMPTON-EQ,HAMPTON,,-1.000000,1,,NSE,1.000000
48,HAPPSTMNDS-EQ,HAPPSTMNDS,,-1.000000,1,,NSE,5.000000
20854,HAPPYFORGE-EQ,HAPPYFORGE,,-1.000000,1,,NSE,10.000000
8962,HARDWYN-EQ,HARDWYN,,-1.000000,1,,NSE,1.000000
8968,HARIOMPIPE-EQ,HARIOMPIPE,,-1.000000,1,,NSE,5.000000
1313,HARRMALAYA-EQ,HARRMALAYA,,-1.000000,1,,NSE,1.000000
11162,HARSHA-EQ,HARSHA,,-1.000000,1,,NSE,5.000000
18154,HATHWAY-EQ,HATHWAY,,-1.000000,1,,NSE,1.000000
3892,HATSUN-EQ,HATSUN,,-1.000000,1,,NSE,5.000000
9819,HAVELLS-EQ,HAVELLS,,-1.000000,1,,NSE,10.000000
7457,HAVISHA-EQ,HAVISHA,,-1.000000,1,,NSE,1.000000
4444,HAWKINCOOK-EQ,HAWKINCOOK,,-1.000000,1,,NSE,50.000000
764693,HAZOOR-EQ,HAZOOR,,-1.000000,1,,NSE,1.000000
762712,HBESD-EQ,HBESD,,-1.000000,1,,NSE,1.000000
13966,HBLENGINE-EQ,HBLENGINE,,-1.000000,1,,NSE,5.000000
765080,HBPOR-EQ,HBPOR,,-1.000000,1,,NSE,1.000000
4116,HBSL-EQ,HBSL,,-1.000000,1,,NSE,1.000000
1375,HCC-EQ,HCC,,-1.000000,1,,NSE,1.000000
15555,HCG-EQ,HCG,,-1.000000,1,,NSE,5.000000
1327,HCL-INSYS-EQ,HCL-INSYS,,-1.000000,1,,NSE,1.000000
7229,HCLTECH-EQ,HCLTECH,,-1.000000,1,,NSE,10.000000
757772,HDBFS-EQ,HDBFS,,-1.000000,1,,NSE,5.000000
4244,HDFCAMC-EQ,HDFCAMC,,-1.000000,1,,NSE,10.000000
1333,HDFCBANK-EQ,HDFCBANK,,-1.000000,1,,NSE,5.000000
14230,HDFCBSE500-EQ,HDFCBSE500,,-1.000000,1,,NSE,1.000000
19543,HDFCGOLD-EQ,HDFCGOLD,,-1.000000,1,,NSE,1.000000
11241,HDFCGROWTH-EQ,HDFCGROWTH,,-1.000000,1,,NSE,1.000000
467,HDFCLIFE-EQ,HDFCLIFE,,-1.000000,1,,NSE,5.000000
18279,HDFCLIQUID-EQ,HDFCLIQUID,,-1.000000,1,,NSE,1.000000
11547,HDFCLOWVOL-EQ,HDFCLOWVOL,,-1.000000,1,,NSE,1.000000
14236,HDFCMID150-EQ,HDFCMID150,,-1.000000,1,,NSE,1.000000
11538,HDFCMOMENT-EQ,HDFCMOMENT,,-1.000000,1,,NSE,1.000000
10619,HDFCNEXT50-EQ,HDFCNEXT50,,-1.000000,1,,NSE,1.000000
10633,HDFCNIF100-EQ,HDFCNIF100,,-1.000000,1,,NSE,1.000000
22433,HDFCNIFBAN-EQ,HDFCNIFBAN,,-1.000000,1,,NSE,1.000000
12101,HDFCNIFIT-EQ,HDFCNIFIT,,-1.000000,1,,NSE,1.000000
11591,HDFCNIFTY-EQ,HDFCNIFTY,,-1.000000,1,,NSE,1.000000
764336,HDFCNIMEG-EQ,HDFCNIMEG,,-1.000000,1,,NSE,1.000000
22595,HDFCPSUBK-EQ,HDFCPSUBK,,-1.000000,1,,NSE,1.000000
12108,HDFCPVTBAN-EQ,HDFCPVTBAN,,-1.000000,1,,NSE,1.000000
11255,HDFCQUAL-EQ,HDFCQUAL,,-1.000000,1,,NSE,1.000000
11593,HDFCSENSEX-EQ,HDFCSENSEX,,-1.000000,1,,NSE,1.000000
10876,HDFCSILVER-EQ,HDFCSILVER,,-1.000000,1,,NSE,1.000000
14233,HDFCSML250-EQ,HDFCSML250,,-1.000000,1,,NSE,1.000000
11260,HDFCVALUE-EQ,HDFCVALUE,,-1.000000,1,,NSE,1.000000
19205,HEADSUP-EQ,HEADSUP,,-1.000000,1,,NSE,1.000000
22592,HEALTHADD-EQ,HEALTHADD,,-1.000000,1,,NSE,1.000000
3608,HEALTHAXIS-EQ,HEALTHAXIS,,-1.000000,1,,NSE,1.000000
760986,HEALTHCARE-EQ,HEALTHCARE,,-1.000000,1,,NSE,1.000000
3626,HEALTHIETF-EQ,HEALTHIETF,,-1.000000,1,,NSE,1.000000
20063,HEALTHX-EQ,HEALTHX,,-1.000000,1,,NSE,5.000000
6297,HEALTHY-EQ,HEALTHY,,-1.000000,1,,NSE,1.000000
7425,HECPROJECT-EQ,HECPROJECT,,-1.000000,1,,NSE,1.000000
1336,HEG-EQ,HEG,,-1.000000,1,,NSE,5.000000
2316,HEIDELBERG-EQ,HEIDELBERG,,-1.000000,1,,NSE,1.000000
701,HEMIPROP-EQ,HEMIPROP,,-1.000000,1,,NSE,1.000000
2614,HERANBA-EQ,HERANBA,,-1.000000,1,,NSE,1.000000
4598,HERITGFOOD-EQ,HERITGFOOD,,-1.000000,1,,NSE,5.000000
1348,HEROMOTOCO-EQ,HEROMOTOCO,,-1.000000,1,,NSE,50.000000
7048,HESTERBIO-EQ,HESTERBIO,,-1.000000,1,,NSE,10.000000
27008,HEXATRADEX-EQ,HEXATRADEX,,-1.000000,1,,NSE,1.000000
29666,HEXT-EQ,HEXT,,-1.000000,1,,NSE,5.000000
21951,HFCL-EQ,HFCL,,-1.000000,1,,NSE,1.000000
1672,HGINFRA-EQ,HGINFRA,,-1.000000,1,,NSE,5.000000
13592,HGM-EQ,HGM,,-1.000000,1,,NSE,1.000000
14712,HGS-EQ,HGS,,-1.000000,1,,NSE,5.000000
9668,HIKAL-EQ,HIKAL,,-1.000000,1,,NSE,1.000000
759103,HILINFRA-EQ,HILINFRA,,-1.000000,1,,NSE,1.000000
1360,HIMATSEIDE-EQ,HIMATSEIDE,,-1.000000,1,,NSE,1.000000
764698,HINDADH-EQ,HINDADH,,-1.000000,1,,NSE,5.000000
1363,HINDALCO-EQ,HINDALCO,,-1.000000,1,,NSE,5.000000
765085,HINDALUMI-EQ,HINDALUMI,,-1.000000,1,,NSE,1.000000
1372,HINDCOMPOS-EQ,HINDCOMPOS,,-1.000000,1,,NSE,5.000000
4920,HINDCON-EQ,HINDCON,,-1.000000,1,,NSE,1.000000
17939,HINDCOPPER-EQ,HINDCOPPER,,-1.000000,1,,NSE,5.000000
1403,HINDOILEXP-EQ,HINDOILEXP,,-1.000000,1,,NSE,1.000000
1406,HINDPETRO-EQ,HINDPETRO,,-1.000000,1,,NSE,5.000000
1394,HINDUNILVR-EQ,HINDUNILVR,,-1.000000,1,,NSE,10.000000
15883,HINDWAREAP-EQ,HINDWAREAP,,-1.000000,1,,NSE,1.000000
1424,HINDZINC-EQ,HINDZINC,,-1.000000,1,,NSE,5.000000
13890,HIRECT-EQ,HIRECT,,-1.000000,1,,NSE,10.000000
19322,HISARMETAL-EQ,HISARMETAL,,-1.000000,1,,NSE,1.000000
2868,HITECH-EQ,HITECH,,-1.000000,1,,NSE,1.000000
2289,HLEGLAS-EQ,HLEGLAS,,-1.000000,1,,NSE,5.000000
1448,HLVLTD-EQ,HLVLTD,,-1.000000,1,,NSE,1.000000
17053,HMAAGRO-EQ,HMAAGRO,,-1.000000,1,,NSE,1.000000
12173,HNDFDS-EQ,HNDFDS,,-1.000000,1,,NSE,5.000000
18284,HNGSNGBEES-EQ,HNGSNGBEES,,-1.000000,1,,NSE,1.000000
2056,HOMEFIRST-EQ,HOMEFIRST,,-1.000000,1,,NSE,10.000000
19813,HONASA-EQ,HONASA,,-1.000000,1,,NSE,5.000000
3417,HONAUT-EQ,HONAUT,,-1.000000,1,,NSE,500.000000
3138,HONDAPOWER-EQ,HONDAPOWER,,-1.000000,1,,NSE,10.000000
7376,HPAL-EQ,HPAL,,-1.000000,1,,NSE,1.000000
11796,HPIL-EQ,HPIL,,-1.000000,1,,NSE,1.000000
18679,HPL-EQ,HPL,,-1.000000,1,,NSE,5.000000
764703,HRYNSHP-EQ,HRYNSHP,,-1.000000,1,,NSE,1.000000
761506,HSBCGOLD-EQ,HSBCGOLD,,-1.000000,1,,NSE,1.000000
14334,HSCL-EQ,HSCL,,-1.000000,1,,NSE,5.000000
11979,HTMEDIA-EQ,HTMEDIA,,-1.000000,1,,NSE,1.000000
14203,HUBTOWN-EQ,HUBTOWN,,-1.000000,1,,NSE,1.000000
20825,HUDCO-EQ,HUDCO,,-1.000000,1,,NSE,1.000000
2562,HUHTAMAKI-EQ,HUHTAMAKI,,-1.000000,1,,NSE,5.000000
764333,HYBRIDETF-EQ,HYBRIDETF,,-1.000000,1,,NSE,1.000000
25844,HYUNDAI-EQ,HYUNDAI,,-1.000000,1,,NSE,10.000000
24999,IBULLSLTD-EQ,IBULLSLTD,,-1.000000,1,,NSE,1.000000
6977,ICDSLTD-EQ,ICDSLTD,,-1.000000,1,,NSE,1.000000
489,ICEMAKE-EQ,ICEMAKE,,-1.000000,1,,NSE,5.000000
760407,ICICIAMC-EQ,ICICIAMC,,-1.000000,1,,NSE,10.000000
522,ICICIB22-EQ,ICICIB22,,-1.000000,1,,NSE,1.000000
4963,ICICIBANK-EQ,ICICIBANK,,-1.000000,1,,NSE,10.000000
21770,ICICIGI-EQ,ICICIGI,,-1.000000,1,,NSE,10.000000
18652,ICICIPRULI-EQ,ICICIPRULI,,-1.000000,1,,NSE,5.000000
11987,ICIL-EQ,ICIL,,-1.000000,1,,NSE,5.000000
14523,ICRA-EQ,ICRA,,-1.000000,1,,NSE,10.000000
1476,IDBI-EQ,IDBI,,-1.000000,1,,NSE,1.000000
14366,IDEA-EQ,IDEA,,-1.000000,1,,NSE,1.000000
17140,IDEAFORGE-EQ,IDEAFORGE,,-1.000000,1,,NSE,5.000000
11184,IDFCFIRSTB-EQ,IDFCFIRSTB,,-1.000000,1,,NSE,1.000000
18783,IDFNIFTYET-EQ,IDFNIFTYET,,-1.000000,1,,NSE,1.000000
220,IEX-EQ,IEX,,-1.000000,1,,NSE,1.000000
1482,IFBAGRO-EQ,IFBAGRO,,-1.000000,1,,NSE,5.000000
1485,IFBIND-EQ,IFBIND,,-1.000000,1,,NSE,10.000000
1491,IFCI-EQ,IFCI,,-1.000000,1,,NSE,1.000000
436,IFGLEXPOR-EQ,IFGLEXPOR,,-1.000000,1,,NSE,1.000000
634,IGARASHI-EQ,IGARASHI,,-1.000000,1,,NSE,5.000000
757801,IGCL-EQ,IGCL,,-1.000000,1,,NSE,1.000000
28378,IGIL-EQ,IGIL,,-1.000000,1,,NSE,5.000000
11262,IGL-EQ,IGL,,-1.000000,1,,NSE,1.000000
14086,IGPL-EQ,IGPL,,-1.000000,1,,NSE,5.000000
11809,IIFL-EQ,IIFL,,-1.000000,1,,NSE,5.000000
13072,IIFLCAPS-EQ,IIFLCAPS,,-1.000000,1,,NSE,5.000000
19525,IITL-EQ,IITL,,-1.000000,1,,NSE,1.000000
16822,IKIO-EQ,IKIO,,-1.000000,1,,NSE,1.000000
28125,IKS-EQ,IKS,,-1.000000,1,,NSE,10.000000
7672,IMAGICAA-EQ,IMAGICAA,,-1.000000,1,,NSE,1.000000
19235,IMFA-EQ,IMFA,,-1.000000,1,,NSE,10.000000
12009,IMPAL-EQ,IMPAL,,-1.000000,1,,NSE,10.000000
761099,INA-EQ,INA,,-1.000000,1,,NSE,1.000000
17507,INCREDIBLE-EQ,INCREDIBLE,,-1.000000,1,,NSE,1.000000
16933,INDBANK-EQ,INDBANK,,-1.000000,1,,NSE,1.000000
23693,INDGN-EQ,INDGN,,-1.000000,1,,NSE,5.000000
1512,INDHOTEL-EQ,INDHOTEL,,-1.000000,1,,NSE,5.000000
1515,INDIACEM-EQ,INDIACEM,,-1.000000,1,,NSE,5.000000
1521,INDIAGLYCO-EQ,INDIAGLYCO,,-1.000000,1,,NSE,10.000000
10726,INDIAMART-EQ,INDIAMART,,-1.000000,1,,NSE,10.000000
14309,INDIANB-EQ,INDIANB,,-1.000000,1,,NSE,5.000000
4422,INDIANCARD-EQ,INDIANCARD,,-1.000000,1,,NSE,1.000000
1530,INDIANHUME-EQ,INDIANHUME,,-1.000000,1,,NSE,5.000000
20556,INDIASHLTR-EQ,INDIASHLTR,,-1.000000,1,,NSE,5.000000
11195,INDIGO-EQ,INDIGO,,-1.000000,1,,NSE,50.000000
2048,INDIGOPNTS-EQ,INDIGOPNTS,,-1.000000,1,,NSE,10.000000
757845,INDIQUBE-EQ,INDIQUBE,,-1.000000,1,,NSE,1.000000
4747,INDNIPPON-EQ,INDNIPPON,,-1.000000,1,,NSE,10.000000
8614,INDOBORAX-EQ,INDOBORAX,,-1.000000,1,,NSE,5.000000
11677,INDOCO-EQ,INDOCO,,-1.000000,1,,NSE,1.000000
29025,INDOFARM-EQ,INDOFARM,,-1.000000,1,,NSE,1.000000
764708,INDOKEM-EQ,INDOKEM,,-1.000000,1,,NSE,5.000000
764301,INDOMIM-EQ,INDOMIM,,-1.000000,1,,NSE,5.000000
10993,INDORAMA-EQ,INDORAMA,,-1.000000,1,,NSE,1.000000
3088,INDOSTAR-EQ,INDOSTAR,,-1.000000,1,,NSE,5.000000
13275,INDOTECH-EQ,INDOTECH,,-1.000000,1,,NSE,10.000000
25608,INDOTHAI-EQ,INDOTHAI,,-1.000000,1,,NSE,1.000000
25503,INDOUS-EQ,INDOUS,,-1.000000,1,,NSE,1.000000
14952,INDOWIND-EQ,INDOWIND,,-1.000000,1,,NSE,1.000000
762717,INDPRUD-EQ,INDPRUD,,-1.000000,1,,NSE,50.000000
4751,INDRAMEDCO-EQ,INDRAMEDCO,,-1.000000,1,,NSE,5.000000
4870,INDSWFTLAB-EQ,INDSWFTLAB,,-1.000000,1,,NSE,1.000000
21957,INDTERRAIN-EQ,INDTERRAIN,,-1.000000,1,,NSE,1.000000
5258,INDUSINDBK-EQ,INDUSINDBK,,-1.000000,1,,NSE,10.000000
29135,INDUSTOWER-EQ,INDUSTOWER,,-1.000000,1,,NSE,5.000000
11027,INFOBEAN-EQ,INFOBEAN,,-1.000000,1,,NSE,1.000000
13693,INFOMEDIA-EQ,INFOMEDIA,,-1.000000,1,,NSE,1.000000
761030,INFRA-EQ,INFRA,,-1.000000,1,,NSE,1.000000
20072,INFRABEES-EQ,INFRABEES,,-1.000000,1,,NSE,1.000000
10723,INFRAIETF-EQ,INFRAIETF,,-1.000000,1,,NSE,1.000000
1594,INFY-EQ,INFY,,-1.000000,1,,NSE,10.000000
1597,INGERRAND-EQ,INGERRAND,,-1.000000,1,,NSE,10.000000
21062,INNOVACAP-EQ,INNOVACAP,,-1.000000,1,,NSE,5.000000
27754,INNOVANA-EQ,INNOVANA,,-1.000000,1,,NSE,5.000000
761528,INNOVISION-EQ,INNOVISION,,-1.000000,1,,NSE,5.000000
12188,INOXGREEN-EQ,INOXGREEN,,-1.000000,1,,NSE,1.000000
20607,INOXINDIA-EQ,INOXINDIA,,-1.000000,1,,NSE,10.000000
7852,INOXWIND-EQ,INOXWIND,,-1.000000,1,,NSE,1.000000
14657,INSECTICID-EQ,INSECTICID,,-1.000000,1,,NSE,5.000000
764364,INSUREIETF-EQ,INSUREIETF,,-1.000000,1,,NSE,1.000000
5926,INTELLECT-EQ,INTELLECT,,-1.000000,1,,NSE,5.000000
20071,INTENTECH-EQ,INTENTECH,,-1.000000,1,,NSE,1.000000
24909,INTERARCH-EQ,INTERARCH,,-1.000000,1,,NSE,10.000000
758595,INTERNET-EQ,INTERNET,,-1.000000,1,,NSE,1.000000
5606,INTLCONV-EQ,INTLCONV,,-1.000000,1,,NSE,1.000000
24870,INVENTURE-EQ,INVENTURE,,-1.000000,1,,NSE,1.000000
9348,IOB-EQ,IOB,,-1.000000,1,,NSE,1.000000
1624,IOC-EQ,IOC,,-1.000000,1,,NSE,1.000000
20413,IOLCP-EQ,IOLCP,,-1.000000,1,,NSE,1.000000
1630,IONEXCHANG-EQ,IONEXCHANG,,-1.000000,1,,NSE,5.000000
1633,IPCALAB-EQ,IPCALAB,,-1.000000,1,,NSE,10.000000
4934,IPL-EQ,IPL,,-1.000000,1,,NSE,1.000000
764713,IPRINGLTD-EQ,IPRINGLTD,,-1.000000,1,,NSE,1.000000
15313,IRB-EQ,IRB,,-1.000000,1,,NSE,1.000000
4986,IRCON-EQ,IRCON,,-1.000000,1,,NSE,1.000000
13611,IRCTC-EQ,IRCTC,,-1.000000,1,,NSE,5.000000
20261,IREDA-EQ,IREDA,,-1.000000,1,,NSE,1.000000
2029,IRFC-EQ,IRFC,,-1.000000,1,,NSE,1.000000
6489,IRIS-EQ,IRIS,,-1.000000,1,,NSE,1.000000
2275,IRISDOREME-EQ,IRISDOREME,,-1.000000,1,,NSE,1.000000
19597,IRMENERGY-EQ,IRMENERGY,,-1.000000,1,,NSE,5.000000
18479,ISFT-EQ,ISFT,,-1.000000,1,,NSE,1.000000
3329,ISGEC-EQ,ISGEC,,-1.000000,1,,NSE,5.000000
30249,ISHANCH-EQ,ISHANCH,,-1.000000,1,,NSE,1.000000
764718,ISTLTD-EQ,ISTLTD,,-1.000000,1,,NSE,5.000000
2627,IT-EQ,IT,,-1.000000,1,,NSE,1.000000
17207,ITADD-EQ,ITADD,,-1.000000,1,,NSE,1.000000
3010,ITAXIS-EQ,ITAXIS,,-1.000000,1,,NSE,1.000000
19084,ITBEES-EQ,ITBEES,,-1.000000,1,,NSE,1.000000
22488,ITBETA-EQ,ITBETA,,-1.000000,1,,NSE,1.000000
1660,ITC-EQ,ITC,,-1.000000,1,,NSE,5.000000
29251,ITCHOTELS-EQ,ITCHOTELS,,-1.000000,1,,NSE,1.000000
19299,ITDC-EQ,ITDC,,-1.000000,1,,NSE,5.000000
19633,ITETF-EQ,ITETF,,-1.000000,1,,NSE,1.000000
1675,ITI-EQ,ITI,,-1.000000,1,,NSE,5.000000
22365,ITIETF-EQ,ITIETF,,-1.000000,1,,NSE,1.000000
764723,ITL-EQ,ITL,,-1.000000,1,,NSE,5.000000
759041,IVALUE-EQ,IVALUE,,-1.000000,1,,NSE,5.000000
6711,IVC-EQ,IVC,,-1.000000,1,,NSE,1.000000
18292,IVZINGOLD-EQ,IVZINGOLD,,-1.000000,1,,NSE,5.000000
24217,IVZINNIFTY-EQ,IVZINNIFTY,,-1.000000,1,,NSE,1.000000
762727,IWP-EQ,IWP,,-1.000000,1,,NSE,1.000000
24067,IXIGO-EQ,IXIGO,,-1.000000,1,,NSE,1.000000
14174,IZMO-EQ,IZMO,,-1.000000,1,,NSE,5.000000
5633,J&KBANK-EQ,J&KBANK,,-1.000000,1,,NSE,1.000000
13211,JAGRAN-EQ,JAGRAN,,-1.000000,1,,NSE,1.000000
4410,JAGSNPHARM-EQ,JAGSNPHARM,,-1.000000,1,,NSE,1.000000
11256,JAIBALAJI-EQ,JAIBALAJI,,-1.000000,1,,NSE,1.000000
5143,JAICORPLTD-EQ,JAICORPLTD,,-1.000000,1,,NSE,1.000000
759244,JAINREC-EQ,JAINREC,,-1.000000,1,,NSE,5.000000
5516,JAIPURKURT-EQ,JAIPURKURT,,-1.000000,1,,NSE,1.000000
20778,JAMNAAUTO-EQ,JAMNAAUTO,,-1.000000,1,,NSE,1.000000
759951,JARO-EQ,JARO,,-1.000000,1,,NSE,5.000000
13982,JASH-EQ,JASH,,-1.000000,1,,NSE,5.000000
4041,JAYAGROGN-EQ,JAYAGROGN,,-1.000000,1,,NSE,1.000000
1708,JAYBARMARU-EQ,JAYBARMARU,,-1.000000,1,,NSE,1.000000
760073,JAYKAY-EQ,JAYKAY,,-1.000000,1,,NSE,1.000000
2331,JAYNECOIND-EQ,JAYNECOIND,,-1.000000,1,,NSE,1.000000
1720,JAYSREETEA-EQ,JAYSREETEA,,-1.000000,1,,NSE,1.000000
11655,JBMA-EQ,JBMA,,-1.000000,1,,NSE,5.000000
764728,JENBURPH-EQ,JENBURPH,,-1.000000,1,,NSE,10.000000
7211,JETFREIGHT-EQ,JETFREIGHT,,-1.000000,1,,NSE,1.000000
23056,JGCHEM-EQ,JGCHEM,,-1.000000,1,,NSE,5.000000
13720,JHS-EQ,JHS,,-1.000000,1,,NSE,1.000000
11743,JINDALPHOT-EQ,JINDALPHOT,,-1.000000,1,,NSE,10.000000
1756,JINDALPOLY-EQ,JINDALPOLY,,-1.000000,1,,NSE,5.000000
3024,JINDALSAW-EQ,JINDALSAW,,-1.000000,1,,NSE,5.000000
6733,JINDALSTEL-EQ,JINDALSTEL,,-1.000000,1,,NSE,10.000000
13875,JINDRILL-EQ,JINDRILL,,-1.000000,1,,NSE,5.000000
20642,JINDWORLD-EQ,JINDWORLD,,-1.000000,1,,NSE,1.000000
18143,JIOFIN-EQ,JIOFIN,,-1.000000,1,,NSE,5.000000
25684,JISLDVREQS-EQ,JISLDVREQS,,-1.000000,1,,NSE,1.000000
10397,JISLJALEQS-EQ,JISLJALEQS,,-1.000000,1,,NSE,1.000000
19691,JITFINFRA-EQ,JITFINFRA,,-1.000000,1,,NSE,5.000000
13270,JKCEMENT-EQ,JKCEMENT,,-1.000000,1,,NSE,50.000000
15266,JKIL-EQ,JKIL,,-1.000000,1,,NSE,5.000000
759205,JKIPL-EQ,JKIPL,,-1.000000,1,,NSE,1.000000
13491,JKLAKSHMI-EQ,JKLAKSHMI,,-1.000000,1,,NSE,5.000000
11860,JKPAPER-EQ,JKPAPER,,-1.000000,1,,NSE,5.000000
14435,JKTYRE-EQ,JKTYRE,,-1.000000,1,,NSE,5.000000
18553,JLHL-EQ,JLHL,,-1.000000,1,,NSE,5.000000
7109,JMA-EQ,JMA,,-1.000000,1,,NSE,1.000000
13637,JMFINANCIL-EQ,JMFINANCIL,,-1.000000,1,,NSE,1.000000
23621,JNKINDIA-EQ,JNKINDIA,,-1.000000,1,,NSE,5.000000
764408,JNPR-EQ,JNPR,,-1.000000,1,,NSE,1.000000
31507,JPOLYINVST-EQ,JPOLYINVST,,-1.000000,1,,NSE,10.000000
11763,JPPOWER-EQ,JPPOWER,,-1.000000,1,,NSE,1.000000
22663,JSFB-EQ,JSFB,,-1.000000,1,,NSE,5.000000
11236,JSL-EQ,JSL,,-1.000000,1,,NSE,5.000000
758115,JSLL-EQ,JSLL,,-1.000000,1,,NSE,5.000000
758460,JSWCEMENT-EQ,JSWCEMENT,,-1.000000,1,,NSE,1.000000
1467,JSWDULUX-EQ,JSWDULUX,,-1.000000,1,,NSE,10.000000
17869,JSWENERGY-EQ,JSWENERGY,,-1.000000,1,,NSE,5.000000
11880,JSWHL-EQ,JSWHL,,-1.000000,1,,NSE,100.000000
19020,JSWINFRA-EQ,JSWINFRA,,-1.000000,1,,NSE,5.000000
11723,JSWSTEEL-EQ,JSWSTEEL,,-1.000000,1,,NSE,10.000000
3237,JTEKTINDIA-EQ,JTEKTINDIA,,-1.000000,1,,NSE,1.000000
7287,JTLIND-EQ,JTLIND,,-1.000000,1,,NSE,1.000000
29590,JUBLCPL-EQ,JUBLCPL,,-1.000000,1,,NSE,10.000000
18096,JUBLFOOD-EQ,JUBLFOOD,,-1.000000,1,,NSE,5.000000
2783,JUBLINGREA-EQ,JUBLINGREA,,-1.000000,1,,NSE,5.000000
3637,JUBLPHARMA-EQ,JUBLPHARMA,,-1.000000,1,,NSE,5.000000
10939,JUNIORBEES-EQ,JUNIORBEES,,-1.000000,1,,NSE,1.000000
22824,JUNIPER-EQ,JUNIPER,,-1.000000,1,,NSE,1.000000
29962,JUSTDIAL-EQ,JUSTDIAL,,-1.000000,1,,NSE,5.000000
20224,JWL-EQ,JWL,,-1.000000,1,,NSE,5.000000
15146,JYOTHYLAB-EQ,JYOTHYLAB,,-1.000000,1,,NSE,1.000000
21334,JYOTICNC-EQ,JYOTICNC,,-1.000000,1,,NSE,5.000000
764733,JYOTIRES-EQ,JYOTIRES,,-1.000000,1,,NSE,5.000000
1802,JYOTISTRUC-EQ,JYOTISTRUC,,-1.000000,1,,NSE,1.000000
1805,KABRAEXTRU-EQ,KABRAEXTRU,,-1.000000,1,,NSE,5.000000
1808,KAJARIACER-EQ,KAJARIACER,,-1.000000,1,,NSE,10.000000
1811,KAKATCEM-EQ,KAKATCEM,,-1.000000,1,,NSE,1.000000
18755,KALAMANDIR-EQ,KALAMANDIR,,-1.000000,1,,NSE,1.000000
758558,KALPATARU-EQ,KALPATARU,,-1.000000,1,,NSE,5.000000
15156,KALYANIFRG-EQ,KALYANIFRG,,-1.000000,1,,NSE,5.000000
2955,KALYANKJIL-EQ,KALYANKJIL,,-1.000000,1,,NSE,5.000000
762732,KAMAHOLD-EQ,KAMAHOLD,,-1.000000,1,,NSE,10.000000
764738,KAMANWALA-EQ,KAMANWALA,,-1.000000,1,,NSE,1.000000
1826,KAMATHOTEL-EQ,KAMATHOTEL,,-1.000000,1,,NSE,1.000000
13814,KAMOPAINTS-EQ,KAMOPAINTS,,-1.000000,1,,NSE,1.000000
25786,KANANIIND-EQ,KANANIIND,,-1.000000,1,,NSE,1.000000
762737,KANCHI-EQ,KANCHI,,-1.000000,1,,NSE,5.000000
765090,KANCOTEA-EQ,KANCOTEA,,-1.000000,1,,NSE,1.000000
1782,KANPRPLA-EQ,KANPRPLA,,-1.000000,1,,NSE,1.000000
1196,KANSAINER-EQ,KANSAINER,,-1.000000,1,,NSE,1.000000
18967,KAPSTON-EQ,KAPSTON,,-1.000000,1,,NSE,5.000000
24385,KARMAENG-EQ,KARMAENG,,-1.000000,1,,NSE,1.000000
1838,KARURVYSYA-EQ,KARURVYSYA,,-1.000000,1,,NSE,5.000000
15244,KAVDEFENCE-EQ,KAVDEFENCE,,-1.000000,1,,NSE,1.000000
10276,KAYA-EQ,KAYA,,-1.000000,1,,NSE,5.000000
12092,KAYNES-EQ,KAYNES,,-1.000000,1,,NSE,10.000000
1841,KCP-EQ,KCP,,-1.000000,1,,NSE,1.000000
14908,KDDL-EQ,KDDL,,-1.000000,1,,NSE,10.000000
13260,KEC-EQ,KEC,,-1.000000,1,,NSE,5.000000
18220,KECL-EQ,KECL,,-1.000000,1,,NSE,1.000000
778,KEEPLEARN-EQ,KEEPLEARN,,-1.000000,1,,NSE,1.000000
13310,KEI-EQ,KEI,,-1.000000,1,,NSE,10.000000
13430,KELLTONTEC-EQ,KELLTONTEC,,-1.000000,1,,NSE,1.000000
11841,KENNAMET-EQ,KENNAMET,,-1.000000,1,,NSE,10.000000
13121,KERNEX-EQ,KERNEX,,-1.000000,1,,NSE,10.000000
4157,KEYFINSERV-EQ,KEYFINSERV,,-1.000000,1,,NSE,5.000000
13359,KFINTECH-EQ,KFINTECH,,-1.000000,1,,NSE,5.000000
896,KHAICHEM-EQ,KHAICHEM,,-1.000000,1,,NSE,1.000000
3912,KHAITANLTD-EQ,KHAITANLTD,,-1.000000,1,,NSE,1.000000
9641,KHANDSE-EQ,KHANDSE,,-1.000000,1,,NSE,1.000000
21119,KICL-EQ,KICL,,-1.000000,1,,NSE,50.000000
4847,KIMS-EQ,KIMS,,-1.000000,1,,NSE,5.000000
18944,KINGFA-EQ,KINGFA,,-1.000000,1,,NSE,50.000000
19126,KIOCL-EQ,KIOCL,,-1.000000,1,,NSE,5.000000
762742,KIRANVYPAR-EQ,KIRANVYPAR,,-1.000000,1,,NSE,1.000000
16639,KIRIINDUS-EQ,KIRIINDUS,,-1.000000,1,,NSE,5.000000
14466,KIRLFER-EQ,KIRLFER,,-1.000000,1,,NSE,5.000000
18581,KIRLOSBROS-EQ,KIRLOSBROS,,-1.000000,1,,NSE,10.000000
20936,KIRLOSENG-EQ,KIRLOSENG,,-1.000000,1,,NSE,10.000000
19025,KIRLOSIND-EQ,KIRLOSIND,,-1.000000,1,,NSE,10.000000
15180,KIRLPNU-EQ,KIRLPNU,,-1.000000,1,,NSE,10.000000
763294,KISSHT-EQ,KISSHT,,-1.000000,1,,NSE,5.000000
28899,KITEX-EQ,KITEX,,-1.000000,1,,NSE,1.000000
764743,KJMCFIN-EQ,KJMCFIN,,-1.000000,1,,NSE,1.000000
13381,KKCL-EQ,KKCL,,-1.000000,1,,NSE,5.000000
762747,KLBRENG-B-EQ,KLBRENG-B,,-1.000000,1,,NSE,5.000000
764748,KMCSHIL-EQ,KMCSHIL,,-1.000000,1,,NSE,1.000000
27084,KMEW-EQ,KMEW,,-1.000000,1,,NSE,10.000000
14667,KMSUGAR-EQ,KMSUGAR,,-1.000000,1,,NSE,1.000000
763839,KNACK-EQ,KNACK,,-1.000000,1,,NSE,1.000000
760923,KNAGRI-EQ,KNAGRI,,-1.000000,1,,NSE,1.000000
15283,KNRCON-EQ,KNRCON,,-1.000000,1,,NSE,1.000000
3009,KOHINOOR-EQ,KOHINOOR,,-1.000000,1,,NSE,1.000000
16827,KOKUYOCMLN-EQ,KOKUYOCMLN,,-1.000000,1,,NSE,1.000000
15124,KOLTEPATIL-EQ,KOLTEPATIL,,-1.000000,1,,NSE,5.000000
1922,KOTAKBANK-EQ,KOTAKBANK,,-1.000000,1,,NSE,5.000000
11647,KOTARISUG-EQ,KOTARISUG,,-1.000000,1,,NSE,1.000000
4594,KOTHARIPET-EQ,KOTHARIPET,,-1.000000,1,,NSE,1.000000
5528,KOTHARIPRO-EQ,KOTHARIPRO,,-1.000000,1,,NSE,1.000000
762752,KOTIC-EQ,KOTIC,,-1.000000,1,,NSE,1.000000
5192,KOVAI-EQ,KOVAI,,-1.000000,1,,NSE,50.000000
27079,KPEL-EQ,KPEL,,-1.000000,1,,NSE,5.000000
5108,KPIGREEN-EQ,KPIGREEN,,-1.000000,1,,NSE,5.000000
1814,KPIL-EQ,KPIL,,-1.000000,1,,NSE,10.000000
9683,KPITTECH-EQ,KPITTECH,,-1.000000,1,,NSE,5.000000
762757,KPL-EQ,KPL,,-1.000000,1,,NSE,10.000000
14912,KPRMILL-EQ,KPRMILL,,-1.000000,1,,NSE,10.000000
10577,KRBL-EQ,KRBL,,-1.000000,1,,NSE,5.000000
1937,KREBSBIO-EQ,KREBSBIO,,-1.000000,1,,NSE,1.000000
12847,KRISHANA-EQ,KRISHANA,,-1.000000,1,,NSE,1.000000
756782,KRISHIVAL-EQ,KRISHIVAL,,-1.000000,1,,NSE,5.000000
761192,KRISHNADEF-EQ,KRISHNADEF,,-1.000000,1,,NSE,10.000000
6417,KRITI-EQ,KRITI,,-1.000000,1,,NSE,1.000000
9288,KRITIKA-EQ,KRITIKA,,-1.000000,1,,NSE,1.000000
11432,KRITINUT-EQ,KRITINUT,,-1.000000,1,,NSE,1.000000
25643,KRN-EQ,KRN,,-1.000000,1,,NSE,10.000000
24025,KRONOX-EQ,KRONOX,,-1.000000,1,,NSE,1.000000
25252,KROSS-EQ,KROSS,,-1.000000,1,,NSE,1.000000
5359,KRSNAA-EQ,KRSNAA,,-1.000000,1,,NSE,5.000000
23175,KRYSTAL-EQ,KRYSTAL,,-1.000000,1,,NSE,5.000000
1949,KSB-EQ,KSB,,-1.000000,1,,NSE,5.000000
14972,KSCL-EQ,KSCL,,-1.000000,1,,NSE,5.000000
764753,KSE-EQ,KSE,,-1.000000,1,,NSE,1.000000
760433,KSHINTL-EQ,KSHINTL,,-1.000000,1,,NSE,5.000000
10407,KSHITIJPOL-EQ,KSHITIJPOL,,-1.000000,1,,NSE,1.000000
18889,KSL-EQ,KSL,,-1.000000,1,,NSE,5.000000
11060,KSOLVES-EQ,KSOLVES,,-1.000000,1,,NSE,5.000000
759987,KSR-EQ,KSR,,-1.000000,1,,NSE,1.000000
8054,KTKBANK-EQ,KTKBANK,,-1.000000,1,,NSE,5.000000
13870,KUANTUM-EQ,KUANTUM,,-1.000000,1,,NSE,1.000000
764116,KUSUMGAR-EQ,KUSUMGAR,,-1.000000,1,,NSE,5.000000
760946,KWIL-EQ,KWIL,,-1.000000,1,,NSE,1.000000
764758,LADDERUP-EQ,LADDERUP,,-1.000000,1,,NSE,1.000000
5865,LAGNAM-EQ,LAGNAM,,-1.000000,1,,NSE,1.000000
762762,LAHOTIOV-EQ,LAHOTIOV,,-1.000000,1,,NSE,1.000000
764763,LAKSHMIMIL-EQ,LAKSHMIMIL,,-1.000000,1,,NSE,50.000000
14924,LAL-EQ,LAL,,-1.000000,1,,NSE,1.000000
11654,LALPATHLAB-EQ,LALPATHLAB,,-1.000000,1,,NSE,10.000000
6407,LAMBODHARA-EQ,LAMBODHARA,,-1.000000,1,,NSE,1.000000
9392,LANCER-EQ,LANCER,,-1.000000,1,,NSE,1.000000
23027,LANCORHOL-EQ,LANCORHOL,,-1.000000,1,,NSE,1.000000
13276,LANDMARK-EQ,LANDMARK,,-1.000000,1,,NSE,5.000000
17376,LANDSMILL-EQ,LANDSMILL,,-1.000000,1,,NSE,1.000000
14423,LAOPALA-EQ,LAOPALA,,-1.000000,1,,NSE,1.000000
21713,LASA-EQ,LASA,,-1.000000,1,,NSE,1.000000
764126,LASERPOWER-EQ,LASERPOWER,,-1.000000,1,,NSE,5.000000
6818,LATENTVIEW-EQ,LATENTVIEW,,-1.000000,1,,NSE,5.000000
15840,LATTEYS-EQ,LATTEYS,,-1.000000,1,,NSE,1.000000
19234,LAURUSLABS-EQ,LAURUSLABS,,-1.000000,1,,NSE,10.000000
6568,LAXMICOT-EQ,LAXMICOT,,-1.000000,1,,NSE,1.000000
29171,LAXMIDENTL-EQ,LAXMIDENTL,,-1.000000,1,,NSE,1.000000
758863,LAXMIINDIA-EQ,LAXMIINDIA,,-1.000000,1,,NSE,1.000000
7529,LCCINFOTEC-EQ,LCCINFOTEC,,-1.000000,1,,NSE,1.000000
764296,LCL-EQ,LCL,,-1.000000,1,,NSE,5.000000
764523,LEAPIND-EQ,LEAPIND,,-1.000000,1,,NSE,1.000000
765095,LEENEE-EQ,LEENEE,,-1.000000,1,,NSE,1.000000
760300,LEMERITE-EQ,LEMERITE,,-1.000000,1,,NSE,1.000000
2606,LEMONTREE-EQ,LEMONTREE,,-1.000000,1,,NSE,1.000000
759605,LENSKART-EQ,LENSKART,,-1.000000,1,,NSE,5.000000
14459,LEXUS-EQ,LEXUS,,-1.000000,1,,NSE,1.000000
7902,LFIC-EQ,LFIC,,-1.000000,1,,NSE,1.000000
18321,LGBBROSLTD-EQ,LGBBROSLTD,,-1.000000,1,,NSE,10.000000
760213,LGEINDIA-EQ,LGEINDIA,,-1.000000,1,,NSE,10.000000
19876,LGHL-EQ,LGHL,,-1.000000,1,,NSE,1.000000
11082,LIBAS-EQ,LIBAS,,-1.000000,1,,NSE,1.000000
1994,LIBERTSHOE-EQ,LIBERTSHOE,,-1.000000,1,,NSE,5.000000
1997,LICHSGFIN-EQ,LICHSGFIN,,-1.000000,1,,NSE,5.000000
9480,LICI-EQ,LICI,,-1.000000,1,,NSE,5.000000
25640,LICMFGOLD-EQ,LICMFGOLD,,-1.000000,1,,NSE,5.000000
6062,LICNETFGSC-EQ,LICNETFGSC,,-1.000000,1,,NSE,1.000000
11319,LICNETFN50-EQ,LICNETFN50,,-1.000000,1,,NSE,1.000000
11441,LICNETFSEN-EQ,LICNETFSEN,,-1.000000,1,,NSE,1.000000
15229,LICNFNHGP-EQ,LICNFNHGP,,-1.000000,1,,NSE,1.000000
22722,LICNMID100-EQ,LICNMID100,,-1.000000,1,,NSE,1.000000
578,LIKHITHA-EQ,LIKHITHA,,-1.000000,1,,NSE,1.000000
6951,LINC-EQ,LINC,,-1.000000,1,,NSE,1.000000
11596,LINCOLN-EQ,LINCOLN,,-1.000000,1,,NSE,5.000000
1627,LINDEINDIA-EQ,LINDEINDIA,,-1.000000,1,,NSE,50.000000
757725,LIQGRWBEES-EQ,LIQGRWBEES,,-1.000000,1,,NSE,1.000000
17572,LIQUID-EQ,LIQUID,,-1.000000,1,,NSE,1.000000
13950,LIQUID1-EQ,LIQUID1,,-1.000000,1,,NSE,1.000000
23407,LIQUIDADD-EQ,LIQUIDADD,,-1.000000,1,,NSE,1.000000
11006,LIQUIDBEES-EQ,LIQUIDBEES,,-1.000000,1,,NSE,1.000000
764180,LIQUIDBETA-EQ,LIQUIDBETA,,-1.000000,1,,NSE,1.000000
23915,LIQUIDBETF-EQ,LIQUIDBETF,,-1.000000,1,,NSE,1.000000
21750,LIQUIDCASE-EQ,LIQUIDCASE,,-1.000000,1,,NSE,1.000000
1927,LIQUIDETF-EQ,LIQUIDETF,,-1.000000,1,,NSE,1.000000
4838,LIQUIDIETF-EQ,LIQUIDIETF,,-1.000000,1,,NSE,1.000000
27075,LIQUIDPLUS-EQ,LIQUIDPLUS,,-1.000000,1,,NSE,1.000000
19705,LIQUIDSBI-EQ,LIQUIDSBI,,-1.000000,1,,NSE,1.000000
24374,LIQUIDSHRI-EQ,LIQUIDSHRI,,-1.000000,1,,NSE,1.000000
765100,LKPSEC-EQ,LKPSEC,,-1.000000,1,,NSE,1.000000
17801,LLOYDSENGG-EQ,LLOYDSENGG,,-1.000000,1,,NSE,1.000000
25807,LLOYDSENT-EQ,LLOYDSENT,,-1.000000,1,,NSE,1.000000
17313,LLOYDSME-EQ,LLOYDSME,,-1.000000,1,,NSE,10.000000
1979,LMW-EQ,LMW,,-1.000000,1,,NSE,100.000000
3220,LODHA-EQ,LODHA,,-1.000000,1,,NSE,10.000000
18232,LORDSCHLO-EQ,LORDSCHLO,,-1.000000,1,,NSE,1.000000
764768,LOTUSCHO-EQ,LOTUSCHO,,-1.000000,1,,NSE,5.000000
16807,LOTUSEYE-EQ,LOTUSEYE,,-1.000000,1,,NSE,1.000000
22415,LOVABLE-EQ,LOVABLE,,-1.000000,1,,NSE,1.000000
14786,LOWVOL-EQ,LOWVOL,,-1.000000,1,,NSE,1.000000
8632,LOWVOL1-EQ,LOWVOL1,,-1.000000,1,,NSE,1.000000
21254,LOWVOLIETF-EQ,LOWVOLIETF,,-1.000000,1,,NSE,1.000000
10590,LOYALTEX-EQ,LOYALTEX,,-1.000000,1,,NSE,1.000000
16863,LPDC-EQ,LPDC,,-1.000000,1,,NSE,1.000000
11483,LT-EQ,LT,,-1.000000,1,,NSE,10.000000
24948,LTF-EQ,LTF,,-1.000000,1,,NSE,5.000000
13816,LTFOODS-EQ,LTFOODS,,-1.000000,1,,NSE,5.000000
17700,LTGILTBEES-EQ,LTGILTBEES,,-1.000000,1,,NSE,1.000000
758705,LTGILTCASE-EQ,LTGILTCASE,,-1.000000,1,,NSE,1.000000
17818,LTM-EQ,LTM,,-1.000000,1,,NSE,10.000000
18564,LTTS-EQ,LTTS,,-1.000000,1,,NSE,10.000000
2018,LUMAXIND-EQ,LUMAXIND,,-1.000000,1,,NSE,50.000000
14014,LUMAXTECH-EQ,LUMAXTECH,,-1.000000,1,,NSE,10.000000
10440,LUPIN-EQ,LUPIN,,-1.000000,1,,NSE,10.000000
11301,LUXIND-EQ,LUXIND,,-1.000000,1,,NSE,10.000000
2841,LXCHEM-EQ,LXCHEM,,-1.000000,1,,NSE,1.000000
2031,M&M-EQ,M&M,,-1.000000,1,,NSE,10.000000
13285,M&MFIN-EQ,M&MFIN,,-1.000000,1,,NSE,5.000000
15017,MAANALU-EQ,MAANALU,,-1.000000,1,,NSE,1.000000
22347,MACPOWER-EQ,MACPOWER,,-1.000000,1,,NSE,10.000000
15151,MADHAV-EQ,MADHAV,,-1.000000,1,,NSE,1.000000
762767,MADHAVIPL-EQ,MADHAVIPL,,-1.000000,1,,NSE,1.000000
4911,MADRASFERT-EQ,MADRASFERT,,-1.000000,1,,NSE,1.000000
3507,MAFANG-EQ,MAFANG,,-1.000000,1,,NSE,1.000000
762772,MAFATIND-EQ,MAFATIND,,-1.000000,1,,NSE,1.000000
21392,MAGADSUGAR-EQ,MAGADSUGAR,,-1.000000,1,,NSE,5.000000
14957,MAGNUM-EQ,MAGNUM,,-1.000000,1,,NSE,1.000000
11377,MAHABANK-EQ,MAHABANK,,-1.000000,1,,NSE,1.000000
5239,MAHAPEXLTD-EQ,MAHAPEXLTD,,-1.000000,1,,NSE,1.000000
17603,MAHEPC-EQ,MAHEPC,,-1.000000,1,,NSE,1.000000
7074,MAHKTECH-EQ,MAHKTECH,,-1.000000,1,,NSE,1.000000
8050,MAHLIFE-EQ,MAHLIFE,,-1.000000,1,,NSE,5.000000
385,MAHLOG-EQ,MAHLOG,,-1.000000,1,,NSE,5.000000
2085,MAHSCOOTER-EQ,MAHSCOOTER,,-1.000000,1,,NSE,100.000000
2088,MAHSEAMLES-EQ,MAHSEAMLES,,-1.000000,1,,NSE,5.000000
24538,MAITHANALL-EQ,MAITHANALL,,-1.000000,1,,NSE,5.000000
7979,MAKEINDIA-EQ,MAKEINDIA,,-1.000000,1,,NSE,1.000000
764773,MAKERSL-EQ,MAKERSL,,-1.000000,1,,NSE,1.000000
7965,MALLCOM-EQ,MALLCOM,,-1.000000,1,,NSE,5.000000
13352,MALUPAPER-EQ,MALUPAPER,,-1.000000,1,,NSE,1.000000
28687,MAMATA-EQ,MAMATA,,-1.000000,1,,NSE,5.000000
7420,MANAKALUCO-EQ,MANAKALUCO,,-1.000000,1,,NSE,1.000000
7413,MANAKCOAT-EQ,MANAKCOAT,,-1.000000,1,,NSE,1.000000
15199,MANAKSIA-EQ,MANAKSIA,,-1.000000,1,,NSE,1.000000
7463,MANAKSTEEL-EQ,MANAKSTEEL,,-1.000000,1,,NSE,1.000000
13796,MANALIPETC-EQ,MANALIPETC,,-1.000000,1,,NSE,1.000000
19061,MANAPPURAM-EQ,MANAPPURAM,,-1.000000,1,,NSE,5.000000
25597,MANBA-EQ,MANBA,,-1.000000,1,,NSE,1.000000
765105,MANBRO-EQ,MANBRO,,-1.000000,1,,NSE,1.000000
24823,MANCREDIT-EQ,MANCREDIT,,-1.000000,1,,NSE,1.000000
11817,MANGALAM-EQ,MANGALAM,,-1.000000,1,,NSE,1.000000
2106,MANGLMCEM-EQ,MANGLMCEM,,-1.000000,1,,NSE,5.000000
11884,MANINDS-EQ,MANINDS,,-1.000000,1,,NSE,5.000000
18226,MANINFRA-EQ,MANINFRA,,-1.000000,1,,NSE,1.000000
764357,MANIPALHOS-EQ,MANIPALHOS,,-1.000000,1,,NSE,5.000000
15380,MANKIND-EQ,MANKIND,,-1.000000,1,,NSE,10.000000
13753,MANOMAY-EQ,MANOMAY,,-1.000000,1,,NSE,1.000000
10227,MANORAMA-EQ,MANORAMA,,-1.000000,1,,NSE,10.000000
6422,MANORG-EQ,MANORG,,-1.000000,1,,NSE,5.000000
758667,MANUFGBEES-EQ,MANUFGBEES,,-1.000000,1,,NSE,1.000000
8167,MANYAVAR-EQ,MANYAVAR,,-1.000000,1,,NSE,5.000000
7227,MAPMYINDIA-EQ,MAPMYINDIA,,-1.000000,1,,NSE,10.000000
2112,MARALOVER-EQ,MARALOVER,,-1.000000,1,,NSE,1.000000
18659,MARATHON-EQ,MARATHON,,-1.000000,1,,NSE,5.000000
4067,MARICO-EQ,MARICO,,-1.000000,1,,NSE,5.000000
1328,MARINE-EQ,MARINE,,-1.000000,1,,NSE,5.000000
760204,MARKOLINES-EQ,MARKOLINES,,-1.000000,1,,NSE,1.000000
10579,MARKSANS-EQ,MARKSANS,,-1.000000,1,,NSE,5.000000
761386,MARSONS-EQ,MARSONS,,-1.000000,1,,NSE,1.000000
10999,MARUTI-EQ,MARUTI,,-1.000000,1,,NSE,100.000000
199,MASFIN-EQ,MASFIN,,-1.000000,1,,NSE,5.000000
18727,MASKINVEST-EQ,MASKINVEST,,-1.000000,1,,NSE,1.000000
5782,MASPTOP50-EQ,MASPTOP50,,-1.000000,1,,NSE,1.000000
2124,MASTEK-EQ,MASTEK,,-1.000000,1,,NSE,10.000000
27047,MASTERTR-EQ,MASTERTR,,-1.000000,1,,NSE,1.000000
21726,MATRIMONY-EQ,MATRIMONY,,-1.000000,1,,NSE,5.000000
17022,MAWANASUG-EQ,MAWANASUG,,-1.000000,1,,NSE,1.000000
19646,MAXESTATES-EQ,MAXESTATES,,-1.000000,1,,NSE,5.000000
22377,MAXHEALTH-EQ,MAXHEALTH,,-1.000000,1,,NSE,10.000000
22428,MAXIND-EQ,MAXIND,,-1.000000,1,,NSE,1.000000
28906,MAYURUNIQ-EQ,MAYURUNIQ,,-1.000000,1,,NSE,5.000000
509,MAZDOCK-EQ,MAZDOCK,,-1.000000,1,,NSE,10.000000
12686,MBAPL-EQ,MBAPL,,-1.000000,1,,NSE,1.000000
758150,MBEL-EQ,MBEL,,-1.000000,1,,NSE,5.000000
18029,MBLINFRA-EQ,MBLINFRA,,-1.000000,1,,NSE,1.000000
762782,MCCHRLS-B-EQ,MCCHRLS-B,,-1.000000,1,,NSE,5.000000
22360,MCL-EQ,MCL,,-1.000000,1,,NSE,1.000000
11943,MCLEODRUSS-EQ,MCLEODRUSS,,-1.000000,1,,NSE,1.000000
29482,MCLOUD-EQ,MCLOUD,,-1.000000,1,,NSE,1.000000
31181,MCX-EQ,MCX,,-1.000000,1,,NSE,10.000000
11956,MEDANTA-EQ,MEDANTA,,-1.000000,1,,NSE,10.000000
21705,MEDIASSIST-EQ,MEDIASSIST,,-1.000000,1,,NSE,5.000000
6278,MEDICAMEQ-EQ,MEDICAMEQ,,-1.000000,1,,NSE,1.000000
765110,MEDICAPQ-EQ,MEDICAPQ,,-1.000000,1,,NSE,1.000000
9667,MEDICO-EQ,MEDICO,,-1.000000,1,,NSE,1.000000
7254,MEDPLUS-EQ,MEDPLUS,,-1.000000,1,,NSE,5.000000
760229,MEESHO-EQ,MEESHO,,-1.000000,1,,NSE,1.000000
8153,MEGASTAR-EQ,MEGASTAR,,-1.000000,1,,NSE,5.000000
758748,MEIL-EQ,MEIL,,-1.000000,1,,NSE,5.000000
762787,MENNPIS-EQ,MENNPIS,,-1.000000,1,,NSE,1.000000
762792,MERCANTILE-EQ,MERCANTILE,,-1.000000,1,,NSE,1.000000
763663,MERCURYEV-EQ,MERCURYEV,,-1.000000,1,,NSE,1.000000
25744,METAL-EQ,METAL,,-1.000000,1,,NSE,1.000000
24861,METALIETF-EQ,METALIETF,,-1.000000,1,,NSE,1.000000
7242,METROBRAND-EQ,METROBRAND,,-1.000000,1,,NSE,10.000000
762797,METROGLOBL-EQ,METROGLOBL,,-1.000000,1,,NSE,1.000000
9581,METROPOLIS-EQ,METROPOLIS,,-1.000000,1,,NSE,5.000000
24937,MFML-EQ,MFML,,-1.000000,1,,NSE,1.000000
2142,MFSL-EQ,MFSL,,-1.000000,1,,NSE,10.000000
17534,MGL-EQ,MGL,,-1.000000,1,,NSE,10.000000
7886,MHLXMIRU-EQ,MHLXMIRU,,-1.000000,1,,NSE,1.000000
17333,MHRIL-EQ,MHRIL,,-1.000000,1,,NSE,1.000000
30469,MID150-EQ,MID150,,-1.000000,1,,NSE,1.000000
8506,MID150BEES-EQ,MID150BEES,,-1.000000,1,,NSE,1.000000
24077,MID150CASE-EQ,MID150CASE,,-1.000000,1,,NSE,1.000000
764428,MIDBANKADD-EQ,MIDBANKADD,,-1.000000,1,,NSE,1.000000
8077,MIDCAP-EQ,MIDCAP,,-1.000000,1,,NSE,1.000000
760356,MIDCAPADD-EQ,MIDCAPADD,,-1.000000,1,,NSE,1.000000
18347,MIDCAPBETA-EQ,MIDCAPBETA,,-1.000000,1,,NSE,1.000000
8413,MIDCAPETF-EQ,MIDCAPETF,,-1.000000,1,,NSE,1.000000
17152,MIDCAPIETF-EQ,MIDCAPIETF,,-1.000000,1,,NSE,1.000000
2463,MIDHANI-EQ,MIDHANI,,-1.000000,1,,NSE,5.000000
7456,MIDQ50ADD-EQ,MIDQ50ADD,,-1.000000,1,,NSE,1.000000
17702,MIDSELIETF-EQ,MIDSELIETF,,-1.000000,1,,NSE,1.000000
23855,MIDSMALL-EQ,MIDSMALL,,-1.000000,1,,NSE,1.000000
759517,MIDWESTLTD-EQ,MIDWESTLTD,,-1.000000,1,,NSE,10.000000
764778,MIIL-EQ,MIIL,,-1.000000,1,,NSE,5.000000
765115,MINALIND-EQ,MINALIND,,-1.000000,1,,NSE,1.000000
25897,MINDACORP-EQ,MINDACORP,,-1.000000,1,,NSE,5.000000
18049,MINDTECK-EQ,MINDTECK,,-1.000000,1,,NSE,1.000000
4394,MIRZAINT-EQ,MIRZAINT,,-1.000000,1,,NSE,1.000000
18562,MITTAL-EQ,MITTAL,,-1.000000,1,,NSE,1.000000
765120,MKEXIM-EQ,MKEXIM,,-1.000000,1,,NSE,1.000000
16736,MKPL-EQ,MKPL,,-1.000000,1,,NSE,1.000000
765125,MLKFOOD-EQ,MLKFOOD,,-1.000000,1,,NSE,1.000000
13844,MMFL-EQ,MMFL,,-1.000000,1,,NSE,5.000000
16395,MMP-EQ,MMP,,-1.000000,1,,NSE,5.000000
17957,MMTC-EQ,MMTC,,-1.000000,1,,NSE,1.000000
762802,MMWL-EQ,MMWL,,-1.000000,1,,NSE,1.000000
10676,MNC-EQ,MNC,,-1.000000,1,,NSE,1.000000
757669,MOALPHA50-EQ,MOALPHA50,,-1.000000,1,,NSE,1.000000
761693,MOBANK10-EQ,MOBANK10,,-1.000000,1,,NSE,1.000000
28046,MOBIKWIK-EQ,MOBIKWIK,,-1.000000,1,,NSE,1.000000
30065,MOCAPITAL-EQ,MOCAPITAL,,-1.000000,1,,NSE,1.000000
24944,MODEFENCE-EQ,MODEFENCE,,-1.000000,1,,NSE,1.000000
2229,MODIRUBBER-EQ,MODIRUBBER,,-1.000000,1,,NSE,1.000000
759752,MODIS-EQ,MODIS,,-1.000000,1,,NSE,5.000000
2241,MODTHREAD-EQ,MODTHREAD,,-1.000000,1,,NSE,1.000000
759374,MOENERGY-EQ,MOENERGY,,-1.000000,1,,NSE,1.000000
757791,MOGOLD-EQ,MOGOLD,,-1.000000,1,,NSE,5.000000
1507,MOGSEC-EQ,MOGSEC,,-1.000000,1,,NSE,1.000000
10508,MOHEALTH-EQ,MOHEALTH,,-1.000000,1,,NSE,1.000000
765130,MOHITE-EQ,MOHITE,,-1.000000,1,,NSE,1.000000
29423,MOHITIND-EQ,MOHITIND,,-1.000000,1,,NSE,1.000000
20830,MOIL-EQ,MOIL,,-1.000000,1,,NSE,5.000000
757031,MOINFRA-EQ,MOINFRA,,-1.000000,1,,NSE,1.000000
759891,MOIPO-EQ,MOIPO,,-1.000000,1,,NSE,1.000000
3586,MOKSH-EQ,MOKSH,,-1.000000,1,,NSE,1.000000
5394,MOL-EQ,MOL,,-1.000000,1,,NSE,1.000000
764548,MOLBIO-EQ,MOLBIO,,-1.000000,1,,NSE,5.000000
6713,MOLDTKPAC-EQ,MOLDTKPAC,,-1.000000,1,,NSE,5.000000
8654,MOLOWVOL-EQ,MOLOWVOL,,-1.000000,1,,NSE,1.000000
21423,MOM100-EQ,MOM100,,-1.000000,1,,NSE,1.000000
10585,MOM30IETF-EQ,MOM30IETF,,-1.000000,1,,NSE,1.000000
19289,MOM50-EQ,MOM50,,-1.000000,1,,NSE,1.000000
10693,MOMENTUM-EQ,MOMENTUM,,-1.000000,1,,NSE,1.000000
759488,MOMENTUM30-EQ,MOMENTUM30,,-1.000000,1,,NSE,1.000000
25606,MOMENTUM50-EQ,MOMENTUM50,,-1.000000,1,,NSE,1.000000
764402,MOMETAL-EQ,MOMETAL,,-1.000000,1,,NSE,1.000000
757099,MOMGF-EQ,MOMGF,,-1.000000,1,,NSE,1.000000
757817,MOMIDMTM-EQ,MOMIDMTM,,-1.000000,1,,NSE,1.000000
764198,MOMMIDCAP-EQ,MOMMIDCAP,,-1.000000,1,,NSE,1.000000
760054,MOMNC-EQ,MOMNC,,-1.000000,1,,NSE,1.000000
8182,MOMOMENTUM-EQ,MOMOMENTUM,,-1.000000,1,,NSE,1.000000
22739,MON100-EQ,MON100,,-1.000000,1,,NSE,1.000000
756900,MON50EQUAL-EQ,MON50EQUAL,,-1.000000,1,,NSE,1.000000
7679,MONARCH-EQ,MONARCH,,-1.000000,1,,NSE,5.000000
757167,MONEXT50-EQ,MONEXT50,,-1.000000,1,,NSE,1.000000
759381,MONEYBOXX-EQ,MONEYBOXX,,-1.000000,1,,NSE,1.000000
759371,MONIFTY100-EQ,MONIFTY100,,-1.000000,1,,NSE,1.000000
19237,MONIFTY500-EQ,MONIFTY500,,-1.000000,1,,NSE,1.000000
7422,MONQ50-EQ,MONQ50,,-1.000000,1,,NSE,1.000000
5938,MONTECARLO-EQ,MONTECARLO,,-1.000000,1,,NSE,5.000000
764405,MOOILGAS-EQ,MOOILGAS,,-1.000000,1,,NSE,1.000000
757431,MOPSE-EQ,MOPSE,,-1.000000,1,,NSE,1.000000
10822,MOQUALITY-EQ,MOQUALITY,,-1.000000,1,,NSE,1.000000
23184,MOREALTY-EQ,MOREALTY,,-1.000000,1,,NSE,1.000000
2259,MOREPENLAB-EQ,MOREPENLAB,,-1.000000,1,,NSE,1.000000
29459,MOSCHIP-EQ,MOSCHIP,,-1.000000,1,,NSE,1.000000
760001,MOSERVICE-EQ,MOSERVICE,,-1.000000,1,,NSE,1.000000
758457,MOSILVER-EQ,MOSILVER,,-1.000000,1,,NSE,1.000000
23181,MOSMALL250-EQ,MOSMALL250,,-1.000000,1,,NSE,1.000000
4204,MOTHERSON-EQ,MOTHERSON,,-1.000000,1,,NSE,1.000000
14947,MOTILALOFS-EQ,MOTILALOFS,,-1.000000,1,,NSE,5.000000
20788,MOTISONS-EQ,MOTISONS,,-1.000000,1,,NSE,1.000000
757443,MOTOUR-EQ,MOTOUR,,-1.000000,1,,NSE,1.000000
10825,MOVALUE-EQ,MOVALUE,,-1.000000,1,,NSE,1.000000
765135,MPDL-EQ,MPDL,,-1.000000,1,,NSE,1.000000
4503,MPHASIS-EQ,MPHASIS,,-1.000000,1,,NSE,10.000000
10578,MPSLTD-EQ,MPSLTD,,-1.000000,1,,NSE,10.000000
2277,MRF-EQ,MRF,,-1.000000,1,,NSE,500.000000
2283,MRPL-EQ,MRPL,,-1.000000,1,,NSE,1.000000
763602,MSCI360-EQ,MSCI360,,-1.000000,1,,NSE,1.000000
759978,MSCIADD-EQ,MSCIADD,,-1.000000,1,,NSE,1.000000
29758,MSCIINDIA-EQ,MSCIINDIA,,-1.000000,1,,NSE,1.000000
764783,MSL-EQ,MSL,,-1.000000,1,,NSE,1.000000
11919,MSPL-EQ,MSPL,,-1.000000,1,,NSE,1.000000
9356,MSTCLTD-EQ,MSTCLTD,,-1.000000,1,,NSE,5.000000
8596,MSUMI-EQ,MSUMI,,-1.000000,1,,NSE,1.000000
2294,MTNL-EQ,MTNL,,-1.000000,1,,NSE,1.000000
19783,MUFIN-EQ,MUFIN,,-1.000000,1,,NSE,1.000000
20878,MUFTI-EQ,MUFTI,,-1.000000,1,,NSE,1.000000
11325,MUKANDLTD-EQ,MUKANDLTD,,-1.000000,1,,NSE,1.000000
764788,MUKESHB-EQ,MUKESHB,,-1.000000,1,,NSE,1.000000
22980,MUKKA-EQ,MUKKA,,-1.000000,1,,NSE,1.000000
25080,MULTICAP-EQ,MULTICAP,,-1.000000,1,,NSE,1.000000
13511,MUNJALAU-EQ,MUNJALAU,,-1.000000,1,,NSE,1.000000
2307,MUNJALSHOW-EQ,MUNJALSHOW,,-1.000000,1,,NSE,1.000000
2313,MURUDCERA-EQ,MURUDCERA,,-1.000000,1,,NSE,1.000000
10415,MUTHOOTCAP-EQ,MUTHOOTCAP,,-1.000000,1,,NSE,1.000000
23650,MUTHOOTFIN-EQ,MUTHOOTFIN,,-1.000000,1,,NSE,10.000000
20831,MUTHOOTMF-EQ,MUTHOOTMF,,-1.000000,1,,NSE,1.000000
764397,MVELECTRO-EQ,MVELECTRO,,-1.000000,1,,NSE,5.000000
19015,MVGJL-EQ,MVGJL,,-1.000000,1,,NSE,1.000000
759169,MWL-EQ,MWL,,-1.000000,1,,NSE,1.000000
4377,MYSORPETRO-EQ,MYSORPETRO,,-1.000000,1,,NSE,1.000000
12848,N1NSETEST-EQ,N1NSETEST,,-1.000000,1,,NSE,5.000000
20425,NACLIND-EQ,NACLIND,,-1.000000,1,,NSE,1.000000
14942,NAGREEKCAP-EQ,NAGREEKCAP,,-1.000000,1,,NSE,1.000000
14702,NAGREEKEXP-EQ,NAGREEKEXP,,-1.000000,1,,NSE,1.000000
15360,NAHARCAP-EQ,NAHARCAP,,-1.000000,1,,NSE,1.000000
13106,NAHARINDUS-EQ,NAHARINDUS,,-1.000000,1,,NSE,1.000000
14445,NAHARPOLY-EQ,NAHARPOLY,,-1.000000,1,,NSE,5.000000
14440,NAHARSPING-EQ,NAHARSPING,,-1.000000,1,,NSE,5.000000
357,NAM-INDIA-EQ,NAM-INDIA,,-1.000000,1,,NSE,10.000000
11627,NARMADA-EQ,NARMADA,,-1.000000,1,,NSE,1.000000
29583,NATCAPSUQ-EQ,NATCAPSUQ,,-1.000000,1,,NSE,1.000000
3918,NATCOPHARM-EQ,NATCOPHARM,,-1.000000,1,,NSE,5.000000
11065,NATHBIOGEN-EQ,NATHBIOGEN,,-1.000000,1,,NSE,1.000000
6364,NATIONALUM-EQ,NATIONALUM,,-1.000000,1,,NSE,5.000000
762807,NATIONSTD-EQ,NATIONSTD,,-1.000000,1,,NSE,1.000000
13751,NAUKRI-EQ,NAUKRI,,-1.000000,1,,NSE,10.000000
4014,NAVA-EQ,NAVA,,-1.000000,1,,NSE,5.000000
14672,NAVINFLUOR-EQ,NAVINFLUOR,,-1.000000,1,,NSE,50.000000
10557,NAVKARCORP-EQ,NAVKARCORP,,-1.000000,1,,NSE,1.000000
2385,NAVNETEDUL-EQ,NAVNETEDUL,,-1.000000,1,,NSE,1.000000
2987,NAZARA-EQ,NAZARA,,-1.000000,1,,NSE,5.000000
31415,NBCC-EQ,NBCC,,-1.000000,1,,NSE,1.000000
19111,NBIFIN-EQ,NBIFIN,,-1.000000,1,,NSE,10.000000
2319,NCC-EQ,NCC,,-1.000000,1,,NSE,1.000000
14490,NCLIND-EQ,NCLIND,,-1.000000,1,,NSE,1.000000
18371,NDGL-EQ,NDGL,,-1.000000,1,,NSE,10.000000
31258,NDL-EQ,NDL,,-1.000000,1,,NSE,1.000000
14547,NDLVENTURE-EQ,NDLVENTURE,,-1.000000,1,,NSE,1.000000
22255,NDRAUTO-EQ,NDRAUTO,,-1.000000,1,,NSE,5.000000
11427,NDTV-EQ,NDTV,,-1.000000,1,,NSE,1.000000
762812,NEAGI-EQ,NEAGI,,-1.000000,1,,NSE,10.000000
11927,NECLIFE-EQ,NECLIFE,,-1.000000,1,,NSE,1.000000
14761,NELCAST-EQ,NELCAST,,-1.000000,1,,NSE,1.000000
2388,NELCO-EQ,NELCO,,-1.000000,1,,NSE,10.000000
9917,NEOGEN-EQ,NEOGEN,,-1.000000,1,,NSE,10.000000
760346,NEPHROPLUS-EQ,NEPHROPLUS,,-1.000000,1,,NSE,5.000000
15409,NESCO-EQ,NESCO,,-1.000000,1,,NSE,10.000000
17963,NESTLEIND-EQ,NESTLEIND,,-1.000000,1,,NSE,10.000000
7838,NETF-EQ,NETF,,-1.000000,1,,NSE,1.000000
17433,NETWEB-EQ,NETWEB,,-1.000000,1,,NSE,10.000000
14111,NETWORK18-EQ,NETWORK18,,-1.000000,1,,NSE,1.000000
2406,NEULANDLAB-EQ,NEULANDLAB,,-1.000000,1,,NSE,100.000000
1164,NEWGEN-EQ,NEWGEN,,-1.000000,1,,NSE,5.000000
29464,NEXT30ADD-EQ,NEXT30ADD,,-1.000000,1,,NSE,1.000000
17181,NEXT50-EQ,NEXT50,,-1.000000,1,,NSE,1.000000
760599,NEXT50ADD-EQ,NEXT50ADD,,-1.000000,1,,NSE,1.000000
21478,NEXT50BETA-EQ,NEXT50BETA,,-1.000000,1,,NSE,1.000000
760709,NEXT50ETF-EQ,NEXT50ETF,,-1.000000,1,,NSE,1.000000
4529,NEXT50IETF-EQ,NEXT50IETF,,-1.000000,1,,NSE,1.000000
9867,NEXTMEDIA-EQ,NEXTMEDIA,,-1.000000,1,,NSE,1.000000
13925,NFL-EQ,NFL,,-1.000000,1,,NSE,1.000000
10277,NGLFINE-EQ,NGLFINE,,-1.000000,1,,NSE,10.000000
11840,NH-EQ,NH,,-1.000000,1,,NSE,10.000000
17400,NHPC-EQ,NHPC,,-1.000000,1,,NSE,1.000000
399,NIACL-EQ,NIACL,,-1.000000,1,,NSE,1.000000
29487,NIBE-EQ,NIBE,,-1.000000,1,,NSE,10.000000
29733,NIBL-EQ,NIBL,,-1.000000,1,,NSE,1.000000
764793,NICCOPAR-EQ,NICCOPAR,,-1.000000,1,,NSE,1.000000
29577,NIF100BEES-EQ,NIF100BEES,,-1.000000,1,,NSE,1.000000
30392,NIF100IETF-EQ,NIF100IETF,,-1.000000,1,,NSE,1.000000
18102,NIFTY1-EQ,NIFTY1,,-1.000000,1,,NSE,1.000000
29944,NIFTY100EW-EQ,NIFTY100EW,,-1.000000,1,,NSE,1.000000
7451,NIFTYADD-EQ,NIFTYADD,,-1.000000,1,,NSE,1.000000
21252,NIFTYAXIS-EQ,NIFTYAXIS,,-1.000000,1,,NSE,1.000000
10576,NIFTYBEES-EQ,NIFTYBEES,,-1.000000,1,,NSE,1.000000
10511,NIFTYBETA-EQ,NIFTYBETA,,-1.000000,1,,NSE,1.000000
21959,NIFTYBETF-EQ,NIFTYBETF,,-1.000000,1,,NSE,1.000000
759302,NIFTYCASE-EQ,NIFTYCASE,,-1.000000,1,,NSE,1.000000
6353,NIFTYETF-EQ,NIFTYETF,,-1.000000,1,,NSE,1.000000
29553,NIFTYIETF-EQ,NIFTYIETF,,-1.000000,1,,NSE,1.000000
10690,NIFTYQLITY-EQ,NIFTYQLITY,,-1.000000,1,,NSE,1.000000
11522,NIITLTD-EQ,NIITLTD,,-1.000000,1,,NSE,1.000000
17747,NIITMTS-EQ,NIITMTS,,-1.000000,1,,NSE,1.000000
9253,NILAINFRA-EQ,NILAINFRA,,-1.000000,1,,NSE,1.000000
7411,NILASPACES-EQ,NILASPACES,,-1.000000,1,,NSE,1.000000
762817,NILE-EQ,NILE,,-1.000000,1,,NSE,10.000000
2421,NILKAMAL-EQ,NILKAMAL,,-1.000000,1,,NSE,10.000000
761720,NIMBSPROJ-EQ,NIMBSPROJ,,-1.000000,1,,NSE,1.000000
14194,NINSYS-EQ,NINSYS,,-1.000000,1,,NSE,5.000000
6782,NIPPOBATRY-EQ,NIPPOBATRY,,-1.000000,1,,NSE,5.000000
255,NIRAJ-EQ,NIRAJ,,-1.000000,1,,NSE,1.000000
18840,NIRAJISPAT-EQ,NIRAJISPAT,,-1.000000,1,,NSE,1.000000
2433,NIRLON-EQ,NIRLON,,-1.000000,1,,NSE,5.000000
13300,NITCO-EQ,NITCO,,-1.000000,1,,NSE,1.000000
13175,NITINSPIN-EQ,NITINSPIN,,-1.000000,1,,NSE,5.000000
3247,NITIRAJ-EQ,NITIRAJ,,-1.000000,1,,NSE,1.000000
762824,NITTAGELA-EQ,NITTAGELA,,-1.000000,1,,NSE,10.000000
27097,NIVABUPA-EQ,NIVABUPA,,-1.000000,1,,NSE,1.000000
2439,NKIND-EQ,NKIND,,-1.000000,1,,NSE,1.000000
8585,NLCINDIA-EQ,NLCINDIA,,-1.000000,1,,NSE,5.000000
15332,NMDC-EQ,NMDC,,-1.000000,1,,NSE,1.000000
2442,NOCIL-EQ,NOCIL,,-1.000000,1,,NSE,1.000000
4160,NORBTEAEXP-EQ,NORBTEAEXP,,-1.000000,1,,NSE,1.000000
25426,NORTHARC-EQ,NORTHARC,,-1.000000,1,,NSE,5.000000
9007,NOVARTIND-EQ,NOVARTIND,,-1.000000,1,,NSE,10.000000
12978,NPBET-EQ,NPBET,,-1.000000,1,,NSE,1.000000
756324,NPST-EQ,NPST,,-1.000000,1,,NSE,10.000000
20314,NRAIL-EQ,NRAIL,,-1.000000,1,,NSE,5.000000
7553,NRBBEARING-EQ,NRBBEARING,,-1.000000,1,,NSE,5.000000
11239,NSIL-EQ,NSIL,,-1.000000,1,,NSE,50.000000
14180,NSLNISP-EQ,NSLNISP,,-1.000000,1,,NSE,1.000000
764798,NTCIND-EQ,NTCIND,,-1.000000,1,,NSE,1.000000
11630,NTPC-EQ,NTPC,,-1.000000,1,,NSE,5.000000
27176,NTPCGREEN-EQ,NTPCGREEN,,-1.000000,1,,NSE,1.000000
10791,NUCLEUS-EQ,NUCLEUS,,-1.000000,1,,NSE,5.000000
18721,NUVAMA-EQ,NUVAMA,,-1.000000,1,,NSE,10.000000
5426,NUVOCO-EQ,NUVOCO,,-1.000000,1,,NSE,5.000000
11457,NV20-EQ,NV20,,-1.000000,1,,NSE,1.000000
9847,NV20BEES-EQ,NV20BEES,,-1.000000,1,,NSE,1.000000
17475,NV20IETF-EQ,NV20IETF,,-1.000000,1,,NSE,1.000000
6545,NYKAA-EQ,NYKAA,,-1.000000,1,,NSE,5.000000
10768,OAL-EQ,OAL,,-1.000000,1,,NSE,5.000000
8797,OBCL-EQ,OBCL,,-1.000000,1,,NSE,1.000000
20242,OBEROIRLTY-EQ,OBEROIRLTY,,-1.000000,1,,NSE,10.000000
27571,ODIGMA-EQ,ODIGMA,,-1.000000,1,,NSE,1.000000
764803,ODYCORP-EQ,ODYCORP,,-1.000000,1,,NSE,1.000000
10738,OFSS-EQ,OFSS,,-1.000000,1,,NSE,100.000000
17438,OIL-EQ,OIL,,-1.000000,1,,NSE,5.000000
24533,OILIETF-EQ,OILIETF,,-1.000000,1,,NSE,1.000000
24777,OLAELEC-EQ,OLAELEC,,-1.000000,1,,NSE,1.000000
10637,OLECTRA-EQ,OLECTRA,,-1.000000,1,,NSE,10.000000
10922,OMAXAUTO-EQ,OMAXAUTO,,-1.000000,1,,NSE,1.000000
14853,OMAXE-EQ,OMAXE,,-1.000000,1,,NSE,1.000000
24231,OMINFRAL-EQ,OMINFRAL,,-1.000000,1,,NSE,1.000000
760865,OMNI-EQ,OMNI,,-1.000000,1,,NSE,5.000000
762432,OMPOWER-EQ,OMPOWER,,-1.000000,1,,NSE,1.000000
765242,ONEGLOBAL-EQ,ONEGLOBAL,,-1.000000,1,,NSE,5.000000
9939,ONEPOINT-EQ,ONEPOINT,,-1.000000,1,,NSE,1.000000
29224,ONESOURCE-EQ,ONESOURCE,,-1.000000,1,,NSE,10.000000
2475,ONGC-EQ,ONGC,,-1.000000,1,,NSE,1.000000
2202,ONIDA-EQ,ONIDA,,-1.000000,1,,NSE,1.000000
764808,ONIXSOLAR-EQ,ONIXSOLAR,,-1.000000,1,,NSE,5.000000
2481,ONWARDTEC-EQ,ONWARDTEC,,-1.000000,1,,NSE,5.000000
21469,OPTIEMUS-EQ,OPTIEMUS,,-1.000000,1,,NSE,5.000000
764813,OPTIFIN-EQ,OPTIFIN,,-1.000000,1,,NSE,1.000000
29492,ORCHASP-EQ,ORCHASP,,-1.000000,1,,NSE,1.000000
926,ORCHPHARMA-EQ,ORCHPHARMA,,-1.000000,1,,NSE,5.000000
10159,ORICONENT-EQ,ORICONENT,,-1.000000,1,,NSE,1.000000
14346,ORIENTALTL-EQ,ORIENTALTL,,-1.000000,1,,NSE,1.000000
14278,ORIENTBELL-EQ,ORIENTBELL,,-1.000000,1,,NSE,5.000000
30089,ORIENTCEM-EQ,ORIENTCEM,,-1.000000,1,,NSE,1.000000
13111,ORIENTCER-EQ,ORIENTCER,,-1.000000,1,,NSE,1.000000
2972,ORIENTELEC-EQ,ORIENTELEC,,-1.000000,1,,NSE,1.000000
2493,ORIENTHOT-EQ,ORIENTHOT,,-1.000000,1,,NSE,1.000000
2496,ORIENTPPR-EQ,ORIENTPPR,,-1.000000,1,,NSE,1.000000
24961,ORIENTTECH-EQ,ORIENTTECH,,-1.000000,1,,NSE,5.000000
764818,ORIRAIL-EQ,ORIRAIL,,-1.000000,1,,NSE,1.000000
19931,ORISSAMINE-EQ,ORISSAMINE,,-1.000000,1,,NSE,10.000000
759569,ORKLAINDIA-EQ,ORKLAINDIA,,-1.000000,1,,NSE,5.000000
2979,ORTINGLOBE-EQ,ORTINGLOBE,,-1.000000,1,,NSE,1.000000
2514,OSWALAGRO-EQ,OSWALAGRO,,-1.000000,1,,NSE,1.000000
471,OSWALGREEN-EQ,OSWALGREEN,,-1.000000,1,,NSE,1.000000
756802,OSWALPUMPS-EQ,OSWALPUMPS,,-1.000000,1,,NSE,5.000000
14305,OSWALSEEDS-EQ,OSWALSEEDS,,-1.000000,1,,NSE,1.000000
759342,PACEDIGITK-EQ,PACEDIGITK,,-1.000000,1,,NSE,1.000000
764823,PACIFICI-EQ,PACIFICI,,-1.000000,1,,NSE,1.000000
14413,PAGEIND-EQ,PAGEIND,,-1.000000,1,,NSE,500.000000
25468,PAISALO-EQ,PAISALO,,-1.000000,1,,NSE,1.000000
17197,PAKKA-EQ,PAKKA,,-1.000000,1,,NSE,1.000000
21383,PALASHSECU-EQ,PALASHSECU,,-1.000000,1,,NSE,1.000000
4055,PANACEABIO-EQ,PANACEABIO,,-1.000000,1,,NSE,5.000000
25392,PANAMAPET-EQ,PANAMAPET,,-1.000000,1,,NSE,5.000000
764828,PANCHMAHQ-EQ,PANCHMAHQ,,-1.000000,1,,NSE,5.000000
765140,PANORAMA-EQ,PANORAMA,,-1.000000,1,,NSE,1.000000
6141,PANSARI-EQ,PANSARI,,-1.000000,1,,NSE,5.000000
5631,PAR-EQ,PAR,,-1.000000,1,,NSE,1.000000
13951,PARACABLES-EQ,PARACABLES,,-1.000000,1,,NSE,1.000000
9741,PARADEEP-EQ,PARADEEP,,-1.000000,1,,NSE,1.000000
17130,PARAGMILK-EQ,PARAGMILK,,-1.000000,1,,NSE,1.000000
5911,PARAS-EQ,PARAS,,-1.000000,1,,NSE,10.000000
3972,PARASPETRO-EQ,PARASPETRO,,-1.000000,1,,NSE,1.000000
760351,PARKHOSPS-EQ,PARKHOSPS,,-1.000000,1,,NSE,5.000000
22649,PARKHOTELS-EQ,PARKHOTELS,,-1.000000,1,,NSE,1.000000
764833,PARNAXLAB-EQ,PARNAXLAB,,-1.000000,1,,NSE,1.000000
757955,PASHUPATI-EQ,PASHUPATI,,-1.000000,1,,NSE,1.000000
17029,PATANJALI-EQ,PATANJALI,,-1.000000,1,,NSE,5.000000
11699,PATELENG-EQ,PATELENG,,-1.000000,1,,NSE,1.000000
759439,PATELRMART-EQ,PATELRMART,,-1.000000,1,,NSE,1.000000
759969,PAUSHAKLTD-EQ,PAUSHAKLTD,,-1.000000,1,,NSE,5.000000
16192,PAVNAIND-EQ,PAVNAIND,,-1.000000,1,,NSE,1.000000
6705,PAYTM-EQ,PAYTM,,-1.000000,1,,NSE,10.000000
765145,PBMPOLY-EQ,PBMPOLY,,-1.000000,1,,NSE,1.000000
2649,PCBL-EQ,PCBL,,-1.000000,1,,NSE,5.000000
29124,PCJEWELLER-EQ,PCJEWELLER,,-1.000000,1,,NSE,1.000000
15377,PDMJEPAPER-EQ,PDMJEPAPER,,-1.000000,1,,NSE,1.000000
5264,PDSL-EQ,PDSL,,-1.000000,1,,NSE,5.000000
2610,PEARLPOLY-EQ,PEARLPOLY,,-1.000000,1,,NSE,1.000000
20621,PENIND-EQ,PENIND,,-1.000000,1,,NSE,1.000000
764838,PERMAGN-EQ,PERMAGN,,-1.000000,1,,NSE,5.000000
18365,PERSISTENT-EQ,PERSISTENT,,-1.000000,1,,NSE,50.000000
11351,PETRONET-EQ,PETRONET,,-1.000000,1,,NSE,5.000000
14299,PFC-EQ,PFC,,-1.000000,1,,NSE,5.000000
2643,PFIZER-EQ,PFIZER,,-1.000000,1,,NSE,10.000000
13496,PFOCUS-EQ,PFOCUS,,-1.000000,1,,NSE,5.000000
22602,PFS-EQ,PFS,,-1.000000,1,,NSE,1.000000
25358,PGEL-EQ,PGEL,,-1.000000,1,,NSE,5.000000
2535,PGHH-EQ,PGHH,,-1.000000,1,,NSE,50.000000
940,PGHL-EQ,PGHL,,-1.000000,1,,NSE,50.000000
14260,PGIL-EQ,PGIL,,-1.000000,1,,NSE,10.000000
4973,PHARMABEES-EQ,PHARMABEES,,-1.000000,1,,NSE,1.000000
14552,PHOENIXLTD-EQ,PHOENIXLTD,,-1.000000,1,,NSE,10.000000
2658,PHOENXINTL-EQ,PHOENXINTL,,-1.000000,1,,NSE,1.000000
757754,PICCADIL-EQ,PICCADIL,,-1.000000,1,,NSE,5.000000
2664,PIDILITIND-EQ,PIDILITIND,,-1.000000,1,,NSE,10.000000
15716,PIGL-EQ,PIGL,,-1.000000,1,,NSE,1.000000
24184,PIIND-EQ,PIIND,,-1.000000,1,,NSE,10.000000
11445,PILANIINVS-EQ,PILANIINVS,,-1.000000,1,,NSE,10.000000
30835,PILITA-EQ,PILITA,,-1.000000,1,,NSE,1.000000
759820,PINELABS-EQ,PINELABS,,-1.000000,1,,NSE,1.000000
13463,PIONEEREMB-EQ,PIONEEREMB,,-1.000000,1,,NSE,1.000000
759551,PIRAMALFIN-EQ,PIRAMALFIN,,-1.000000,1,,NSE,10.000000
14134,PITTIENG-EQ,PITTIENG,,-1.000000,1,,NSE,5.000000
9087,PIXTRANS-EQ,PIXTRANS,,-1.000000,1,,NSE,10.000000
10321,PKTEA-EQ,PKTEA,,-1.000000,1,,NSE,5.000000
13920,PLASTIBLEN-EQ,PLASTIBLEN,,-1.000000,1,,NSE,1.000000
22930,PLATIND-EQ,PLATIND,,-1.000000,1,,NSE,1.000000
19458,PLAZACABLE-EQ,PLAZACABLE,,-1.000000,1,,NSE,1.000000
762834,PML-EQ,PML,,-1.000000,1,,NSE,5.000000
10666,PNB-EQ,PNB,,-1.000000,1,,NSE,1.000000
8736,PNBGILTS-EQ,PNBGILTS,,-1.000000,1,,NSE,1.000000
18908,PNBHOUSING-EQ,PNBHOUSING,,-1.000000,1,,NSE,10.000000
9342,PNC-EQ,PNC,,-1.000000,1,,NSE,1.000000
9385,PNCINFRA-EQ,PNCINFRA,,-1.000000,1,,NSE,1.000000
25312,PNGJL-EQ,PNGJL,,-1.000000,1,,NSE,5.000000
760242,PNGSREVA-EQ,PNGSREVA,,-1.000000,1,,NSE,5.000000
14385,POCL-EQ,POCL,,-1.000000,1,,NSE,5.000000
19036,PODDARMENT-EQ,PODDARMENT,,-1.000000,1,,NSE,5.000000
764845,POEL-EQ,POEL,,-1.000000,1,,NSE,1.000000
17651,POKARNA-EQ,POKARNA,,-1.000000,1,,NSE,5.000000
6656,POLICYBZR-EQ,POLICYBZR,,-1.000000,1,,NSE,10.000000
9590,POLYCAB-EQ,POLYCAB,,-1.000000,1,,NSE,50.000000
25718,POLYMED-EQ,POLYMED,,-1.000000,1,,NSE,10.000000
2687,POLYPLEX-EQ,POLYPLEX,,-1.000000,1,,NSE,10.000000
765150,POLYSPIN-EQ,POLYSPIN,,-1.000000,1,,NSE,1.000000
10661,PONNIERODE-EQ,PONNIERODE,,-1.000000,1,,NSE,5.000000
11403,POONAWALLA-EQ,POONAWALLA,,-1.000000,1,,NSE,5.000000
14977,POWERGRID-EQ,POWERGRID,,-1.000000,1,,NSE,5.000000
761680,POWERICA-EQ,POWERICA,,-1.000000,1,,NSE,5.000000
18457,POWERINDIA-EQ,POWERINDIA,,-1.000000,1,,NSE,500.000000
10473,POWERMECH-EQ,POWERMECH,,-1.000000,1,,NSE,10.000000
11571,PPLPHARMA-EQ,PPLPHARMA,,-1.000000,1,,NSE,1.000000
30134,PRABHA-EQ,PRABHA,,-1.000000,1,,NSE,1.000000
13941,PRAENG-EQ,PRAENG,,-1.000000,1,,NSE,1.000000
2705,PRAJIND-EQ,PRAJIND,,-1.000000,1,,NSE,5.000000
2708,PRAKASH-EQ,PRAKASH,,-1.000000,1,,NSE,1.000000
19599,PRAKASHSTL-EQ,PRAKASHSTL,,-1.000000,1,,NSE,1.000000
762844,PRAVEG-EQ,PRAVEG,,-1.000000,1,,NSE,5.000000
1204,PRAXIS-EQ,PRAXIS,,-1.000000,1,,NSE,1.000000
12603,PRECAM-EQ,PRECAM,,-1.000000,1,,NSE,1.000000
2711,PRECOT-EQ,PRECOT,,-1.000000,1,,NSE,5.000000
2717,PRECWIRE-EQ,PRECWIRE,,-1.000000,1,,NSE,5.000000
762849,PREMCO-EQ,PREMCO,,-1.000000,1,,NSE,5.000000
17397,PREMEXPLN-EQ,PREMEXPLN,,-1.000000,1,,NSE,5.000000
25049,PREMIERENE-EQ,PREMIERENE,,-1.000000,1,,NSE,10.000000
3908,PREMIERPOL-EQ,PREMIERPOL,,-1.000000,1,,NSE,1.000000
20302,PRESTIGE-EQ,PRESTIGE,,-1.000000,1,,NSE,10.000000
19631,PRICOLLTD-EQ,PRICOLLTD,,-1.000000,1,,NSE,5.000000
11864,PRIMESECU-EQ,PRIMESECU,,-1.000000,1,,NSE,5.000000
756925,PRIMO-EQ,PRIMO,,-1.000000,1,,NSE,1.000000
16045,PRINCEPIPE-EQ,PRINCEPIPE,,-1.000000,1,,NSE,5.000000
765155,PRISMX-EQ,PRISMX,,-1.000000,1,,NSE,1.000000
8825,PRIVISCL-EQ,PRIVISCL,,-1.000000,1,,NSE,10.000000
758173,PROSTARM-EQ,PROSTARM,,-1.000000,1,,NSE,1.000000
29472,PROTEAN-EQ,PROTEAN,,-1.000000,1,,NSE,5.000000
28859,PROZONER-EQ,PROZONER,,-1.000000,1,,NSE,1.000000
2739,PRSMJOHNSN-EQ,PRSMJOHNSN,,-1.000000,1,,NSE,1.000000
9553,PRUDENT-EQ,PRUDENT,,-1.000000,1,,NSE,10.000000
21001,PSB-EQ,PSB,,-1.000000,1,,NSE,1.000000
20877,PSPPROJECT-EQ,PSPPROJECT,,-1.000000,1,,NSE,5.000000
15061,PSUBANK-EQ,PSUBANK,,-1.000000,1,,NSE,1.000000
17616,PSUBANKADD-EQ,PSUBANKADD,,-1.000000,1,,NSE,1.000000
15032,PSUBNKBEES-EQ,PSUBNKBEES,,-1.000000,1,,NSE,1.000000
14584,PSUBNKIETF-EQ,PSUBNKIETF,,-1.000000,1,,NSE,1.000000
11355,PTC-EQ,PTC,,-1.000000,1,,NSE,1.000000
16682,PTCIL-EQ,PTCIL,,-1.000000,1,,NSE,100.000000
14101,PTL-EQ,PTL,,-1.000000,1,,NSE,1.000000
4344,PUNJABCHEM-EQ,PUNJABCHEM,,-1.000000,1,,NSE,10.000000
14922,PURVA-EQ,PURVA,,-1.000000,1,,NSE,1.000000
4010,PVP-EQ,PVP,,-1.000000,1,,NSE,1.000000
13147,PVRINOX-EQ,PVRINOX,,-1.000000,1,,NSE,10.000000
23142,PVSL-EQ,PVSL,,-1.000000,1,,NSE,1.000000
11386,PVTBANIETF-EQ,PVTBANIETF,,-1.000000,1,,NSE,1.000000
764195,PVTBANK-EQ,PVTBANK,,-1.000000,1,,NSE,1.000000
17576,PVTBANKADD-EQ,PVTBANKADD,,-1.000000,1,,NSE,1.000000
763572,PVTBKGROWW-EQ,PVTBKGROWW,,-1.000000,1,,NSE,1.000000
759723,PWL-EQ,PWL,,-1.000000,1,,NSE,1.000000
18250,PYRAMID-EQ,PYRAMID,,-1.000000,1,,NSE,1.000000
15330,QGOLDHALF-EQ,QGOLDHALF,,-1.000000,1,,NSE,1.000000
751607,QMSMEDI-EQ,QMSMEDI,,-1.000000,1,,NSE,1.000000
16819,QNIFTY-EQ,QNIFTY,,-1.000000,1,,NSE,1.000000
29711,QPOWER-EQ,QPOWER,,-1.000000,1,,NSE,10.000000
29087,QUADFUTURE-EQ,QUADFUTURE,,-1.000000,1,,NSE,5.000000
17808,QUAL30IETF-EQ,QUAL30IETF,,-1.000000,1,,NSE,1.000000
757946,QUALITY30-EQ,QUALITY30,,-1.000000,1,,NSE,1.000000
17704,QUESS-EQ,QUESS,,-1.000000,1,,NSE,5.000000
762854,QUINT-EQ,QUINT,,-1.000000,1,,NSE,1.000000
15391,RACE-EQ,RACE,,-1.000000,1,,NSE,1.000000
27171,RACLGEAR-EQ,RACLGEAR,,-1.000000,1,,NSE,10.000000
10932,RADAAN-EQ,RADAAN,,-1.000000,1,,NSE,1.000000
10343,RADHIKAJWE-EQ,RADHIKAJWE,,-1.000000,1,,NSE,1.000000
13580,RADIANTCMS-EQ,RADIANTCMS,,-1.000000,1,,NSE,1.000000
10990,RADICO-EQ,RADICO,,-1.000000,1,,NSE,10.000000
19877,RADIOCITY-EQ,RADIOCITY,,-1.000000,1,,NSE,1.000000
2431,RAILTEL-EQ,RAILTEL,,-1.000000,1,,NSE,5.000000
15337,RAIN-EQ,RAIN,,-1.000000,1,,NSE,1.000000
9408,RAINBOW-EQ,RAINBOW,,-1.000000,1,,NSE,10.000000
2168,RAJMET-EQ,RAJMET,,-1.000000,1,,NSE,1.000000
762859,RAJPALAYAM-EQ,RAJPALAYAM,,-1.000000,1,,NSE,5.000000
18962,RAJRATAN-EQ,RAJRATAN,,-1.000000,1,,NSE,5.000000
2809,RAJSREESUG-EQ,RAJSREESUG,,-1.000000,1,,NSE,1.000000
14403,RAJTV-EQ,RAJTV,,-1.000000,1,,NSE,1.000000
2816,RALLIS-EQ,RALLIS,,-1.000000,1,,NSE,1.000000
13565,RAMANEWS-EQ,RAMANEWS,,-1.000000,1,,NSE,1.000000
10568,RAMAPHO-EQ,RAMAPHO,,-1.000000,1,,NSE,1.000000
762227,RAMBHAJO-EQ,RAMBHAJO,,-1.000000,1,,NSE,1.000000
2043,RAMCOCEM-EQ,RAMCOCEM,,-1.000000,1,,NSE,5.000000
4587,RAMCOIND-EQ,RAMCOIND,,-1.000000,1,,NSE,5.000000
7851,RAMCOSYS-EQ,RAMCOSYS,,-1.000000,1,,NSE,5.000000
20134,RAMKY-EQ,RAMKY,,-1.000000,1,,NSE,5.000000
10485,RAMRAT-EQ,RAMRAT,,-1.000000,1,,NSE,5.000000
2837,RANASUG-EQ,RANASUG,,-1.000000,1,,NSE,1.000000
2844,RANEHOLDIN-EQ,RANEHOLDIN,,-1.000000,1,,NSE,10.000000
7177,RATEGAIN-EQ,RATEGAIN,,-1.000000,1,,NSE,5.000000
13451,RATNAMANI-EQ,RATNAMANI,,-1.000000,1,,NSE,10.000000
18423,RATNAVEER-EQ,RATNAVEER,,-1.000000,1,,NSE,1.000000
2859,RAYMOND-EQ,RAYMOND,,-1.000000,1,,NSE,5.000000
25073,RAYMONDLSL-EQ,RAYMONDLSL,,-1.000000,1,,NSE,5.000000
758551,RAYMONDREL-EQ,RAYMONDREL,,-1.000000,1,,NSE,5.000000
1494,RBA-EQ,RBA,,-1.000000,1,,NSE,1.000000
18391,RBLBANK-EQ,RBLBANK,,-1.000000,1,,NSE,5.000000
20874,RBZJEWEL-EQ,RBZJEWEL,,-1.000000,1,,NSE,1.000000
2866,RCF-EQ,RCF,,-1.000000,1,,NSE,1.000000
15355,RECLTD-EQ,RECLTD,,-1.000000,1,,NSE,5.000000
14255,REDINGTON-EQ,REDINGTON,,-1.000000,1,,NSE,5.000000
17859,REDTAPE-EQ,REDTAPE,,-1.000000,1,,NSE,1.000000
17764,REFEX-EQ,REFEX,,-1.000000,1,,NSE,5.000000
758680,REGAAL-EQ,REGAAL,,-1.000000,1,,NSE,1.000000
4130,REGENCERAM-EQ,REGENCERAM,,-1.000000,1,,NSE,1.000000
24225,RELAXO-EQ,RELAXO,,-1.000000,1,,NSE,5.000000
9652,RELCHEMQ-EQ,RELCHEMQ,,-1.000000,1,,NSE,1.000000
24378,RELIABLE-EQ,RELIABLE,,-1.000000,1,,NSE,1.000000
2885,RELIANCE-EQ,RELIANCE,,-1.000000,1,,NSE,10.000000
15068,RELIGARE-EQ,RELIGARE,,-1.000000,1,,NSE,5.000000
24596,RELTD-EQ,RELTD,,-1.000000,1,,NSE,1.000000
3965,REMSONSIND-EQ,REMSONSIND,,-1.000000,1,,NSE,1.000000
12026,RENUKA-EQ,RENUKA,,-1.000000,1,,NSE,1.000000
29598,REPCOHOME-EQ,REPCOHOME,,-1.000000,1,,NSE,5.000000
13126,REPRO-EQ,REPRO,,-1.000000,1,,NSE,5.000000
20323,RESPONIND-EQ,RESPONIND,,-1.000000,1,,NSE,1.000000
24145,RETAIL-EQ,RETAIL,,-1.000000,1,,NSE,1.000000
15129,RGL-EQ,RGL,,-1.000000,1,,NSE,1.000000
759062,RHETAN-EQ,RHETAN,,-1.000000,1,,NSE,1.000000
31163,RHIM-EQ,RHIM,,-1.000000,1,,NSE,5.000000
15157,RHL-EQ,RHL,,-1.000000,1,,NSE,1.000000
2909,RICOAUTO-EQ,RICOAUTO,,-1.000000,1,,NSE,1.000000
2912,RIIL-EQ,RIIL,,-1.000000,1,,NSE,5.000000
764121,RIR-EQ,RIR,,-1.000000,1,,NSE,1.000000
18417,RISHABH-EQ,RISHABH,,-1.000000,1,,NSE,5.000000
8944,RITCO-EQ,RITCO,,-1.000000,1,,NSE,5.000000
3761,RITES-EQ,RITES,,-1.000000,1,,NSE,1.000000
20950,RKDL-EQ,RKDL,,-1.000000,1,,NSE,1.000000
1547,RKEC-EQ,RKEC,,-1.000000,1,,NSE,1.000000
11411,RKFORGE-EQ,RKFORGE,,-1.000000,1,,NSE,5.000000
23043,RKSWAMY-EQ,RKSWAMY,,-1.000000,1,,NSE,1.000000
762346,RMC-EQ,RMC,,-1.000000,1,,NSE,5.000000
11975,RML-EQ,RML,,-1.000000,1,,NSE,10.000000
758981,RNBDENIMS-EQ,RNBDENIMS,,-1.000000,1,,NSE,1.000000
13182,ROHLTD-EQ,ROHLTD,,-1.000000,1,,NSE,5.000000
5279,ROLEXRINGS-EQ,ROLEXRINGS,,-1.000000,1,,NSE,1.000000
359,ROML-EQ,ROML,,-1.000000,1,,NSE,1.000000
19410,ROSSARI-EQ,ROSSARI,,-1.000000,1,,NSE,5.000000
28913,ROSSELLIND-EQ,ROSSELLIND,,-1.000000,1,,NSE,1.000000
27353,ROSSTECH-EQ,ROSSTECH,,-1.000000,1,,NSE,5.000000
9049,ROTO-EQ,ROTO,,-1.000000,1,,NSE,1.000000
128,ROUTE-EQ,ROUTE,,-1.000000,1,,NSE,5.000000
24735,RPEL-EQ,RPEL,,-1.000000,1,,NSE,10.000000
16725,RPGLIFE-EQ,RPGLIFE,,-1.000000,1,,NSE,10.000000
15259,RPOWER-EQ,RPOWER,,-1.000000,1,,NSE,1.000000
20760,RPPINFRA-EQ,RPPINFRA,,-1.000000,1,,NSE,1.000000
8119,RPSGVENT-EQ,RPSGVENT,,-1.000000,1,,NSE,5.000000
22670,RPTECH-EQ,RPTECH,,-1.000000,1,,NSE,5.000000
764850,RRECL-EQ,RRECL,,-1.000000,1,,NSE,1.000000
762864,RRIL-EQ,RRIL,,-1.000000,1,,NSE,1.000000
18566,RRKABEL-EQ,RRKABEL,,-1.000000,1,,NSE,10.000000
761439,RSL-EQ,RSL,,-1.000000,1,,NSE,1.000000
6429,RSSOFTWARE-EQ,RSSOFTWARE,,-1.000000,1,,NSE,1.000000
13414,RSYSTEMS-EQ,RSYSTEMS,,-1.000000,1,,NSE,5.000000
27297,RTNINDIA-EQ,RTNINDIA,,-1.000000,1,,NSE,1.000000
17520,RTNPOWER-EQ,RTNPOWER,,-1.000000,1,,NSE,1.000000
764855,RTSPOWR-EQ,RTSPOWR,,-1.000000,1,,NSE,1.000000
24730,RUBFILA-EQ,RUBFILA,,-1.000000,1,,NSE,1.000000
759316,RUBICON-EQ,RUBICON,,-1.000000,1,,NSE,10.000000
4566,RUCHINFRA-EQ,RUCHINFRA,,-1.000000,1,,NSE,1.000000
13821,RUCHIRA-EQ,RUCHIRA,,-1.000000,1,,NSE,1.000000
760392,RUDRA-EQ,RUDRA,,-1.000000,1,,NSE,1.000000
25724,RUPA-EQ,RUPA,,-1.000000,1,,NSE,1.000000
24595,RUSHIL-EQ,RUSHIL,,-1.000000,1,,NSE,1.000000
12219,RUSTOMJEE-EQ,RUSTOMJEE,,-1.000000,1,,NSE,5.000000
1565,RVHL-EQ,RVHL,,-1.000000,1,,NSE,1.000000
9552,RVNL-EQ,RVNL,,-1.000000,1,,NSE,1.000000
25157,RVTH-EQ,RVTH,,-1.000000,1,,NSE,5.000000
2951,S&SPOWER-EQ,S&SPOWER,,-1.000000,1,,NSE,5.000000
759057,SAATVIKGL-EQ,SAATVIKGL,,-1.000000,1,,NSE,5.000000
764860,SAB-EQ,SAB,,-1.000000,1,,NSE,1.000000
13236,SADBHAV-EQ,SADBHAV,,-1.000000,1,,NSE,1.000000
13035,SAFARI-EQ,SAFARI,,-1.000000,1,,NSE,10.000000
8175,SAGARDEEP-EQ,SAGARDEEP,,-1.000000,1,,NSE,1.000000
14068,SAGCEM-EQ,SAGCEM,,-1.000000,1,,NSE,1.000000
27052,SAGILITY-EQ,SAGILITY,,-1.000000,1,,NSE,1.000000
761688,SAHLIBHFI-EQ,SAHLIBHFI,,-1.000000,1,,NSE,1.000000
14900,SAHYADRI-EQ,SAHYADRI,,-1.000000,1,,NSE,5.000000
764865,SAICAPI-EQ,SAICAPI,,-1.000000,1,,NSE,1.000000
2963,SAIL-EQ,SAIL,,-1.000000,1,,NSE,1.000000
27839,SAILIFE-EQ,SAILIFE,,-1.000000,1,,NSE,10.000000
761675,SAIPARENT-EQ,SAIPARENT,,-1.000000,1,,NSE,5.000000
9539,SAKAR-EQ,SAKAR,,-1.000000,1,,NSE,5.000000
2969,SAKHTISUG-EQ,SAKHTISUG,,-1.000000,1,,NSE,1.000000
11794,SAKSOFT-EQ,SAKSOFT,,-1.000000,1,,NSE,1.000000
13251,SAKUMA-EQ,SAKUMA,,-1.000000,1,,NSE,1.000000
21362,SALASAR-EQ,SALASAR,,-1.000000,1,,NSE,1.000000
17351,SALONA-EQ,SALONA,,-1.000000,1,,NSE,1.000000
11634,SALSTEEL-EQ,SALSTEEL,,-1.000000,1,,NSE,1.000000
11399,SALZERELEC-EQ,SALZERELEC,,-1.000000,1,,NSE,5.000000
764870,SAMBANDAM-EQ,SAMBANDAM,,-1.000000,1,,NSE,1.000000
4127,SAMBHAAV-EQ,SAMBHAAV,,-1.000000,1,,NSE,1.000000
757767,SAMBHV-EQ,SAMBHV,,-1.000000,1,,NSE,1.000000
18614,SAMHI-EQ,SAMHI,,-1.000000,1,,NSE,1.000000
30125,SAMMAANCAP-EQ,SAMMAANCAP,,-1.000000,1,,NSE,1.000000
27303,SAMPANN-EQ,SAMPANN,,-1.000000,1,,NSE,1.000000
28805,SANATHAN-EQ,SANATHAN,,-1.000000,1,,NSE,5.000000
2988,SANDESH-EQ,SANDESH,,-1.000000,1,,NSE,5.000000
2397,SANDHAR-EQ,SANDHAR,,-1.000000,1,,NSE,5.000000
18359,SANDUMA-EQ,SANDUMA,,-1.000000,1,,NSE,1.000000
4184,SANGAMIND-EQ,SANGAMIND,,-1.000000,1,,NSE,5.000000
14058,SANGHVIMOV-EQ,SANGHVIMOV,,-1.000000,1,,NSE,5.000000
1442,SANOFI-EQ,SANOFI,,-1.000000,1,,NSE,10.000000
25222,SANOFICONR-EQ,SANOFICONR,,-1.000000,1,,NSE,10.000000
5751,SANSERA-EQ,SANSERA,,-1.000000,1,,NSE,10.000000
24582,SANSTAR-EQ,SANSTAR,,-1.000000,1,,NSE,1.000000
6718,SAPPHIRE-EQ,SAPPHIRE,,-1.000000,1,,NSE,1.000000
762874,SAPPL-EQ,SAPPL,,-1.000000,1,,NSE,5.000000
17758,SARDAEN-EQ,SARDAEN,,-1.000000,1,,NSE,5.000000
4892,SAREGAMA-EQ,SAREGAMA,,-1.000000,1,,NSE,5.000000
14043,SARLAPOLY-EQ,SARLAPOLY,,-1.000000,1,,NSE,1.000000
12913,SARVESHWAR-EQ,SARVESHWAR,,-1.000000,1,,NSE,1.000000
11983,SASKEN-EQ,SASKEN,,-1.000000,1,,NSE,10.000000
11045,SATIA-EQ,SATIA,,-1.000000,1,,NSE,1.000000
10453,SATIN-EQ,SATIN,,-1.000000,1,,NSE,1.000000
3018,SAURASHCEM-EQ,SAURASHCEM,,-1.000000,1,,NSE,1.000000
762879,SAYAJIHOTL-EQ,SAYAJIHOTL,,-1.000000,1,,NSE,5.000000
764875,SAYAJIIND-EQ,SAYAJIIND,,-1.000000,1,,NSE,1.000000
6792,SBC-EQ,SBC,,-1.000000,1,,NSE,1.000000
4656,SBCL-EQ,SBCL,,-1.000000,1,,NSE,5.000000
18026,SBFC-EQ,SBFC,,-1.000000,1,,NSE,1.000000
14139,SBGLP-EQ,SBGLP,,-1.000000,1,,NSE,1.000000
30290,SBIBPB-EQ,SBIBPB,,-1.000000,1,,NSE,1.000000
17971,SBICARD-EQ,SBICARD,,-1.000000,1,,NSE,5.000000
5168,SBIETFCON-EQ,SBIETFCON,,-1.000000,1,,NSE,1.000000
740,SBIETFIT-EQ,SBIETFIT,,-1.000000,1,,NSE,1.000000
722,SBIETFPB-EQ,SBIETFPB,,-1.000000,1,,NSE,1.000000
7218,SBIETFQLTY-EQ,SBIETFQLTY,,-1.000000,1,,NSE,1.000000
764173,SBIFUNDS-EQ,SBIFUNDS,,-1.000000,1,,NSE,5.000000
21808,SBILIFE-EQ,SBILIFE,,-1.000000,1,,NSE,10.000000
758496,SBILIQETF-EQ,SBILIQETF,,-1.000000,1,,NSE,1.000000
761095,SBIMIDMOM-EQ,SBIMIDMOM,,-1.000000,1,,NSE,1.000000
3045,SBIN-EQ,SBIN,,-1.000000,1,,NSE,10.000000
24524,SBINEQWETF-EQ,SBINEQWETF,,-1.000000,1,,NSE,1.000000
761741,SBINMID150-EQ,SBINMID150,,-1.000000,1,,NSE,1.000000
24366,SBISILVER-EQ,SBISILVER,,-1.000000,1,,NSE,1.000000
763543,SBISMLETF-EQ,SBISMLETF,,-1.000000,1,,NSE,1.000000
763546,SBIVALETF-EQ,SBIVALETF,,-1.000000,1,,NSE,1.000000
1011,SCHAEFFLER-EQ,SCHAEFFLER,,-1.000000,1,,NSE,10.000000
20698,SCHAND-EQ,SCHAND,,-1.000000,1,,NSE,1.000000
31234,SCHNEIDER-EQ,SCHNEIDER,,-1.000000,1,,NSE,10.000000
3048,SCI-EQ,SCI,,-1.000000,1,,NSE,5.000000
23127,SCILAL-EQ,SCILAL,,-1.000000,1,,NSE,1.000000
757478,SCODATUBES-EQ,SCODATUBES,,-1.000000,1,,NSE,1.000000
12072,SCPL-EQ,SCPL,,-1.000000,1,,NSE,5.000000
1338,SDBL-EQ,SDBL,,-1.000000,1,,NSE,1.000000
2616,SEAMECLTD-EQ,SEAMECLTD,,-1.000000,1,,NSE,10.000000
19496,SECMARK-EQ,SECMARK,,-1.000000,1,,NSE,1.000000
11058,SECURKLOUD-EQ,SECURKLOUD,,-1.000000,1,,NSE,1.000000
761153,SEDEMAC-EQ,SEDEMAC,,-1.000000,1,,NSE,10.000000
762889,SEIL-EQ,SEIL,,-1.000000,1,,NSE,1.000000
7091,SEJALLTD-EQ,SEJALLTD,,-1.000000,1,,NSE,5.000000
764880,SEKURITIND-EQ,SEKURITIND,,-1.000000,1,,NSE,1.000000
30109,SELECTIPO-EQ,SELECTIPO,,-1.000000,1,,NSE,1.000000
6262,SELMC-EQ,SELMC,,-1.000000,1,,NSE,1.000000
11961,SEMAC-EQ,SEMAC,,-1.000000,1,,NSE,5.000000
17271,SENCO-EQ,SENCO,,-1.000000,1,,NSE,5.000000
28888,SENORES-EQ,SENORES,,-1.000000,1,,NSE,10.000000
17613,SENSEXADD-EQ,SENSEXADD,,-1.000000,1,,NSE,1.000000
14742,SENSEXAXIS-EQ,SENSEXAXIS,,-1.000000,1,,NSE,1.000000
10515,SENSEXBETA-EQ,SENSEXBETA,,-1.000000,1,,NSE,1.000000
19224,SENSEXETF-EQ,SENSEXETF,,-1.000000,1,,NSE,1.000000
4378,SENSEXIETF-EQ,SENSEXIETF,,-1.000000,1,,NSE,1.000000
15308,SEPC-EQ,SEPC,,-1.000000,1,,NSE,1.000000
5507,SERVOTECH-EQ,SERVOTECH,,-1.000000,1,,NSE,1.000000
3066,SESHAPAPER-EQ,SESHAPAPER,,-1.000000,1,,NSE,1.000000
17395,SETF10GILT-EQ,SETF10GILT,,-1.000000,1,,NSE,1.000000
17272,SETFGOLD-EQ,SETFGOLD,,-1.000000,1,,NSE,1.000000
10176,SETFNIF50-EQ,SETFNIF50,,-1.000000,1,,NSE,1.000000
7361,SETFNIFBK-EQ,SETFNIFBK,,-1.000000,1,,NSE,1.000000
7353,SETFNN50-EQ,SETFNN50,,-1.000000,1,,NSE,1.000000
29075,SETL-EQ,SETL,,-1.000000,1,,NSE,5.000000
19184,SFL-EQ,SFL,,-1.000000,1,,NSE,5.000000
758853,SGFIN-EQ,SGFIN,,-1.000000,1,,NSE,5.000000
5114,SGIL-EQ,SGIL,,-1.000000,1,,NSE,5.000000
13367,SGL-EQ,SGL,,-1.000000,1,,NSE,1.000000
765247,SGLRES-EQ,SGLRES,,-1.000000,1,,NSE,1.000000
758889,SGMART-EQ,SGMART,,-1.000000,1,,NSE,5.000000
764885,SGRL-EQ,SGRL,,-1.000000,1,,NSE,5.000000
761469,SHADOWFAX-EQ,SHADOWFAX,,-1.000000,1,,NSE,1.000000
20296,SHAH-EQ,SHAH,,-1.000000,1,,NSE,1.000000
11856,SHAHALLOYS-EQ,SHAHALLOYS,,-1.000000,1,,NSE,1.000000
8727,SHAILY-EQ,SHAILY,,-1.000000,1,,NSE,10.000000
25574,SHAKTIPUMP-EQ,SHAKTIPUMP,,-1.000000,1,,NSE,5.000000
714,SHALBY-EQ,SHALBY,,-1.000000,1,,NSE,1.000000
20321,SHANKARA-EQ,SHANKARA,,-1.000000,1,,NSE,1.000000
5650,SHANTI-EQ,SHANTI,,-1.000000,1,,NSE,1.000000
3078,SHANTIGEAR-EQ,SHANTIGEAR,,-1.000000,1,,NSE,5.000000
758002,SHANTIGOLD-EQ,SHANTIGOLD,,-1.000000,1,,NSE,1.000000
4992,SHARDACROP-EQ,SHARDACROP,,-1.000000,1,,NSE,5.000000
10530,SHARDAMOTR-EQ,SHARDAMOTR,,-1.000000,1,,NSE,5.000000
104,SHAREINDIA-EQ,SHAREINDIA,,-1.000000,1,,NSE,1.000000
17044,SHARIABEES-EQ,SHARIABEES,,-1.000000,1,,NSE,1.000000
762899,SHBAJRG-EQ,SHBAJRG,,-1.000000,1,,NSE,1.000000
764890,SHERVANI-EQ,SHERVANI,,-1.000000,1,,NSE,5.000000
759847,SHILCTECH-EQ,SHILCTECH,,-1.000000,1,,NSE,10.000000
764895,SHILGRAVQ-EQ,SHILGRAVQ,,-1.000000,1,,NSE,1.000000
17752,SHILPAMED-EQ,SHILPAMED,,-1.000000,1,,NSE,5.000000
762904,SHINDL-EQ,SHINDL,,-1.000000,1,,NSE,1.000000
764900,SHIVAAGRO-EQ,SHIVAAGRO,,-1.000000,1,,NSE,1.000000
765160,SHIVACEM-EQ,SHIVACEM,,-1.000000,1,,NSE,1.000000
1497,SHIVAMILLS-EQ,SHIVAMILLS,,-1.000000,1,,NSE,1.000000
804,SHIVATEX-EQ,SHIVATEX,,-1.000000,1,,NSE,1.000000
759747,SHIVAUM-EQ,SHIVAUM,,-1.000000,1,,NSE,5.000000
11212,SHK-EQ,SHK,,-1.000000,1,,NSE,1.000000
11813,SHOPERSTOP-EQ,SHOPERSTOP,,-1.000000,1,,NSE,5.000000
764905,SHRADDHA-EQ,SHRADDHA,,-1.000000,1,,NSE,1.000000
708,SHRADHA-EQ,SHRADHA,,-1.000000,1,,NSE,1.000000
3099,SHREDIGCEM-EQ,SHREDIGCEM,,-1.000000,1,,NSE,1.000000
3103,SHREECEM-EQ,SHREECEM,,-1.000000,1,,NSE,500.000000
759448,SHREEJISPG-EQ,SHREEJISPG,,-1.000000,1,,NSE,5.000000
10588,SHREEPUSHK-EQ,SHREEPUSHK,,-1.000000,1,,NSE,5.000000
7627,SHREERAMA-EQ,SHREERAMA,,-1.000000,1,,NSE,1.000000
3126,SHREYANIND-EQ,SHREYANIND,,-1.000000,1,,NSE,1.000000
762909,SHRIKRISH-EQ,SHRIKRISH,,-1.000000,1,,NSE,1.000000
759093,SHRINGARMS-EQ,SHRINGARMS,,-1.000000,1,,NSE,1.000000
17186,SHRIPISTON-EQ,SHRIPISTON,,-1.000000,1,,NSE,10.000000
4306,SHRIRAMFIN-EQ,SHRIRAMFIN,,-1.000000,1,,NSE,10.000000
7200,SHRIRAMPPS-EQ,SHRIRAMPPS,,-1.000000,1,,NSE,1.000000
764910,SHRJAGP-EQ,SHRJAGP,,-1.000000,1,,NSE,5.000000
764537,SHUKRAPHAR-EQ,SHUKRAPHAR,,-1.000000,1,,NSE,1.000000
4693,SHYAMMETL-EQ,SHYAMMETL,,-1.000000,1,,NSE,10.000000
13740,SHYAMTEL-EQ,SHYAMTEL,,-1.000000,1,,NSE,1.000000
16875,SICAGEN-EQ,SICAGEN,,-1.000000,1,,NSE,1.000000
3147,SIEL-EQ,SIEL,,-1.000000,1,,NSE,1.000000
3150,SIEMENS-EQ,SIEMENS,,-1.000000,1,,NSE,10.000000
6663,SIGACHI-EQ,SIGACHI,,-1.000000,1,,NSE,1.000000
4522,SIGIND-EQ,SIGIND,,-1.000000,1,,NSE,1.000000
16658,SIGMA-EQ,SIGMA,,-1.000000,1,,NSE,1.000000
14793,SIGMAADV-EQ,SIGMAADV,,-1.000000,1,,NSE,5.000000
18743,SIGNATURE-EQ,SIGNATURE,,-1.000000,1,,NSE,5.000000
22656,SIGNPOST-EQ,SIGNPOST,,-1.000000,1,,NSE,5.000000
762914,SIKA-EQ,SIKA,,-1.000000,1,,NSE,10.000000
11297,SIL-EQ,SIL,,-1.000000,1,,NSE,1.000000
2492,SILGO-EQ,SILGO,,-1.000000,1,,NSE,1.000000
4105,SILINV-EQ,SILINV,,-1.000000,1,,NSE,5.000000
19097,SILLYMONKS-EQ,SILLYMONKS,,-1.000000,1,,NSE,1.000000
8003,SILVER-EQ,SILVER,,-1.000000,1,,NSE,1.000000
13082,SILVER1-EQ,SILVER1,,-1.000000,1,,NSE,1.000000
756150,SILVER360-EQ,SILVER360,,-1.000000,1,,NSE,1.000000
10761,SILVERADD-EQ,SILVERADD,,-1.000000,1,,NSE,1.000000
16777,SILVERAG-EQ,SILVERAG,,-1.000000,1,,NSE,1.000000
11193,SILVERAXIS-EQ,SILVERAXIS,,-1.000000,1,,NSE,1.000000
8080,SILVERBEES-EQ,SILVERBEES,,-1.000000,1,,NSE,1.000000
15085,SILVERBETA-EQ,SILVERBETA,,-1.000000,1,,NSE,1.000000
760328,SILVERBND-EQ,SILVERBND,,-1.000000,1,,NSE,1.000000
30274,SILVERCASE-EQ,SILVERCASE,,-1.000000,1,,NSE,1.000000
7942,SILVERIETF-EQ,SILVERIETF,,-1.000000,1,,NSE,1.000000
9422,SILVERTUC-EQ,SILVERTUC,,-1.000000,1,,NSE,1.000000
3162,SIMPLEXINF-EQ,SIMPLEXINF,,-1.000000,1,,NSE,1.000000
764915,SIMPLXREA-EQ,SIMPLXREA,,-1.000000,1,,NSE,1.000000
23480,SINCLAIR-EQ,SINCLAIR,,-1.000000,1,,NSE,1.000000
16859,SINDHUTRAD-EQ,SINDHUTRAD,,-1.000000,1,,NSE,1.000000
761420,SINGERIND-EQ,SINGERIND,,-1.000000,1,,NSE,1.000000
381,SINTERCOM-EQ,SINTERCOM,,-1.000000,1,,NSE,1.000000
11050,SIRCA-EQ,SIRCA,,-1.000000,1,,NSE,5.000000
21501,SIS-EQ,SIS,,-1.000000,1,,NSE,5.000000
14096,SIYSIL-EQ,SIYSIL,,-1.000000,1,,NSE,5.000000
6643,SJS-EQ,SJS,,-1.000000,1,,NSE,10.000000
18883,SJVN-EQ,SJVN,,-1.000000,1,,NSE,1.000000
3186,SKFINDIA-EQ,SKFINDIA,,-1.000000,1,,NSE,10.000000
760101,SKFINDUS-EQ,SKFINDUS,,-1.000000,1,,NSE,10.000000
9428,SKIPPER-EQ,SKIPPER,,-1.000000,1,,NSE,5.000000
4732,SKMEGGPROD-EQ,SKMEGGPROD,,-1.000000,1,,NSE,1.000000
13631,SKYGOLD-EQ,SKYGOLD,,-1.000000,1,,NSE,5.000000
759814,SMALL250-EQ,SMALL250,,-1.000000,1,,NSE,1.000000
760359,SMALLADD-EQ,SMALLADD,,-1.000000,1,,NSE,1.000000
22832,SMALLCAP-EQ,SMALLCAP,,-1.000000,1,,NSE,1.000000
751745,SMALLGROWW-EQ,SMALLGROWW,,-1.000000,1,,NSE,1.000000
754612,SMALLIETF-EQ,SMALLIETF,,-1.000000,1,,NSE,1.000000
757965,SMARTWORKS-EQ,SMARTWORKS,,-1.000000,1,,NSE,5.000000
2320,SMCGLOBAL-EQ,SMCGLOBAL,,-1.000000,1,,NSE,1.000000
758955,SML100CASE-EQ,SML100CASE,,-1.000000,1,,NSE,1.000000
3387,SMLMAH-EQ,SMLMAH,,-1.000000,1,,NSE,50.000000
6843,SMLT-EQ,SMLT,,-1.000000,1,,NSE,1.000000
14329,SMSPHARMA-EQ,SMSPHARMA,,-1.000000,1,,NSE,5.000000
4843,SNOWMAN-EQ,SNOWMAN,,-1.000000,1,,NSE,1.000000
757455,SNXT30BEES-EQ,SNXT30BEES,,-1.000000,1,,NSE,1.000000
9168,SNXT50BETA-EQ,SNXT50BETA,,-1.000000,1,,NSE,1.000000
13826,SOBHA-EQ,SOBHA,,-1.000000,1,,NSE,10.000000
8266,SOFTTECH-EQ,SOFTTECH,,-1.000000,1,,NSE,5.000000
3672,SOLARA-EQ,SOLARA,,-1.000000,1,,NSE,5.000000
13332,SOLARINDS-EQ,SOLARINDS,,-1.000000,1,,NSE,100.000000
759929,SOLARWORLD-EQ,SOLARWORLD,,-1.000000,1,,NSE,1.000000
759397,SOLEX-EQ,SOLEX,,-1.000000,1,,NSE,5.000000
3880,SOMANYCERA-EQ,SOMANYCERA,,-1.000000,1,,NSE,5.000000
4201,SOMATEX-EQ,SOMATEX,,-1.000000,1,,NSE,1.000000
17794,SOMICONVEY-EQ,SOMICONVEY,,-1.000000,1,,NSE,1.000000
4684,SONACOMS-EQ,SONACOMS,,-1.000000,1,,NSE,5.000000
762919,SONAL-EQ,SONAL,,-1.000000,1,,NSE,1.000000
8806,SONAMLTD-EQ,SONAMLTD,,-1.000000,1,,NSE,1.000000
6596,SONATSOFTW-EQ,SONATSOFTW,,-1.000000,1,,NSE,5.000000
3021,SOTL-EQ,SOTL,,-1.000000,1,,NSE,5.000000
5948,SOUTHBANK-EQ,SOUTHBANK,,-1.000000,1,,NSE,1.000000
9678,SOUTHWEST-EQ,SOUTHWEST,,-1.000000,1,,NSE,1.000000
18252,SPAL-EQ,SPAL,,-1.000000,1,,NSE,5.000000
11435,SPANDANA-EQ,SPANDANA,,-1.000000,1,,NSE,5.000000
14788,SPARC-EQ,SPARC,,-1.000000,1,,NSE,1.000000
19372,SPCENET-EQ,SPCENET,,-1.000000,1,,NSE,1.000000
764920,SPELS-EQ,SPELS,,-1.000000,1,,NSE,1.000000
8163,SPENCERS-EQ,SPENCERS,,-1.000000,1,,NSE,1.000000
3252,SPIC-EQ,SPIC,,-1.000000,1,,NSE,1.000000
11935,SPLIL-EQ,SPLIL,,-1.000000,1,,NSE,1.000000
9617,SPLPETRO-EQ,SPLPETRO,,-1.000000,1,,NSE,5.000000
3321,SPMLINFRA-EQ,SPMLINFRA,,-1.000000,1,,NSE,1.000000
10733,SPORTKING-EQ,SPORTKING,,-1.000000,1,,NSE,1.000000
25737,SRD-EQ,SRD,,-1.000000,1,,NSE,1.000000
31837,SREEL-EQ,SREEL,,-1.000000,1,,NSE,1.000000
3273,SRF-EQ,SRF,,-1.000000,1,,NSE,10.000000
18119,SRGHFL-EQ,SRGHFL,,-1.000000,1,,NSE,5.000000
14582,SRHHYPOLTD-EQ,SRHHYPOLTD,,-1.000000,1,,NSE,5.000000
765165,SRIKPRIND-EQ,SRIKPRIND,,-1.000000,1,,NSE,1.000000
23402,SRM-EQ,SRM,,-1.000000,1,,NSE,5.000000
760188,SRTL-EQ,SRTL,,-1.000000,1,,NSE,1.000000
24856,SSDL-EQ,SSDL,,-1.000000,1,,NSE,1.000000
11829,SSWL-EQ,SSWL,,-1.000000,1,,NSE,5.000000
24226,STANLEY-EQ,STANLEY,,-1.000000,1,,NSE,1.000000
7374,STAR-EQ,STAR,,-1.000000,1,,NSE,10.000000
21091,STARCEMENT-EQ,STARCEMENT,,-1.000000,1,,NSE,1.000000
7083,STARHEALTH-EQ,STARHEALTH,,-1.000000,1,,NSE,5.000000
3291,STARPAPER-EQ,STARPAPER,,-1.000000,1,,NSE,1.000000
9305,STARTECK-EQ,STARTECK,,-1.000000,1,,NSE,5.000000
10948,STCINDIA-EQ,STCINDIA,,-1.000000,1,,NSE,1.000000
6803,STEELCAS-EQ,STEELCAS,,-1.000000,1,,NSE,5.000000
10406,STEELCITY-EQ,STEELCITY,,-1.000000,1,,NSE,1.000000
21339,STEELXIND-EQ,STEELXIND,,-1.000000,1,,NSE,1.000000
21484,STEL-EQ,STEL,,-1.000000,1,,NSE,5.000000
758958,STLNETWORK-EQ,STLNETWORK,,-1.000000,1,,NSE,1.000000
765170,STLSTRINF-EQ,STLSTRINF,,-1.000000,1,,NSE,1.000000
2107,STOVEKRAFT-EQ,STOVEKRAFT,,-1.000000,1,,NSE,5.000000
759587,STUDDS-EQ,STUDDS,,-1.000000,1,,NSE,5.000000
759934,STYL-EQ,STYL,,-1.000000,1,,NSE,5.000000
5186,STYLAMIND-EQ,STYLAMIND,,-1.000000,1,,NSE,10.000000
25114,STYLEBAAZA-EQ,STYLEBAAZA,,-1.000000,1,,NSE,5.000000
19,STYRENIX-EQ,STYRENIX,,-1.000000,1,,NSE,10.000000
967,SUBEXLTD-EQ,SUBEXLTD,,-1.000000,1,,NSE,1.000000
3324,SUBROS-EQ,SUBROS,,-1.000000,1,,NSE,5.000000
715,SUDARCOLOR-EQ,SUDARCOLOR,,-1.000000,1,,NSE,5.000000
3327,SUDARSCHEM-EQ,SUDARSCHEM,,-1.000000,1,,NSE,10.000000
760039,SUDEEPPHRM-EQ,SUDEEPPHRM,,-1.000000,1,,NSE,5.000000
11804,SUKHJITS-EQ,SUKHJITS,,-1.000000,1,,NSE,1.000000
13218,SULA-EQ,SULA,,-1.000000,1,,NSE,1.000000
765175,SUMEDHA-EQ,SUMEDHA,,-1.000000,1,,NSE,1.000000
20790,SUMEETINDS-EQ,SUMEETINDS,,-1.000000,1,,NSE,1.000000
17105,SUMICHEM-EQ,SUMICHEM,,-1.000000,1,,NSE,5.000000
11140,SUMIT-EQ,SUMIT,,-1.000000,1,,NSE,1.000000
21275,SUMMITSEC-EQ,SUMMITSEC,,-1.000000,1,,NSE,10.000000
20956,SUNCLAY-EQ,SUNCLAY,,-1.000000,1,,NSE,10.000000
18931,SUNDARAM-EQ,SUNDARAM,,-1.000000,1,,NSE,1.000000
3339,SUNDARMFIN-EQ,SUNDARMFIN,,-1.000000,1,,NSE,10.000000
3345,SUNDRMFAST-EQ,SUNDRMFAST,,-1.000000,1,,NSE,5.000000
1663,SUNDROP-EQ,SUNDROP,,-1.000000,1,,NSE,5.000000
3348,SUNFLAG-EQ,SUNFLAG,,-1.000000,1,,NSE,5.000000
765180,SUNLOC-EQ,SUNLOC,,-1.000000,1,,NSE,1.000000
3351,SUNPHARMA-EQ,SUNPHARMA,,-1.000000,1,,NSE,10.000000
764925,SUNRAKSHAK-EQ,SUNRAKSHAK,,-1.000000,1,,NSE,5.000000
764930,SUNSHIEL-EQ,SUNSHIEL,,-1.000000,1,,NSE,10.000000
17641,SUNTECK-EQ,SUNTECK,,-1.000000,1,,NSE,5.000000
13404,SUNTV-EQ,SUNTV,,-1.000000,1,,NSE,5.000000
20616,SUPERHOUSE-EQ,SUPERHOUSE,,-1.000000,1,,NSE,1.000000
11689,SUPRAJIT-EQ,SUPRAJIT,,-1.000000,1,,NSE,5.000000
29439,SUPREME-EQ,SUPREME,,-1.000000,1,,NSE,1.000000
3363,SUPREMEIND-EQ,SUPREMEIND,,-1.000000,1,,NSE,10.000000
15002,SUPREMEINF-EQ,SUPREMEINF,,-1.000000,1,,NSE,1.000000
7390,SUPRIYA-EQ,SUPRIYA,,-1.000000,1,,NSE,5.000000
764935,SUPTANERY-EQ,SUPTANERY,,-1.000000,1,,NSE,1.000000
20822,SURAJEST-EQ,SURAJEST,,-1.000000,1,,NSE,1.000000
24966,SURAJLTD-EQ,SURAJLTD,,-1.000000,1,,NSE,1.000000
27334,SURAKSHA-EQ,SURAKSHA,,-1.000000,1,,NSE,5.000000
21077,SURANASOL-EQ,SURANASOL,,-1.000000,1,,NSE,1.000000
10700,SURANAT&P-EQ,SURANAT&P,,-1.000000,1,,NSE,1.000000
762924,SURYALA-EQ,SURYALA,,-1.000000,1,,NSE,5.000000
11852,SURYALAXMI-EQ,SURYALAXMI,,-1.000000,1,,NSE,1.000000
3375,SURYAROSNI-EQ,SURYAROSNI,,-1.000000,1,,NSE,1.000000
2970,SURYODAY-EQ,SURYODAY,,-1.000000,1,,NSE,1.000000
11233,SUVEN-EQ,SUVEN,,-1.000000,1,,NSE,5.000000
2998,SUVIDHAA-EQ,SUVIDHAA,,-1.000000,1,,NSE,1.000000
24851,SUYOG-EQ,SUYOG,,-1.000000,1,,NSE,5.000000
12018,SUZLON-EQ,SUZLON,,-1.000000,1,,NSE,1.000000
764940,SVGLOBAL-EQ,SVGLOBAL,,-1.000000,1,,NSE,1.000000
5020,SVPGLOB-EQ,SVPGLOB,,-1.000000,1,,NSE,1.000000
27095,SWANCORP-EQ,SWANCORP,,-1.000000,1,,NSE,5.000000
764494,SWARAJ-EQ,SWARAJ,,-1.000000,1,,NSE,5.000000
3384,SWARAJENG-EQ,SWARAJENG,,-1.000000,1,,NSE,10.000000
765185,SWARNSAR-EQ,SWARNSAR,,-1.000000,1,,NSE,1.000000
11909,SWELECTES-EQ,SWELECTES,,-1.000000,1,,NSE,5.000000
27066,SWIGGY-EQ,SWIGGY,,-1.000000,1,,NSE,5.000000
765190,SWISSMLTRY-EQ,SWISSMLTRY,,-1.000000,1,,NSE,1.000000
12489,SWSOLAR-EQ,SWSOLAR,,-1.000000,1,,NSE,1.000000
24190,SYMPHONY-EQ,SYMPHONY,,-1.000000,1,,NSE,5.000000
11992,SYNCOMF-EQ,SYNCOMF,,-1.000000,1,,NSE,1.000000
10243,SYNGENE-EQ,SYNGENE,,-1.000000,1,,NSE,5.000000
10793,SYRMA-EQ,SYRMA,,-1.000000,1,,NSE,10.000000
762929,TAALTECH-EQ,TAALTECH,,-1.000000,1,,NSE,10.000000
3396,TAINWALCHM-EQ,TAINWALCHM,,-1.000000,1,,NSE,1.000000
9354,TAJGVK-EQ,TAJGVK,,-1.000000,1,,NSE,5.000000
14917,TAKE-EQ,TAKE,,-1.000000,1,,NSE,1.000000
13648,TALBROAUTO-EQ,TALBROAUTO,,-1.000000,1,,NSE,5.000000
764945,TANAA-EQ,TANAA,,-1.000000,1,,NSE,5.000000
13976,TANLA-EQ,TANLA,,-1.000000,1,,NSE,5.000000
23512,TARACHAND-EQ,TARACHAND,,-1.000000,1,,NSE,1.000000
18827,TARAPUR-EQ,TARAPUR,,-1.000000,1,,NSE,1.000000
1581,TARC-EQ,TARC,,-1.000000,1,,NSE,1.000000
15174,TARIL-EQ,TARIL,,-1.000000,1,,NSE,5.000000
14771,TARMAT-EQ,TARMAT,,-1.000000,1,,NSE,1.000000
6943,TARSONS-EQ,TARSONS,,-1.000000,1,,NSE,5.000000
20092,TASTYBITE-EQ,TASTYBITE,,-1.000000,1,,NSE,50.000000
759265,TATACAP-EQ,TATACAP,,-1.000000,1,,NSE,5.000000
3405,TATACHEM-EQ,TATACHEM,,-1.000000,1,,NSE,5.000000
3721,TATACOMM-EQ,TATACOMM,,-1.000000,1,,NSE,10.000000
3432,TATACONSUM-EQ,TATACONSUM,,-1.000000,1,,NSE,10.000000
3411,TATAELXSI-EQ,TATAELXSI,,-1.000000,1,,NSE,10.000000
21401,TATAGOLD-EQ,TATAGOLD,,-1.000000,1,,NSE,1.000000
1621,TATAINVEST-EQ,TATAINVEST,,-1.000000,1,,NSE,5.000000
3426,TATAPOWER-EQ,TATAPOWER,,-1.000000,1,,NSE,5.000000
3499,TATASTEEL-EQ,TATASTEEL,,-1.000000,1,,NSE,1.000000
20293,TATATECH-EQ,TATATECH,,-1.000000,1,,NSE,5.000000
21428,TATSILV-EQ,TATSILV,,-1.000000,1,,NSE,1.000000
5162,TATVA-EQ,TATVA,,-1.000000,1,,NSE,10.000000
23740,TBOTEK-EQ,TBOTEK,,-1.000000,1,,NSE,10.000000
27037,TBZ-EQ,TBZ,,-1.000000,1,,NSE,5.000000
761814,TCC-EQ,TCC,,-1.000000,1,,NSE,5.000000
10580,TCI-EQ,TCI,,-1.000000,1,,NSE,5.000000
19223,TCIEXP-EQ,TCIEXP,,-1.000000,1,,NSE,5.000000
184,TCPLPACK-EQ,TCPLPACK,,-1.000000,1,,NSE,10.000000
11536,TCS-EQ,TCS,,-1.000000,1,,NSE,10.000000
25178,TDPOWERSYS-EQ,TDPOWERSYS,,-1.000000,1,,NSE,10.000000
10717,TEAMGTY-EQ,TEAMGTY,,-1.000000,1,,NSE,1.000000
12716,TEAMLEASE-EQ,TEAMLEASE,,-1.000000,1,,NSE,10.000000
6462,TECH-EQ,TECH,,-1.000000,1,,NSE,1.000000
13538,TECHM-EQ,TECHM,,-1.000000,1,,NSE,10.000000
764532,TECHNOCRAF-EQ,TECHNOCRAF,,-1.000000,1,,NSE,1.000000
6445,TECHNOE-EQ,TECHNOE,,-1.000000,1,,NSE,5.000000
762939,TECHNVISN-EQ,TECHNVISN,,-1.000000,1,,NSE,10.000000
3453,TECILCHEM-EQ,TECILCHEM,,-1.000000,1,,NSE,1.000000
7105,TEGA-EQ,TEGA,,-1.000000,1,,NSE,10.000000
21131,TEJASNET-EQ,TEJASNET,,-1.000000,1,,NSE,5.000000
3275,TEMBO-EQ,TEMBO,,-1.000000,1,,NSE,5.000000
759880,TENNIND-EQ,TENNIND,,-1.000000,1,,NSE,5.000000
764950,TERAI-EQ,TERAI,,-1.000000,1,,NSE,1.000000
19292,TERASOFT-EQ,TERASOFT,,-1.000000,1,,NSE,5.000000
11549,TEXINFRA-EQ,TEXINFRA,,-1.000000,1,,NSE,1.000000
18214,TEXMOPIPES-EQ,TEXMOPIPES,,-1.000000,1,,NSE,1.000000
21828,TEXRAIL-EQ,TEXRAIL,,-1.000000,1,,NSE,1.000000
3466,TFCILTD-EQ,TFCILTD,,-1.000000,1,,NSE,1.000000
14319,TFL-EQ,TFL,,-1.000000,1,,NSE,1.000000
14607,TGBHOTELS-EQ,TGBHOTELS,,-1.000000,1,,NSE,1.000000
764955,TGVSL-EQ,TGVSL,,-1.000000,1,,NSE,1.000000
762949,THAKDEV-EQ,THAKDEV,,-1.000000,1,,NSE,1.000000
18118,THANGAMAYL-EQ,THANGAMAYL,,-1.000000,1,,NSE,50.000000
21427,THEINVEST-EQ,THEINVEST,,-1.000000,1,,NSE,1.000000
19279,THEJO-EQ,THEJO,,-1.000000,1,,NSE,10.000000
757014,THELEELA-EQ,THELEELA,,-1.000000,1,,NSE,5.000000
14485,THEMISMED-EQ,THEMISMED,,-1.000000,1,,NSE,1.000000
3475,THERMAX-EQ,THERMAX,,-1.000000,1,,NSE,10.000000
3481,THOMASCOOK-EQ,THOMASCOOK,,-1.000000,1,,NSE,1.000000
31017,THOMASCOTT-EQ,THOMASCOTT,,-1.000000,1,,NSE,5.000000
17032,THYROCARE-EQ,THYROCARE,,-1.000000,1,,NSE,5.000000
19196,TI-EQ,TI,,-1.000000,1,,NSE,5.000000
759176,TIGERLOGS-EQ,TIGERLOGS,,-1.000000,1,,NSE,1.000000
14223,TIIL-EQ,TIIL,,-1.000000,1,,NSE,10.000000
312,TIINDIA-EQ,TIINDIA,,-1.000000,1,,NSE,10.000000
25482,TIJARIA-EQ,TIJARIA,,-1.000000,1,,NSE,1.000000
14707,TIMETECHNO-EQ,TIMETECHNO,,-1.000000,1,,NSE,1.000000
762954,TIMEX-EQ,TIMEX,,-1.000000,1,,NSE,5.000000
14198,TIMKEN-EQ,TIMKEN,,-1.000000,1,,NSE,10.000000
756020,TINNARUBR-EQ,TINNARUBR,,-1.000000,1,,NSE,10.000000
11374,TIPSFILMS-EQ,TIPSFILMS,,-1.000000,1,,NSE,5.000000
9117,TIPSMUSIC-EQ,TIPSMUSIC,,-1.000000,1,,NSE,5.000000
3496,TIRUMALCHM-EQ,TIRUMALCHM,,-1.000000,1,,NSE,1.000000
15414,TITAGARH-EQ,TITAGARH,,-1.000000,1,,NSE,5.000000
3506,TITAN-EQ,TITAN,,-1.000000,1,,NSE,10.000000
10945,TMB-EQ,TMB,,-1.000000,1,,NSE,5.000000
759782,TMCV-EQ,TMCV,,-1.000000,1,,NSE,5.000000
3456,TMPV-EQ,TMPV,,-1.000000,1,,NSE,5.000000
8882,TNIDETF-EQ,TNIDETF,,-1.000000,1,,NSE,1.000000
3509,TNPETRO-EQ,TNPETRO,,-1.000000,1,,NSE,1.000000
3980,TNPL-EQ,TNPL,,-1.000000,1,,NSE,1.000000
3512,TNTELE-EQ,TNTELE,,-1.000000,1,,NSE,1.000000
3837,TOKYOPLAST-EQ,TOKYOPLAST,,-1.000000,1,,NSE,1.000000
25262,TOLINS-EQ,TOLINS,,-1.000000,1,,NSE,1.000000
24081,TOP100CASE-EQ,TOP100CASE,,-1.000000,1,,NSE,1.000000
25171,TOP10ADD-EQ,TOP10ADD,,-1.000000,1,,NSE,1.000000
757781,TOP15IETF-EQ,TOP15IETF,,-1.000000,1,,NSE,1.000000
760415,TOP20-EQ,TOP20,,-1.000000,1,,NSE,1.000000
3518,TORNTPHARM-EQ,TORNTPHARM,,-1.000000,1,,NSE,50.000000
13786,TORNTPOWER-EQ,TORNTPOWER,,-1.000000,1,,NSE,10.000000
22423,TOTAL-EQ,TOTAL,,-1.000000,1,,NSE,1.000000
16908,TOUCHWOOD-EQ,TOUCHWOOD,,-1.000000,1,,NSE,1.000000
765195,TOYAMSL-EQ,TOYAMSL,,-1.000000,1,,NSE,1.000000
16996,TPHQ-EQ,TPHQ,,-1.000000,1,,NSE,1.000000
9219,TPLPLASTEH-EQ,TPLPLASTEH,,-1.000000,1,,NSE,1.000000
11582,TRACXN-EQ,TRACXN,,-1.000000,1,,NSE,1.000000
765200,TRANSCOR-EQ,TRANSCOR,,-1.000000,1,,NSE,1.000000
28714,TRANSRAILL-EQ,TRANSRAILL,,-1.000000,1,,NSE,5.000000
757545,TRAVELFOOD-EQ,TRAVELFOOD,,-1.000000,1,,NSE,10.000000
25082,TREEHOUSE-EQ,TREEHOUSE,,-1.000000,1,,NSE,1.000000
7518,TREJHARA-EQ,TREJHARA,,-1.000000,1,,NSE,1.000000
17795,TREL-EQ,TREL,,-1.000000,1,,NSE,1.000000
1964,TRENT-EQ,TRENT,,-1.000000,1,,NSE,10.000000
17987,TRF-EQ,TRF,,-1.000000,1,,NSE,1.000000
9685,TRIDENT-EQ,TRIDENT,,-1.000000,1,,NSE,1.000000
5428,TRIGYN-EQ,TRIGYN,,-1.000000,1,,NSE,1.000000
764960,TRITONV-EQ,TRITONV,,-1.000000,1,,NSE,10.000000
25584,TRITURBINE-EQ,TRITURBINE,,-1.000000,1,,NSE,5.000000
13081,TRIVENI-EQ,TRIVENI,,-1.000000,1,,NSE,1.000000
9378,TRU-EQ,TRU,,-1.000000,1,,NSE,1.000000
759210,TRUALT-EQ,TRUALT,,-1.000000,1,,NSE,5.000000
2183,TSFINV-EQ,TSFINV,,-1.000000,1,,NSE,5.000000
11369,TTKHLTCARE-EQ,TTKHLTCARE,,-1.000000,1,,NSE,10.000000
3546,TTKPRESTIG-EQ,TTKPRESTIG,,-1.000000,1,,NSE,5.000000
14314,TTL-EQ,TTL,,-1.000000,1,,NSE,1.000000
8954,TTML-EQ,TTML,,-1.000000,1,,NSE,1.000000
756090,TURTLEMINT-EQ,TURTLEMINT,,-1.000000,1,,NSE,1.000000
765205,TUTIALKA-EQ,TUTIALKA,,-1.000000,1,,NSE,1.000000
11265,TVSELECT-EQ,TVSELECT,,-1.000000,1,,NSE,5.000000
29008,TVSHLTD-EQ,TVSHLTD,,-1.000000,1,,NSE,100.000000
8479,TVSMOTOR-EQ,TVSMOTOR,,-1.000000,1,,NSE,10.000000
18151,TVSSCS-EQ,TVSSCS,,-1.000000,1,,NSE,1.000000
14245,TVSSRICHAK-EQ,TVSSRICHAK,,-1.000000,1,,NSE,10.000000
11275,TVTODAY-EQ,TVTODAY,,-1.000000,1,,NSE,1.000000
760482,TWCGOLDETF-EQ,TWCGOLDETF,,-1.000000,1,,NSE,1.000000
16713,UBL-EQ,UBL,,-1.000000,1,,NSE,10.000000
3570,UCAL-EQ,UCAL,,-1.000000,1,,NSE,1.000000
11223,UCOBANK-EQ,UCOBANK,,-1.000000,1,,NSE,1.000000
764965,UDAYJEW-EQ,UDAYJEW,,-1.000000,1,,NSE,1.000000
19113,UDS-EQ,UDS,,-1.000000,1,,NSE,1.000000
23507,UEL-EQ,UEL,,-1.000000,1,,NSE,1.000000
1053,UFLEX-EQ,UFLEX,,-1.000000,1,,NSE,5.000000
9039,UFO-EQ,UFO,,-1.000000,1,,NSE,1.000000
19578,UGARSUGAR-EQ,UGARSUGAR,,-1.000000,1,,NSE,1.000000
5313,UGROCAP-EQ,UGROCAP,,-1.000000,1,,NSE,1.000000
15228,UJJIVANSFB-EQ,UJJIVANSFB,,-1.000000,1,,NSE,1.000000
11532,ULTRACEMCO-EQ,ULTRACEMCO,,-1.000000,1,,NSE,100.000000
762961,ULTRAMAR-EQ,ULTRAMAR,,-1.000000,1,,NSE,5.000000
19142,UMESLTD-EQ,UMESLTD,,-1.000000,1,,NSE,1.000000
8998,UMIYA-MRO-EQ,UMIYA-MRO,,-1.000000,1,,NSE,1.000000
3579,UNICHEMLAB-EQ,UNICHEMLAB,,-1.000000,1,,NSE,5.000000
24809,UNIECOM-EQ,UNIECOM,,-1.000000,1,,NSE,1.000000
11293,UNIENTER-EQ,UNIENTER,,-1.000000,1,,NSE,1.000000
7791,UNIINFO-EQ,UNIINFO,,-1.000000,1,,NSE,1.000000
28960,UNIMECH-EQ,UNIMECH,,-1.000000,1,,NSE,10.000000
10753,UNIONBANK-EQ,UNIONBANK,,-1.000000,1,,NSE,1.000000
29687,UNIONGOLD-EQ,UNIONGOLD,,-1.000000,1,,NSE,5.000000
13057,UNIPARTS-EQ,UNIPARTS,,-1.000000,1,,NSE,5.000000
10447,UNITDSPR-EQ,UNITDSPR,,-1.000000,1,,NSE,10.000000
3594,UNITECH-EQ,UNITECH,,-1.000000,1,,NSE,1.000000
17999,UNITEDTEA-EQ,UNITEDTEA,,-1.000000,1,,NSE,5.000000
3607,UNIVCABLES-EQ,UNIVCABLES,,-1.000000,1,,NSE,10.000000
14154,UNOMINDA-EQ,UNOMINDA,,-1.000000,1,,NSE,10.000000
764970,UPHOT-EQ,UPHOT,,-1.000000,1,,NSE,10.000000
11287,UPL-EQ,UPL,,-1.000000,1,,NSE,5.000000
759084,URBANCO-EQ,URBANCO,,-1.000000,1,,NSE,1.000000
20203,URJA-EQ,URJA,,-1.000000,1,,NSE,1.000000
8840,USHAMART-EQ,USHAMART,,-1.000000,1,,NSE,5.000000
14871,USK-EQ,USK,,-1.000000,1,,NSE,1.000000
527,UTIAMC-EQ,UTIAMC,,-1.000000,1,,NSE,5.000000
17358,UTKARSHBNK-EQ,UTKARSHBNK,,-1.000000,1,,NSE,1.000000
759876,UTLSOLAR-EQ,UTLSOLAR,,-1.000000,1,,NSE,5.000000
13376,UTTAMSUGAR-EQ,UTTAMSUGAR,,-1.000000,1,,NSE,1.000000
12863,V1NSETEST-EQ,V1NSETEST,,-1.000000,1,,NSE,5.000000
14766,V2RETAIL-EQ,V2RETAIL,,-1.000000,1,,NSE,1.000000
24196,VADILALIND-EQ,VADILALIND,,-1.000000,1,,NSE,50.000000
764975,VADILENT-EQ,VADILENT,,-1.000000,1,,NSE,100.000000
11364,VAIBHAVGBL-EQ,VAIBHAVGBL,,-1.000000,1,,NSE,5.000000
16589,VAISHALI-EQ,VAISHALI,,-1.000000,1,,NSE,1.000000
13342,VAKRANGEE-EQ,VAKRANGEE,,-1.000000,1,,NSE,1.000000
25851,VAL30IETF-EQ,VAL30IETF,,-1.000000,1,,NSE,1.000000
19218,VALIANTLAB-EQ,VALIANTLAB,,-1.000000,1,,NSE,1.000000
761511,VALUE-EQ,VALUE,,-1.000000,1,,NSE,1.000000
30155,VALUEAXIS-EQ,VALUEAXIS,,-1.000000,1,,NSE,1.000000
750174,VAML-EQ,VAML,,-1.000000,1,,NSE,5.000000
3646,VARDMNPOLY-EQ,VARDMNPOLY,,-1.000000,1,,NSE,1.000000
3857,VARROC-EQ,VARROC,,-1.000000,1,,NSE,5.000000
18110,VASCONEQ-EQ,VASCONEQ,,-1.000000,1,,NSE,1.000000
765210,VASUPRADA-EQ,VASUPRADA,,-1.000000,1,,NSE,1.000000
25340,VASWANI-EQ,VASWANI,,-1.000000,1,,NSE,1.000000
18921,VBL-EQ,VBL,,-1.000000,1,,NSE,5.000000
9020,VCL-EQ,VCL,,-1.000000,1,,NSE,1.000000
764980,VEDAVAAG-EQ,VEDAVAAG,,-1.000000,1,,NSE,1.000000
3063,VEDL-EQ,VEDL,,-1.000000,1,,NSE,5.000000
750518,VEDPOWER-EQ,VEDPOWER,,-1.000000,1,,NSE,1.000000
14019,VEEDOL-EQ,VEEDOL,,-1.000000,1,,NSE,10.000000
3757,VENKEYS-EQ,VENKEYS,,-1.000000,1,,NSE,10.000000
28847,VENTIVE-EQ,VENTIVE,,-1.000000,1,,NSE,5.000000
9592,VENUSPIPES-EQ,VENUSPIPES,,-1.000000,1,,NSE,10.000000
8890,VERANDA-EQ,VERANDA,,-1.000000,1,,NSE,5.000000
3676,VESUVIUS-EQ,VESUVIUS,,-1.000000,1,,NSE,5.000000
765252,VGCL-EQ,VGCL,,-1.000000,1,,NSE,1.000000
13771,VGL-EQ,VGL,,-1.000000,1,,NSE,1.000000
15362,VGUARD-EQ,VGUARD,,-1.000000,1,,NSE,5.000000
11892,VHL-EQ,VHL,,-1.000000,1,,NSE,10.000000
13536,VIDHIING-EQ,VIDHIING,,-1.000000,1,,NSE,5.000000
760224,VIDYAWIRES-EQ,VIDYAWIRES,,-1.000000,1,,NSE,1.000000
5585,VIJAYA-EQ,VIJAYA,,-1.000000,1,,NSE,10.000000
764985,VIJSOLX-EQ,VIJSOLX,,-1.000000,1,,NSE,5.000000
25756,VIKASECO-EQ,VIKASECO,,-1.000000,1,,NSE,1.000000
9931,VIKASLIFE-EQ,VIKASLIFE,,-1.000000,1,,NSE,1.000000
759453,VIKRAMSOLR-EQ,VIKRAMSOLR,,-1.000000,1,,NSE,1.000000
758973,VIKRAN-EQ,VIKRAN,,-1.000000,1,,NSE,1.000000
13101,VIMTALABS-EQ,VIMTALABS,,-1.000000,1,,NSE,5.000000
17364,VINATIORGA-EQ,VINATIORGA,,-1.000000,1,,NSE,10.000000
25835,VINCOFE-EQ,VINCOFE,,-1.000000,1,,NSE,1.000000
3694,VINDHYATEL-EQ,VINDHYATEL,,-1.000000,1,,NSE,10.000000
3807,VINEETLAB-EQ,VINEETLAB,,-1.000000,1,,NSE,1.000000
12490,VINNY-EQ,VINNY,,-1.000000,1,,NSE,1.000000
16821,VINYLINDIA-EQ,VINYLINDIA,,-1.000000,1,,NSE,1.000000
14843,VIPCLOTHNG-EQ,VIPCLOTHNG,,-1.000000,1,,NSE,1.000000
3703,VIPIND-EQ,VIPIND,,-1.000000,1,,NSE,5.000000
764990,VIRAT-EQ,VIRAT,,-1.000000,1,,NSE,5.000000
15295,VIRINCHI-EQ,VIRINCHI,,-1.000000,1,,NSE,1.000000
765215,VIRTUALG-EQ,VIRTUALG,,-1.000000,1,,NSE,1.000000
13295,VISACHROME-EQ,VISACHROME,,-1.000000,1,,NSE,1.000000
4221,VISAKAIND-EQ,VISAKAIND,,-1.000000,1,,NSE,1.000000
11773,VISHAL-EQ,VISHAL,,-1.000000,1,,NSE,1.000000
6908,VISHNU-EQ,VISHNU,,-1.000000,1,,NSE,5.000000
13702,VISHWARAJ-EQ,VISHWARAJ,,-1.000000,1,,NSE,1.000000
750290,VISL-EQ,VISL,,-1.000000,1,,NSE,1.000000
29877,VIVIDHA-EQ,VIVIDHA,,-1.000000,1,,NSE,1.000000
764995,VIVOBIOT-EQ,VIVOBIOT,,-1.000000,1,,NSE,1.000000
14296,VIYASH-EQ,VIYASH,,-1.000000,1,,NSE,5.000000
3715,VLSFINANCE-EQ,VLSFINANCE,,-1.000000,1,,NSE,5.000000
29284,VMART-EQ,VMART,,-1.000000,1,,NSE,5.000000
27969,VMM-EQ,VMM,,-1.000000,1,,NSE,1.000000
759152,VMSTMT-EQ,VMSTMT,,-1.000000,1,,NSE,1.000000
761916,VOEPL-EQ,VOEPL,,-1.000000,1,,NSE,5.000000
750368,VOGL-EQ,VOGL,,-1.000000,1,,NSE,1.000000
765000,VOITHPAPR-EQ,VOITHPAPR,,-1.000000,1,,NSE,10.000000
13577,VOLTAMP-EQ,VOLTAMP,,-1.000000,1,,NSE,50.000000
3718,VOLTAS-EQ,VOLTAS,,-1.000000,1,,NSE,10.000000
18341,VPRPL-EQ,VPRPL,,-1.000000,1,,NSE,1.000000
24321,VRAJ-EQ,VRAJ,,-1.000000,1,,NSE,1.000000
8696,VRLLOG-EQ,VRLLOG,,-1.000000,1,,NSE,5.000000
27067,VSSL-EQ,VSSL,,-1.000000,1,,NSE,5.000000
3724,VSTIND-EQ,VSTIND,,-1.000000,1,,NSE,1.000000
22730,VSTL-EQ,VSTL,,-1.000000,1,,NSE,1.000000
24292,VSTTILLERS-EQ,VSTTILLERS,,-1.000000,1,,NSE,10.000000
2073,VTL-EQ,VTL,,-1.000000,1,,NSE,5.000000
765220,VTMLTD-EQ,VTMLTD,,-1.000000,1,,NSE,1.000000
25907,WAAREEENER-EQ,WAAREEENER,,-1.000000,1,,NSE,10.000000
19955,WAAREEINDO-EQ,WAAREEINDO,,-1.000000,1,,NSE,5.000000
756038,WAAREERTL-EQ,WAAREERTL,,-1.000000,1,,NSE,5.000000
20188,WABAG-EQ,WABAG,,-1.000000,1,,NSE,10.000000
760259,WAKEFIT-EQ,WAKEFIT,,-1.000000,1,,NSE,1.000000
3736,WALCHANNAG-EQ,WALCHANNAG,,-1.000000,1,,NSE,1.000000
14063,WANBURY-EQ,WANBURY,,-1.000000,1,,NSE,5.000000
765225,WARDINMOBI-EQ,WARDINMOBI,,-1.000000,1,,NSE,1.000000
3745,WATERBASE-EQ,WATERBASE,,-1.000000,1,,NSE,1.000000
25403,WCIL-EQ,WCIL,,-1.000000,1,,NSE,1.000000
1923,WEALTH-EQ,WEALTH,,-1.000000,1,,NSE,5.000000
14602,WEBELSOLAR-EQ,WEBELSOLAR,,-1.000000,1,,NSE,1.000000
3748,WEIZMANIND-EQ,WEIZMANIND,,-1.000000,1,,NSE,1.000000
7835,WEL-EQ,WEL,,-1.000000,1,,NSE,1.000000
11821,WELCORP-EQ,WELCORP,,-1.000000,1,,NSE,10.000000
11626,WELENT-EQ,WELENT,,-1.000000,1,,NSE,5.000000
762971,WELSPLSOL-EQ,WELSPLSOL,,-1.000000,1,,NSE,1.000000
11253,WELSPUNLIV-EQ,WELSPUNLIV,,-1.000000,1,,NSE,1.000000
4235,WENDT-EQ,WENDT,,-1.000000,1,,NSE,50.000000
11580,WESTLIFE-EQ,WESTLIFE,,-1.000000,1,,NSE,5.000000
9862,WEWIN-EQ,WEWIN,,-1.000000,1,,NSE,1.000000
759434,WEWORK-EQ,WEWORK,,-1.000000,1,,NSE,5.000000
765005,WHBRADY-EQ,WHBRADY,,-1.000000,1,,NSE,5.000000
3766,WHEELS-EQ,WHEELS,,-1.000000,1,,NSE,10.000000
18011,WHIRLPOOL-EQ,WHIRLPOOL,,-1.000000,1,,NSE,5.000000
3772,WILLAMAGOR-EQ,WILLAMAGOR,,-1.000000,1,,NSE,1.000000
5366,WINDLAS-EQ,WINDLAS,,-1.000000,1,,NSE,5.000000
24969,WINDMACHIN-EQ,WINDMACHIN,,-1.000000,1,,NSE,5.000000
20481,WIPL-EQ,WIPL,,-1.000000,1,,NSE,1.000000
3787,WIPRO-EQ,WIPRO,,-1.000000,1,,NSE,1.000000
7506,WOCKPHARMA-EQ,WOCKPHARMA,,-1.000000,1,,NSE,10.000000
3002,WONDERLA-EQ,WONDERLA,,-1.000000,1,,NSE,5.000000
22277,WORTHPERI-EQ,WORTHPERI,,-1.000000,1,,NSE,1.000000
762978,WPIL-EQ,WPIL,,-1.000000,1,,NSE,5.000000
14828,WSI-EQ,WSI,,-1.000000,1,,NSE,1.000000
3799,WSTCSTPAPR-EQ,WSTCSTPAPR,,-1.000000,1,,NSE,5.000000
11705,XCHANGING-EQ,XCHANGING,,-1.000000,1,,NSE,1.000000
8477,XELPMOC-EQ,XELPMOC,,-1.000000,1,,NSE,1.000000
11407,XPROINDIA-EQ,XPROINDIA,,-1.000000,1,,NSE,10.000000
25235,XTGLOBAL-EQ,XTGLOBAL,,-1.000000,1,,NSE,1.000000
764312,XTRANET-EQ,XTRANET,,-1.000000,1,,NSE,1.000000
18131,YASHO-EQ,YASHO,,-1.000000,1,,NSE,10.000000
17738,YATHARTH-EQ,YATHARTH,,-1.000000,1,,NSE,5.000000
18760,YATRA-EQ,YATRA,,-1.000000,1,,NSE,1.000000
11915,YESBANK-EQ,YESBANK,,-1.000000,1,,NSE,1.000000
765010,YOGI-EQ,YOGI,,-1.000000,1,,NSE,1.000000
5501,YUKEN-EQ,YUKEN,,-1.000000,1,,NSE,5.000000
18608,ZAGGLE-EQ,ZAGGLE,,-1.000000,1,,NSE,1.000000
3812,ZEEL-EQ,ZEEL,,-1.000000,1,,NSE,1.000000
14003,ZEEMEDIA-EQ,ZEEMEDIA,,-1.000000,1,,NSE,1.000000
4176,ZENITHEXPO-EQ,ZENITHEXPO,,-1.000000,1,,NSE,1.000000
14562,ZENITHSTL-EQ,ZENITHSTL,,-1.000000,1,,NSE,1.000000
1076,ZENSARTECH-EQ,ZENSARTECH,,-1.000000,1,,NSE,5.000000
7508,ZENTEC-EQ,ZENTEC,,-1.000000,1,,NSE,10.000000
16915,ZFCVINDIA-EQ,ZFCVINDIA,,-1.000000,1,,NSE,10.000000
4229,ZFSTEERING-EQ,ZFSTEERING,,-1.000000,1,,NSE,5.000000
12384,ZIMLAB-EQ,ZIMLAB,,-1.000000,1,,NSE,1.000000
7129,ZODIAC-EQ,ZODIAC,,-1.000000,1,,NSE,5.000000
3821,ZODIACLOTH-EQ,ZODIACLOTH,,-1.000000,1,,NSE,1.000000
11394,ZOTA-EQ,ZOTA,,-1.000000,1,,NSE,10.000000
762985,ZSARACOM-EQ,ZSARACOM,,-1.000000,1,,NSE,100.000000
29050,ZUARI-EQ,ZUARI,,-1.000000,1,,NSE,1.000000
3827,ZUARIIND-EQ,ZUARIIND,,-1.000000,1,,NSE,5.000000
7929,ZYDUSLIFE-EQ,ZYDUSLIFE,,-1.000000,1,,NSE,10.000000
17635,ZYDUSWELL-EQ,ZYDUSWELL,,-1.000000,1,,NSE,5.000000
